cardshows_url,website,confidence,source,note
https://cardshows.io/shops/1-stop-card-shop-bellaire,https://1stopcardshoptx.com,high,web search,
https://cardshows.io/shops/1st-10-sports-cards-warrior,https://www.1stand10sportscards.com,high,web search,
https://cardshows.io/shops/1st-and-goal-collectibles-canton,https://1standgoalcollectibles.com,high,web search,
https://cardshows.io/shops/1st-capital-gaming-hagerstown,https://1stcapitalgaming.com,high,web search,chain
https://cardshows.io/shops/1st-capital-gaming-york,https://1stcapitalgaming.com,high,web search,chain
https://cardshows.io/shops/1st-edition-collectibles-dartmouth,https://1steditioncollectibles.com,high,web search,
https://cardshows.io/shops/1st-graded-st-cloud,https://www.1stgraded.com,high,web search,
https://cardshows.io/shops/217-comics-cards-games-springfield,https://www.217comics.com/,high,"OpenStreetMap, name and city match",
https://cardshows.io/shops/3-arrows-games-carson-city,https://www.3arrowsgames.com,high,web search,
https://cardshows.io/shops/3-kings-sports-cards-llc-canton-township,https://www.3kingssportscards.com,high,web search,chain
https://cardshows.io/shops/3-kings-sports-cards-llc-detroit,https://www.3kingssportscards.com,high,web search,chain
https://cardshows.io/shops/314-sports-cards-collectibles-olivette,https://www.314sportscards.com,high,web search,
https://cardshows.io/shops/360-fantasy-football-draft-boards-winooski,https://fantasyfootballdraftboard.net,high,web search,"draft board maker, not a card shop"
https://cardshows.io/shops/3d-sports-cards-glendale,https://3dsportscards.net,high,web search,
https://cardshows.io/shops/3rd-coast-cards-katy,https://www.3rdcoastcards.com,high,web search,
https://cardshows.io/shops/3rd-coast-collector-pasadena,https://www.3rd-coast-collector.com,high,web search,
https://cardshows.io/shops/401-poke-supply-west-warwick,https://401pokesupply.com,high,web search,
https://cardshows.io/shops/4gs-games-martinez,https://4gsgames.com,high,web search,
https://cardshows.io/shops/5-lanes-sports-cards-plymouth,https://5lanescards.square.site,high,web search,
https://cardshows.io/shops/5-star-cards-of-wisconsin-oconomowoc,https://5starcards.com,high,web search,
https://cardshows.io/shops/528-collectibles-north-grafton,https://www.528collectibles.com,high,web search,chain
https://cardshows.io/shops/5th-inning-collectibles-mobile,https://www.5thinningcards.com/,high,web search,
https://cardshows.io/shops/5th-quarter-sports-cards-and-memorabilia-evans,https://www.5thquartercards.com/,high,web search,
https://cardshows.io/shops/605-diecast-sioux-falls,https://www.605diecast.com/,high,web search,
https://cardshows.io/shops/610-collectibles-llc-robesonia,https://www.610collectibles.com/,high,web search,
https://cardshows.io/shops/619-collectables-pottsville,https://619collectables.com/,high,web search,
https://cardshows.io/shops/716-sports-cards-collectibles-west-seneca,https://www.716cardsandcollectibles.com/,high,web search,
https://cardshows.io/shops/720-trading-cards-llc-gillette,https://720tradingcards.com/,high,web search,
https://cardshows.io/shops/732collectiblez-edison,https://732collectiblez.com/,high,web search,
https://cardshows.io/shops/740-hobby-marietta,https://www.740hobby.com/,high,web search,
https://cardshows.io/shops/757-cards-cabinets-newport-news,https://757cards.gigabeans.com/,high,web search,shop's own hosted page
https://cardshows.io/shops/757-sports-collectibles-virginia-beach,https://www.757sc.com/,high,"OpenStreetMap, name and city match",
https://cardshows.io/shops/7shadows-market-montgomery,https://7shadows.com/,high,web search,
https://cardshows.io/shops/7th-dimension-games-jenkintown,https://shop.7thdimensiongames.com/,high,"OpenStreetMap, name and city match",
https://cardshows.io/shops/7th-inning-cards-charlotte,https://7thinningcards.com/,high,web search,
https://cardshows.io/shops/7th-inning-sportscards-collectibles-shrewsbury,https://www.7thinningsportscards.com/,high,web search,
https://cardshows.io/shops/88-cardhouse-newark,https://www.88cardhouse.com/,high,web search,
https://cardshows.io/shops/888-collectibles-las-vegas,https://888collectibles.com/,high,"OpenStreetMap, name and city match",
https://cardshows.io/shops/912-cards-savannah,https://912cards.com,high,"address guess, name + city on site",912 Cards
https://cardshows.io/shops/95-game-center-wilmington,https://www.95gamecenter.com,high,"address guess, name + city on site",Board Games and TCG Events | 95 Game Center | Wilmington
https://cardshows.io/shops/a-g-collectibles-rancho-cucamonga,https://www.agcollectibles.com,high,"address guess, name + city on site","A.G. Collectibles | comic book store | 6658 Carnelian Street, Rancho Cucamonga, "
https://cardshows.io/shops/aa-mint-cards-cooper-city,https://aamintcards.com,high,"address guess, name + city on site",AA Mint Cards
https://cardshows.io/shops/aaa-collectibles-inc-matthews,https://aaacollectibles.com,high,"address guess, name + city on site",- AAA Collectibles
https://cardshows.io/shops/aan-collect-new-hartford,https://www.aancollect.com,high,"address guess, name + city on site",AAN Collect LLC.
https://cardshows.io/shops/ace-sports-cards-holland,https://acesportscards.com,high,"address guess, name + city on site",Home Page
https://cardshows.io/shops/acute-games-eden-prairie,https://acutegames.com,high,"address guess, name + city on site",
https://cardshows.io/shops/afk-games-holt,https://afk.games,high,"address guess, name + city on site","AFK Games – Your FLGS located in Holt, MI"
https://cardshows.io/shops/alien-card-house-edmond,https://www.aliencardhouse.com,high,"address guess, name + city on site",Alien Card House
https://cardshows.io/shops/all-about-games-boise,https://allaboutgames.com,high,"address guess, name + city on site",All About Games | Boise | Idaho
https://cardshows.io/shops/all-cs-collectibles-aurora,https://allcscollectibles.com/,high,"OpenStreetMap, name and city match",
https://cardshows.io/shops/all-in-autographs-albuquerque,https://allinautographs.com,high,"address guess, name + city on site",ALL IN AUTOGRAPHS – All In Autographs
https://cardshows.io/shops/all-pro-sportscards-cuyahoga-falls,https://allprosportscards.com,high,web search,
https://cardshows.io/shops/all-star-cards-lansing,https://www.allstarcardsinc.com,high,web search,
https://cardshows.io/shops/all-star-cards-santee,https://allstarcardssantee.com,high,web search,
https://cardshows.io/shops/all-star-sports-cards-chattanooga,https://allstarcasebreaks.com,high,web search,
https://cardshows.io/shops/all-star-sports-cards-gaming-wyoming,https://allstarsportsgr.com,high,web search,
https://cardshows.io/shops/all-star-sportscards-comics-gainesville,https://allstar-comics.com,high,web search,
https://cardshows.io/shops/all-stars-collectibles-langhorne,http://www.allstarscollectibles.com,high,web search,
https://cardshows.io/shops/all-things-japan-game-hobby-el-paso,https://www.atjgameandhobby.com,high,web search,
https://cardshows.io/shops/almost-anything-opelika,https://almostanythingopelika.com,high,web search,
https://cardshows.io/shops/aloha-card-shop-honolulu,https://www.alohacardshop.com,high,web search,chain
https://cardshows.io/shops/aloha-card-shop-las-vegas-las-vegas,https://alohacardshoplasvegas.com,high,web search,chain
https://cardshows.io/shops/alpha-omega-hobby-quincy,https://www.alphaomegahobby.com,high,"address guess, name + city on site",Alpha Omega Hobby
https://cardshows.io/shops/amaya-bros-comics-cambridge,https://amayabroscomics.com,high,"address guess, name + city on site",Home - Amaya Bros. Comics
https://cardshows.io/shops/amazing-collectibles-orlando-orlando,https://amazingcollectiblesorlando.com,high,"address guess, name + city on site","Sports Memorabilia; Sports card Shop | Orlando, FL | Amazing collectibles Orland"
https://cardshows.io/shops/americas-pastime-fair-lawn,https://americaspastime.com,high,"address guess, name + city on site",America's Pastime
https://cardshows.io/shops/anime-island-el-cerrito,https://www.yelp.com/biz/anime-island-el-cerrito-2,high,"OpenStreetMap, name and city match",
https://cardshows.io/shops/asgard-games-houston,https://asgardgames.net/,high,"OpenStreetMap, name and city match",
https://cardshows.io/shops/ashenjugg-green-bay,https://www.ashenjugg.com,high,"address guess, name + city on site","ASHENJUGG 1367 Velp Ave Green Bay, WI"
https://cardshows.io/shops/athoria-games-tempe-tempe,https://www.athoriagamestempe.com,high,"address guess, name + city on site",Athoria Games Tempe
https://cardshows.io/shops/atlantatcg-roswell,https://www.atlantatcg.com,high,"address guess, name + city on site","AtlantaTCG — Roswell, GA Card Shop"
https://cardshows.io/shops/atlantis-games-comics-portsmouth,https://atlantis-comics.com/,high,"OpenStreetMap, name and city match",
https://cardshows.io/shops/atomic-empire-durham,https://www.atomicempire.com,high,"OpenStreetMap, name and city match",
https://cardshows.io/shops/atomic-goblin-games-longmont,https://www.atomicgoblingames.com,high,"address guess, name + city on site","Atomic Goblin Games in Longmont with Board Games, Card Games, and Role Playing G"
https://cardshows.io/shops/augies-locker-room-south-bend,https://www.augieslockerroom.com,high,"address guess, name + city on site",Augie's Locker Room
https://cardshows.io/shops/av-sports-cards-fairfield,https://avsportscards.com,high,"address guess, name + city on site",AV Sports Cards
https://cardshows.io/shops/az-autographs-and-collectibles-surprise,https://www.shopazautographs.com/,high,web search,
https://cardshows.io/shops/az-sports-cards-phoenix,https://azsportscards.com/,high,web search,
https://cardshows.io/shops/azlins-sports-cards-technologies-norman,https://www.azlinscards.com/,high,web search,
https://cardshows.io/shops/aztec-games-draper,https://aztecgames.shop/,high,web search,
https://cardshows.io/shops/aztec-wolf-sports-more-yucaipa,https://aztecwolfsportsmore.company.site/,high,web search,
https://cardshows.io/shops/b-b-cards-collectibles-virginia-beach,https://virginiabeachcardshop.com/,high,web search,
https://cardshows.io/shops/b-c-sports-inc-lynchburg,https://bcsportsva.com/,high,web search,"chain, also Roanoke location"
https://cardshows.io/shops/b-c-sports-inc-roanoke,https://bcsportsva.com/,high,web search,"chain, also Lynchburg location"
https://cardshows.io/shops/b-d-sports-cards-and-memorabilia-fenton,https://banddsportscards.com/,high,web search,
https://cardshows.io/shops/b-ds-magic-emporium-topeka,https://www.bdmagicemporium.com/,high,web search,
https://cardshows.io/shops/b-s-hobbies-idaho-falls,https://bshobbies.com/,high,web search,
https://cardshows.io/shops/b-side-games-spokane,https://bsidegame.com/,high,web search,
https://cardshows.io/shops/back-alley-games-doral,https://backalleygames.online/,high,web search,
https://cardshows.io/shops/back-in-time-collectibles-salisbury,https://www.backintimecollectibles.com/salisbury-location,high,web search,
https://cardshows.io/shops/bad-fast-hobbies-sioux-city,https://badfasthobbies.com,high,"address guess, name + city on site","Bad Fast Hobbies - RC Cars, Boats, Drones, Parts, Supplies and Upgrades - Sloan,"
https://cardshows.io/shops/baseball-card-castle-cranberry-twp,https://baseballcardcastle.com,high,"address guess, name + city on site",Sports Cards & Memorabilia | Authentic Fan Collectibles
https://cardshows.io/shops/batcave-games-vancouver,https://batcave.games,high,"address guess, name + city on site",BatCave Games | Vancouver's Oldest Game Store
https://cardshows.io/shops/battlebrush-games-lakeland,https://www.battlebrushgames.com,high,"address guess, name + city on site","Battlebrush Games in Lakeland, FL"
https://cardshows.io/shops/battleground-breakers-spokane,https://battlegroundbreakers.com,high,"address guess, name + city on site",BattleGround Breakers
https://cardshows.io/shops/battleground-collectibles-belton,https://battlegroundcollectibles.com,high,"address guess, name + city on site","Battleground Collectibles - Belton, Texas"
https://cardshows.io/shops/battlegrounds-gaming-norwalk,https://battlegroundsgaming.net,high,"address guess, name + city on site","Tabletop Game Store | Fairfield County, CT - Battlegrounds Gaming"
https://cardshows.io/shops/battlemaxxgaming-hollywood,https://battlemaxxgaming.com,high,"address guess, name + city on site",BattleMAXX Gaming — Hollywood FL
https://cardshows.io/shops/beckett-castle-tcg-llc-racine,https://beckettcastletcg.com/,high,"OpenStreetMap, name and city match",
https://cardshows.io/shops/bel-kirk-stamp-coin-comics-kirkland,https://belkirkstamps.com/,high,"OpenStreetMap, name and city match",
https://cardshows.io/shops/bennys-card-vault-oak-hill,https://www.bennyscardvault.com,high,"OpenStreetMap, name and city match",
https://cardshows.io/shops/bergen-county-sports-cards-bergenfield,https://bergencountysportscards.com,high,"address guess, name + city on site",Bergen County Sports Cards
https://cardshows.io/shops/berlin-sports-cards-berlin,https://berlinsportscards.com,high,"address guess, name + city on site",Berlin Sports - Home - Welcome to BerlinSportsCards.com!
https://cardshows.io/shops/best-deal-trading-cards-las-vegas,https://bestdealtradingcards.com/store,high,"address guess, name + city on site","Best Deal Trading Cards · Trading Cards, Sealed & Supplies"
https://cardshows.io/shops/bethany-sports-cards-plus-bethany-beach,https://bethanysportscardsplus.com,high,"address guess, name + city on site","Bethany Sports Cards Plus – Sports Cards, Pokemon, and More!"
https://cardshows.io/shops/bifrost-games-new-york,https://www.bifrostgamesnyc.com/,high,web search,
https://cardshows.io/shops/big-boy-toys-hobbies-lafayette,https://www.bigboytoyslaf.com/,high,web search,
https://cardshows.io/shops/big-brother-comics-sacramento,https://www.bigbrothercomics.com/,high,web search,
https://cardshows.io/shops/big-es-collectibles-lakeland,https://www.bigescollectibles.com/,high,web search,
https://cardshows.io/shops/big-hit-sports-cards-spanish-fort,https://bighitsportscards.com/,high,web search,
https://cardshows.io/shops/big-league-sports-pokemon-one-piece-labubus-casselberry,https://bigleaguecards.square.site,high,web search,Square site
https://cardshows.io/shops/big-pack-hobby-shop-rochelle-park,https://www.shopbigpack.com/,high,"OpenStreetMap, name and city match",
https://cardshows.io/shops/bills-sports-collectibles-denver,https://billssportscollectibles.com,high,"address guess, name + city on site",Bill's Sports Collectibles
https://cardshows.io/shops/bird-dog-cards-and-comix-fresno,https://www.birddogcardsandcomix.com,high,"OpenStreetMap, name and city match",
https://cardshows.io/shops/black-diamond-games-concord,http://www.blackdiamondgames.com/,high,"OpenStreetMap, name and city match",
https://cardshows.io/shops/black-dragon-games-twin-falls,https://blackdragongames.net,high,"OpenStreetMap, name and city match",
https://cardshows.io/shops/black-harbor-gaming-largo,https://blackharborgaming.tcgplayerpro.com/,high,"OpenStreetMap, name and city match",
https://cardshows.io/shops/black-swamp-games-bowling-green,https://blackswampgames.com,high,"address guess, name + city on site",Black Swamp Games
https://cardshows.io/shops/blackout-sports-collectibles-newport-news,https://www.blackoutsportscollectibles.com,high,"address guess, name + city on site",Blackout Sports Collectibles
https://cardshows.io/shops/blakfyre-games-pleasant-grove,https://blakfyre.net/,high,"OpenStreetMap, name and city match",
https://cardshows.io/shops/blast-off-gaming-louisville,https://www.blastoffgaming.com,high,"address guess, name + city on site","Blast Off Gaming | Kentucky | 7513 Outer Loop, Louisville, KY 40228, USA"
https://cardshows.io/shops/bleecker-trading-new-york,https://bleeckertrading.com,high,"address guess, name + city on site",Bleecker Trading - Shop Sports Trading Cards: Exclusive Sports Memorab
https://cardshows.io/shops/blowout-cards-the-fantastic-store-chantilly,https://www.thefantasticstore.com/,high,"OpenStreetMap, name and city match",
https://cardshows.io/shops/blue-crab-sports-cards-prince-frederick,https://bluecrabsportscards.com,high,"address guess, name + city on site",Blue Crab Sports Cards
https://cardshows.io/shops/blue-highway-games-seattle,https://bluehighwaygames.com/,high,"OpenStreetMap, name and city match",
https://cardshows.io/shops/blue-ox-games-greenville,https://www.blueoxgames.com,high,"address guess, name + city on site",Blue Ox Games
https://cardshows.io/shops/bluff-city-memorabilia-southaven,https://bluffcitymemorabilia.com,high,"OpenStreetMap, name and city match",
https://cardshows.io/shops/board-game-peddler-biloxi,https://www.boardgamepeddler.com,high,"address guess, name + city on site",Board Game Peddler – Board games brought by bike!
https://cardshows.io/shops/boardwalk-greenville,https://boardwalk-greenville.com/wp/,high,"OpenStreetMap, name and city match",
https://cardshows.io/shops/boc-collectibles-yulee,https://www.boccollectibles.net,high,"address guess, name + city on site",Home | Boc Collectibles VG Version
https://cardshows.io/shops/boca-sports-cards-boca-raton,https://bocabreaks.com,high,"address guess, name + city on site",Boca Breaks
https://cardshows.io/shops/bomber-sports-cards-broadview-heights,https://bombersportscards.com,high,"address guess, name + city on site",Bomber Sports Cards & Collectibles
https://cardshows.io/shops/boomloot-irvine,https://boomloot.com,high,"address guess, name + city on site",BoomLoot
https://cardshows.io/shops/born-to-game-dover,https://borntogame.net,high,"address guess, name + city on site",Landing Page - Born to Game
https://cardshows.io/shops/born-to-game-middletown,https://borntogame.net,high,"address guess, name + city on site",Landing Page - Born to Game
https://cardshows.io/shops/boston-card-exchange-boston,https://www.bostoncardexchange.com,high,"address guess, name + city on site",Sell Your Baseball Cards in Boston - We Buy Trading Cards - BostonCardExchange
https://cardshows.io/shops/box-buster-sports-cards-golden,https://www.boxbustersportscards.com,high,"address guess, name + city on site","Sports And Trading Cards | Golden, CO | Box Buster Sports Cards, LLC"
https://cardshows.io/shops/boxseat-collectibles-phoenix,https://boxseatcollectibles.com,high,"address guess, name + city on site",BoxSeat Collectibles | Phoenix Sports Cards Shop | The Hobby
https://cardshows.io/shops/bozeman-sports-cards-bozeman,https://bozemansportscards.com/,high,web search,
https://cardshows.io/shops/bp-sports-collectibles-marietta,https://bpsportscards.com/,high,web search,
https://cardshows.io/shops/bradham-memorabilia-and-trading-cards-oxford,https://www.bradhamtradingcards.com/,high,web search,
https://cardshows.io/shops/brainwash-cards-york,https://www.brainwashcards.com/,high,web search,
https://cardshows.io/shops/brandon-card-shop-scgc-sports-cards-tampa,https://www.scgcsportscards.com/,high,web search,
https://cardshows.io/shops/break-boss-cards-and-collectibles-llc-plains,https://breakbosscollectibles.com/,high,web search,
https://cardshows.io/shops/breakcity-cards-memorabilia-buffalo,https://breakcity.shop/,high,web search,actually located in Blasdell NY near Buffalo
https://cardshows.io/shops/breaker-brothers-trading-card-vending-machine-manassas,https://breakerbrotherstcg.com/,high,web search,vending machine chain
https://cardshows.io/shops/breakin-binders-larchmont,https://breakingbinders.com/,high,web search,
https://cardshows.io/shops/breaking-bad-sports-cards-llc-topeka,https://breakingbadsportscards.com/shop,high,web search,
https://cardshows.io/shops/breaking-bangers-sports-cards-tcg-collectibles-more-cartersville,https://breakingbangers.com/,high,web search,
https://cardshows.io/shops/breakpoint-edmond-cards-collectibles-edmond,https://breakpoint.tcgplayerpro.com/,high,web search,
https://cardshows.io/shops/breakpoint-plaza-cards-and-collectibles-oklahoma-city,https://breakpointokc.com/,high,web search,sister location of Breakpoint Edmond
https://cardshows.io/shops/brents-cards-and-coins-inside-marketplace-treasures-huber-heights,https://www.brentscardsandcoins.com/,high,web search,
https://cardshows.io/shops/brew-town-trading-co-greenfield,https://www.brewtowntrading.com/,high,web search,
https://cardshows.io/shops/brickhouse-collectibles-knoxville,https://brickhousecollectibles.com/,high,"OpenStreetMap, name and city match",
https://cardshows.io/shops/brickhouse-games-mesquite,https://www.brickhousegaming.com/,high,web search,
https://cardshows.io/shops/bridge-city-hobbies-fairview,https://bridgecityhobbies.com,high,"address guess, name + city on site",Bridge City Hobbies
https://cardshows.io/shops/bro-show-collectibles-delavan,https://www.broshowcollectibles.com,high,"address guess, name + city on site","Pokémon & Sports Cards Shop in Delavan, WI | Bro Show Collectibles"
https://cardshows.io/shops/brookhurst-hobbies-garden-grove,https://brookhursthobbies.com/,high,"OpenStreetMap, name and city match",
https://cardshows.io/shops/brute-force-games-san-diego,https://bruteforcemtg.com,high,"OpenStreetMap, name and city match",
https://cardshows.io/shops/buggys-bazaar-friendswood,https://www.buggysbazaar.com,high,"address guess, name + city on site","Buggy's Bazaar — Trading Card Store in Friendswood, TX"
https://cardshows.io/shops/bullpen-burbank-burbank,https://www.bullpenburbank.com,high,"address guess, name + city on site",Home | BULLPEN BURBANK
https://cardshows.io/shops/bullrush-carson-city,https://bullrush.com,high,"address guess, name + city on site",Trading Competitions - Free Trading Contests
https://cardshows.io/shops/bunker-gaming-ramsey,https://bunkergaming.net,high,"address guess, name + city on site",Bunker Gaming - Local Minnesota Collectible Card Games and Hobby Shop
https://cardshows.io/shops/c-m-card-haven-vero-beach,https://cmcardhaven.com,high,"address guess, name + city on site",C&M Card Haven
https://cardshows.io/shops/cakehoarder-games-modesto,https://cakehoardergames.com,high,"address guess, name + city on site",CakeHoarder Games
https://cardshows.io/shops/canadas-collectible-games-jackson,https://canadascollectiblegames.com,high,"address guess, name + city on site",Homepage - Canada's Collectible Games
https://cardshows.io/shops/canon-collectibles-beverly-hills,https://canoncollectibles.com,high,"address guess, name + city on site",Canon Collectibles · Beverly Hills & Chicago
https://cardshows.io/shops/cape-and-cowl-comics-oakland,https://www.capeandcowlcomics.com,high,"address guess, name + city on site",Cape & Cowl Comics
https://cardshows.io/shops/cape-fear-collectibles-wilmington,https://www.capefearcollectibles.com,high,"address guess, name + city on site","Card Shop - Magic, Pokémon & Collectibles | Cape Fear Collectibles"
https://cardshows.io/shops/cape-fear-games-wilmington,https://www.capefeargames.com,high,"address guess, name + city on site",Cape Fear Games
https://cardshows.io/shops/card-castle-games-columbus,https://www.cardcastlegames.com,high,"address guess, name + city on site",Card Castle Games
https://cardshows.io/shops/card-cavern-trading-cards-llc-des,https://www.cardcaverntradingcards.com,high,"address guess, name + city on site",Card Cavern Trading Cards - PTCGL Codes and TCG Singles
https://cardshows.io/shops/card-center-north-richland-hills,https://www.cardcentertx.com/,high,web search,
https://cardshows.io/shops/card-coin-green-bay,https://www.cardandcoingreenbay.com/,high,web search,
https://cardshows.io/shops/card-cosmos-llc-colorado-springs,https://www.cardcosmos.store/,high,web search,
https://cardshows.io/shops/card-craze-bloomington,https://www.tcgcardcraze.com/,high,web search,
https://cardshows.io/shops/card-culture-brookfield,https://cardculture.shop/,high,web search,
https://cardshows.io/shops/card-czar-londonderry,https://cardsczar.com/,high,web search,
https://cardshows.io/shops/card-exchange-seattle,https://cardexchangesports.com/,high,web search,
https://cardshows.io/shops/card-fanatics-peachtree-city,https://thecardfanatics.com/,high,web search,
https://cardshows.io/shops/card-father-games-grove-city,https://cardfathertcg.com/,high,web search,
https://cardshows.io/shops/card-fellaz-sports-cards-tcg-scottsdale,https://www.cardfellaz.com/,high,web search,
https://cardshows.io/shops/card-game-coliseum-santa-ana,https://cardgamecoliseum.tcgplayerpro.com/,high,web search,
https://cardshows.io/shops/card-god-shop-south-milwaukee,https://cardgodshop.com/,high,web search,
https://cardshows.io/shops/card-n-all-gaming-repair-louisville,https://www.cnagames.com/,high,web search,"chain, two Louisville locations"
https://cardshows.io/shops/card-problems-eugene,https://cardproblems.com,high,"address guess, name + city on site","#1 Pokemon Card Shop in Eugene, OR | Card Problems"
https://cardshows.io/shops/card-shop-santa-clara-santa-clara,https://cardshopsantaclara.com,high,"address guess, name + city on site",Card Shop Santa Clara
https://cardshows.io/shops/cardboard-castle-games-augusta,https://www.cardboardcastlegames.com,high,"address guess, name + city on site",Cardboard Castle Games
https://cardshows.io/shops/cardboard-diamonds-tigard,https://cardboarddiamonds.com/,high,"OpenStreetMap, name and city match",
https://cardshows.io/shops/cardboard-legacy-oshkosh,https://cardboardlegacy.com,high,"address guess, name + city on site","Cardboard Legacy – Sports Card Shop & Community – Building legacies, one card at"
https://cardshows.io/shops/cardceus-seattle,https://cardceus.com,high,"address guess, name + city on site",Cardceus – A Premium Collection Center
https://cardshows.io/shops/cardhalla-laramie,https://www.cardhalla.com,high,"address guess, name + city on site",Cardhalla
https://cardshows.io/shops/cardhaven-games-bellingham,https://cardhaven-games.com,high,"address guess, name + city on site","Your Favorite Game Store in Bellingham, WA"
https://cardshows.io/shops/cardquest-lgs-richardson,https://cardquestlgs.com,high,"address guess, name + city on site",Home | Card Quest
https://cardshows.io/shops/cards-and-culture-baton-rouge,https://cardsandculture.com,high,"address guess, name + city on site",Cards and Culture
https://cardshows.io/shops/cards-at-the-cages-inc-greensboro,https://cards-at-the-cages-nc.myshopify.com,high,"address guess, name + city on site",Cards At The Cages
https://cardshows.io/shops/cards-in-the-land-chagrin-falls,https://cardsintheland.com,high,"address guess, name + city on site","Sports Cards, Non-Sport & Pokemon – Cards in The Land"
https://cardshows.io/shops/cards-quests-glendale,https://www.cardsquests.com/,high,web search,
https://cardshows.io/shops/cards-r-us-llc-fayetteville,https://www.cardsrus2023.com/,high,web search,
https://cardshows.io/shops/cardtaku-mexico,https://www.cardtaku.com/,high,web search,
https://cardshows.io/shops/cardvault-by-tom-brady-bloomington,https://cardvaultbytombrady.com/pages/cardvault-mall-of-america,high,web search,chain
https://cardshows.io/shops/cardvault-by-tom-brady-boston,https://cardvaultbytombrady.com/pages/cardvault-boston,high,web search,chain
https://cardshows.io/shops/cardvault-by-tom-brady-chicago,https://cardvaultbytombrady.com/pages/cardvault-wrigleyville,high,web search,chain
https://cardshows.io/shops/cardvault-by-tom-brady-dallas,https://cardvaultbytombrady.com/pages/cardvault-dallas,high,web search,chain
https://cardshows.io/shops/cardvault-by-tom-brady-east-rutherford,https://cardvaultbytombrady.com/pages/cardvault-american-dream,high,web search,chain
https://cardshows.io/shops/cardvault-by-tom-brady-sacramento,https://cardvaultbytombrady.com/pages/cardvault-sacramento,high,web search,chain
https://cardshows.io/shops/cardvault-by-tom-brady-san-francisco,https://cardvaultbytombrady.com/pages/cardvault-san-francisco,high,web search,chain
https://cardshows.io/shops/cardzondeck-rock-hill,https://www.cardzondeck.com/,high,web search,
https://cardshows.io/shops/carls-cards-collectibles-havertown,https://carlscards.com,high,"OpenStreetMap, name and city match",
https://cardshows.io/shops/carters-sports-cards-and-memorabilia-huntington-beach,https://carterssportscards.com/,high,web search,
https://cardshows.io/shops/case-hit-kings-mansfield,https://casehitkings.com,high,"address guess, name + city on site","Case Hit Kings Card Shop – Card Shop Mansfield TX | Buy, Sell, Trade"
https://cardshows.io/shops/cash-cards-unlimited-thousand-oaks,https://cashcardsunlimited.com,high,"address guess, name + city on site",Cash Cards Unlimited Trading Card Store
https://cardshows.io/shops/castle-of-games-springfield,https://castleofgames.com,high,"OpenStreetMap, name and city match",
https://cardshows.io/shops/central-sports-cards-pawtucket,http://www.centralsportscards.com,high,"address guess, name + city on site",Home
https://cardshows.io/shops/championship-cards-emmaus,https://championshipcards.net/,high,"OpenStreetMap, name and city match",
https://cardshows.io/shops/chaos-games-and-more-pueblo,https://chaosgamesandmore.com,high,"address guess, name + city on site",Chaos Games and More
https://cardshows.io/shops/charlotte-sports-collectibles-charlotte,https://charlottesportscollectibles.com,high,"address guess, name + city on site",Home - Charlotte Sports Collectibles
https://cardshows.io/shops/charm-city-collectibles-hanover,https://www.charmcitycollectibles.com,high,"address guess, name + city on site",Charm City Collectibles
https://cardshows.io/shops/chasecard-tcg-seattle,https://www.chasecardtcg.com,high,"address guess, name + city on site",Chasecard TCG - Home – ChaseCard TCG
https://cardshows.io/shops/chesapeake-sports-cards-edgewater,https://www.chesapeakesportscards.com,high,"address guess, name + city on site",Chesapeake Sports Cards Online Shop | Trading Cards Store
https://cardshows.io/shops/chessie-games-crofton,https://www.chessiegames.com,high,"address guess, name + city on site","Chessie Games | Crofton, MD"
https://cardshows.io/shops/chicagoland-games-dice-dojo-chicago,https://chicagolandgames.com/,high,"OpenStreetMap, name and city match",
https://cardshows.io/shops/chronos-games-and-gifts-beaverton,https://chronosgg.com/,high,"OpenStreetMap, name and city match",
https://cardshows.io/shops/chupacabra-games-naperville,https://www.chupacabra-games.com/,high,"OpenStreetMap, name and city match",
https://cardshows.io/shops/clever-bay-sports-gaming-evansville,https://www.cleverbaysportsandgaming.com/,high,web search,
https://cardshows.io/shops/cloud-collectibles-garland,https://cloudcollectibles.my.canva.site/,high,web search,
https://cardshows.io/shops/clovr-santa-ana,https://clovrcards.com/,high,web search,
https://cardshows.io/shops/clubhouse-cards-pittsburgh,https://clubhousecardspgh.com/,high,web search,
https://cardshows.io/shops/clubhouse-cards-st-george,https://clubhousecards.net/,high,web search,
https://cardshows.io/shops/clubhouse-cards-washington,https://clubhousecards.net/,high,"OpenStreetMap, name and city match",
https://cardshows.io/shops/clutch-gaming-llc-triadelphia,https://clutch-gaming-wv.myshopify.com/,high,web search,
https://cardshows.io/shops/cm-games-west-town-mall-knoxville,https://cardmonsterwest.tcgplayerpro.com/,high,web search,"chain, CM Games/Card Monster"
https://cardshows.io/shops/coach-chris-cards-upland,https://coachchriscards.com/,high,web search,
https://cardshows.io/shops/coastal-cards-dtsp-st-petersburg,https://coastalcardsdtsp.com/,high,web search,
https://cardshows.io/shops/coastal-rc-speedway-and-hobbies-chesapeake,https://coastalrcspeedway.com/,high,web search,"RC hobby shop, not primarily cards"
https://cardshows.io/shops/coastal-sports-cards-hartsville-hartsville,https://www.coastalsportscards.com,high,web search,
https://cardshows.io/shops/coastal-sports-cards-myrtle-beach,https://www.coastalsportscards.com/,high,"OpenStreetMap, name and city match",
https://cardshows.io/shops/coastal-sports-cards-simpsonville,https://www.coastalsportscards.com/,high,"OpenStreetMap, name and city match",
https://cardshows.io/shops/coastal-sports-collectibles-ellsworth,https://www.coastalsportscollectibles.com/,high,web search,
https://cardshows.io/shops/cole-street-game-vault-enumclaw,https://www.colestreetgamevault.com,high,"address guess, name + city on site","Cole Street Game Vault | Enumclaw, WA"
https://cardshows.io/shops/coliseum-of-comics-gainesville-gainesville,https://coliseumofcomics.com/gainesville/,high,"OpenStreetMap, name and city match",
https://cardshows.io/shops/collect-702-llc-farmington,https://collect702.com,high,"address guess, name + city on site",Collect 702
https://cardshows.io/shops/collectible-buyers-llc-duluth,https://www.collectiblebuyers.com,high,"address guess, name + city on site","Buying and Selling Collectibles in Duluth, MN | Collectible Buyers"
https://cardshows.io/shops/collectibles-and-games-granite-quarry,https://collectiblesandgames.com,high,"address guess, name + city on site",Collectibles and Games
https://cardshows.io/shops/collectibles-cards-games-flower-mound,https://www.collectiblescardsandgames.com,high,"OpenStreetMap, name and city match",
https://cardshows.io/shops/collectons-boulder,https://www.collectons.com,high,"address guess, name + city on site",Featured Specials - Coin Collecting Supplies & Collectible Coins - discounts Coi
https://cardshows.io/shops/collectors-arena-chesterfield,https://collectorsarena.net,high,"address guess, name + city on site",Collector's Arena – Collector's Arena
https://cardshows.io/shops/collectors-attic-inc-tallahassee,http://collectorsattic.com,high,"address guess, name + city on site",The Collector's Attic
https://cardshows.io/shops/collectors-cache-lenexa,https://www.collectorscache.com/,high,"OpenStreetMap, name and city match",
https://cardshows.io/shops/collectors-club-miami,https://collectorsclub.com,high,"address guess, name + city on site",Collectors Club – Sports & Pokémon Cards + Miami Wynwood Event Space
https://cardshows.io/shops/collectors-cove-salisbury,https://collectorscove.com,high,"address guess, name + city on site","Collector's Cove — Salisbury, NC"
https://cardshows.io/shops/collectors-crossroads-cedar-park,https://collectorscrossroads.com/,high,"OpenStreetMap, name and city match",
https://cardshows.io/shops/collectors-destiny-madison,https://collectorsdestiny.com,high,"address guess, name + city on site",Collector's Destiny – Collector's Destiny
https://cardshows.io/shops/collectxco-pelham,https://www.collectxco.com,high,"address guess, name + city on site",CollectXCo
https://cardshows.io/shops/colorado-collectible-show-aurora,https://www.coloradocollectibleshow.com,high,"address guess, name + city on site",Colorado Collectible Show
https://cardshows.io/shops/columbus-sports-cards-columbus,https://www.columbussportscards.com,high,"address guess, name + city on site",Columbus Sports Cards
https://cardshows.io/shops/comic-cosmic-collectives-and-games-bowie,https://www.comiccosmiccollectivesandgames.com/,high,web search,
https://cardshows.io/shops/comic-figure-addicts-presents-paper-plastic-collectible-community-union-city,https://comic-figure-addicts.square.site/,high,web search,
https://cardshows.io/shops/comic-grapevine-lodi,https://comicgrapevinelodi.com/,high,web search,
https://cardshows.io/shops/comics-collectibles-sacramento,https://comicsandcollectible.com/,high,web search,
https://cardshows.io/shops/comics-n-stuff-carlsbad,https://comics-n-stuff.com/,high,web search,chain
https://cardshows.io/shops/comix-zone-north-syracuse,https://www.comixzone.com/,high,web search,
https://cardshows.io/shops/commander-games-las-vegas,https://commandergameslv.com/,high,web search,
https://cardshows.io/shops/common-ground-collectables-lincoln,https://www.commongroundcollectables.com/,high,web search,
https://cardshows.io/shops/common-ground-collections-west-york,https://www.commongroundcollections.com/,high,web search,
https://cardshows.io/shops/common-ground-games-dallas,https://www.boardgamesdallas.com/,high,web search,
https://cardshows.io/shops/complete-collectibles-circle-pines,https://www.completecollectibles.net/,high,web search,
https://cardshows.io/shops/conspiracy-gaming-wolcott,https://www.conspiracygamingtts.com/,high,web search,
https://cardshows.io/shops/cool-stuff-longmont-longmont,https://coolstufflongmont.com,high,"address guess, name + city on site",Cool Stuff Longmont - Cool Stuff Longmont
https://cardshows.io/shops/coopersville-card-vault-coopersville,https://coopersvillecardvault.com,high,"address guess, name + city on site","Sports Cards | Coopersville, MI | Coopersville Card Vault"
https://cardshows.io/shops/core-tcg-pasadena,https://coretcg.com,high,"address guess, name + city on site",CoreTCG
https://cardshows.io/shops/cosmic-card-shop-salem,https://cosmiccardshop.net,high,"address guess, name + city on site",Cosmic Card Shop
https://cardshows.io/shops/cosmic-cards-collectibles-troy,https://www.oaklandmall.com/store/cosmic-cards-and-collectibles,high,"OpenStreetMap, name and city match",
https://cardshows.io/shops/coulee-cards-and-gaming-cedar-rapids,https://couleecards.com,high,"address guess, name + city on site",Home - Coulee Cards And Gaming
https://cardshows.io/shops/courtside-collectibles-thornton,https://courtsidecollectibles.com,high,"address guess, name + city on site",Courtside Collectibles
https://cardshows.io/shops/crashn-bash-hobbies-cedar-rapids,https://crashnbashhobbies.com,high,"address guess, name + city on site",Crash N Bash | Crash’n Bash Hobbies
https://cardshows.io/shops/critical-hit-games-cleveland-heights,https://critical-hit.com/,high,"OpenStreetMap, name and city match",
https://cardshows.io/shops/cts-hobbies-belvidere,https://ctshobbies.com,high,"address guess, name + city on site",CT's Hobbies - Find Your Passion CT's Hobbies
https://cardshows.io/shops/d20-games-alameda,https://d20gamestore.com/,high,"OpenStreetMap, name and city match",
https://cardshows.io/shops/d20-gaming-llc-eau-claire,https://www.d20ec.com/,high,web search,
https://cardshows.io/shops/da-planet-honolulu-honolulu,https://www.da-planet.com/,high,web search,
https://cardshows.io/shops/dabbers-gaming-cafe-norcross,https://www.dabbersgamingcafe.com/,high,web search,"chain, 2 locations"
https://cardshows.io/shops/dabbers-gaming-cafe-sandy-springs,https://www.dabbersgamingcafe.com/,high,web search,"chain, 2 locations"
https://cardshows.io/shops/dad-toyz-appleton,https://dadtoyz.com/,high,web search,
https://cardshows.io/shops/dads-dugout-sports-cards-collectibles-brentwood,https://www.dads-dugout.com/,high,web search,
https://cardshows.io/shops/dailey-card-co-meadowbrook,https://daileycardco.com/,high,web search,Meadowbrook is area of Hoover AL
https://cardshows.io/shops/dakota-gaming-supply-inc-bismarck,http://www.dakotagamingsupply.com/,high,web search,
https://cardshows.io/shops/dalez-kardz-colorado-springs,https://dalezkardz.com/,high,web search,
https://cardshows.io/shops/dame-games-north-syracuse,https://damegames.store/,high,web search,
https://cardshows.io/shops/danes-games-geneva-geneva,https://danes-games.com/,high,web search,
https://cardshows.io/shops/danes-games-west-chicago-west-chicago,https://danes-games.com/,high,web search,"chain, 2 locations"
https://cardshows.io/shops/darbys-dungeon-jacksonville,https://darbysdungeon.com,high,"address guess, name + city on site",Darby's Dungeon – Darby's Dungeon
https://cardshows.io/shops/dark-depths-games-philadelphia,https://www.darkdepthsgames.com/store,high,"address guess, name + city on site",Dark Depths Games
https://cardshows.io/shops/darkhound-game-center-arlington,https://www.darkhoundgamecenter.com,high,"address guess, name + city on site",Darkhound Game Center
https://cardshows.io/shops/darkstar-hobbies-hopkinsville,https://darkstar-hobbies.com,high,"address guess, name + city on site","DarkStar Hobbies - Board Games, Action Figures, Model Kits and Supplies, Card Ga"
https://cardshows.io/shops/davolis-house-of-cards-st-johns,https://www.davolishouseofcards.com,high,"address guess, name + city on site",Davoli's House of Cards
https://cardshows.io/shops/days-of-knights-newark,https://www.daysofknights.com,high,"OpenStreetMap, name and city match",
https://cardshows.io/shops/deadly-seven-games-boise,https://www.deadlysevengames.com/,high,"OpenStreetMap, name and city match",
https://cardshows.io/shops/deal-me-in-games-boyertown,https://www.dealmeingames.com/,high,"OpenStreetMap, name and city match",
https://cardshows.io/shops/deans-dugout-naperville,https://www.deansdugout.com,high,"address guess, name + city on site",Home - Deans Dugout Deans Dugout
https://cardshows.io/shops/deckdropz-charleston,https://deckdropz.com,high,"address guess, name + city on site",Deckdropz: Trading Card Vending Machine in Charleston | DeckDropz
https://cardshows.io/shops/decked-trading-cards-rio-rancho,https://deckedtradingcards.com,high,"address guess, name + city on site",Decked Trading Cards Rio Rancho NM
https://cardshows.io/shops/deer-valley-collectibles-anthem,https://www.deervalleycollectibles.com,high,"address guess, name + city on site","Deer Valley Collectibles | Games, TCGs & Toys | Anthem, AZ"
https://cardshows.io/shops/degen-collectibles-san-jose,https://degencollectibles.com,high,"address guess, name + city on site",Degen Collectibles | San Jose Card Shop
https://cardshows.io/shops/denver-central-games-denver,https://www.denvercentralgames.com/,high,"OpenStreetMap, name and city match",
https://cardshows.io/shops/destination-tcg-baytown,https://destinationtcg.com,high,"address guess, name + city on site","Destination TCG - Premium Pokémon Cards in Baytown, Texas"
https://cardshows.io/shops/destinys-end-games-and-hobbies-west-valley-city,https://destinysendgamesandhobbies.com/,high,"OpenStreetMap, name and city match",
https://cardshows.io/shops/diamond-valley-collectibles-windsor,https://www.diamondvalleycollectibles.com/,high,"OpenStreetMap, name and city match",
https://cardshows.io/shops/dice-addiction-tulsa,https://diceaddiction.com,high,"address guess, name + city on site",Dice Addiction | Tulsa | Oklahoma
https://cardshows.io/shops/dice-age-games-vancouver,https://www.diceagegames.com,high,"address guess, name + city on site",Dice Age Games – Games and Hobby Supplies
https://cardshows.io/shops/die-hard-games-springfield,https://www.diehardgames.shop/,high,"OpenStreetMap, name and city match",
https://cardshows.io/shops/djs-sportscards-renton,https://djssportscards.com,high,"address guess, name + city on site",DJ's Sportscards
https://cardshows.io/shops/do-gooder-games-cafe-thornton,https://dogoodergames.com,high,"address guess, name + city on site",Do Gooder Games Cafe
https://cardshows.io/shops/do-we-collectibles-anaheim,https://www.dowecollectibles.com,high,"address guess, name + city on site",Home | Do-We Collectibles
https://cardshows.io/shops/docking-bay-93-mount-vernon,https://dockingbay93.com/,high,"OpenStreetMap, name and city match",
https://cardshows.io/shops/dogpatch-games-san-francisco,https://www.dogpatch.games/,high,"OpenStreetMap, name and city match",
https://cardshows.io/shops/dragon-egg-games-billings,https://www.dragonegggames.com,high,"address guess, name + city on site",Best Family Board Games | Dragon Egg Games
https://cardshows.io/shops/dragons-guildhall-beavercreek,https://dragonsguildhall.biz,high,"address guess, name + city on site","Local Game Store | Beavercreek, OH - Dragon's Guildhall"
https://cardshows.io/shops/dragons-haunt-topeka,https://www.dragonshaunt.com,high,"address guess, name + city on site",Dragons Haunt
https://cardshows.io/shops/dragons-lair-comics-and-fantasy-austin,https://www.dlair.net,high,"address guess, name + city on site",Game and Comic Book Store | Dragon's Lair Comics & Fantasy ®
https://cardshows.io/shops/dream-wizards-rockville,https://www.dreamwizards.com,high,"address guess, name + city on site",Dream Wizards
https://cardshows.io/shops/ducks-dugout-marietta,https://ducksdugout.com,high,"address guess, name + city on site",Duck's Dugout
https://cardshows.io/shops/duke-city-games-albuquerque,https://dukecity.games,high,"OpenStreetMap, name and city match",
https://cardshows.io/shops/dumpster-cat-games-minneapolis,https://www.dumpstercatgames.com/,high,"OpenStreetMap, name and city match",
https://cardshows.io/shops/durdle-zone-aiea,https://www.durdlezone.com,high,"address guess, name + city on site",Durdle Zone
https://cardshows.io/shops/e-5-sports-west-allis,https://e5sports.com,high,"address guess, name + city on site",E-5 Sports
https://cardshows.io/shops/easy-peasy-tcg-portland,https://www.easypeasytcg.com,high,"address guess, name + city on site",Easy Peasy
https://cardshows.io/shops/eclectic-grand-junction,https://eclecticgj.company.site/,high,"OpenStreetMap, name and city match",
https://cardshows.io/shops/edubs-sports-collectibles-harrisburg,https://edubssportscollectibles.com,high,"address guess, name + city on site",Edub's Sports Collectibles
https://cardshows.io/shops/elf-n-moon-gaming-hobby-indianapolis,https://www.elfnmoon.com,high,"OpenStreetMap, name and city match",
https://cardshows.io/shops/elite-cardboard-gaming-durham,https://elitecardboardgaming.com,high,"address guess, name + city on site",Elite Cardboard Gaming: Your Hub for Sports Cards
https://cardshows.io/shops/elite-sports-cards-and-comics-2-chicago,https://elitesportscardsandcomics2.com,high,"address guess, name + city on site","Elite Sports Cards And Comics #2 - Chicago, IL"
https://cardshows.io/shops/elite-sports-cards-and-comics-chicago,https://elitesportscardsandcomics.com,high,"address guess, name + city on site","Elite Sports Cards and Comics - Chicago, IL"
https://cardshows.io/shops/enchanted-realms-games-gifts-colorado-springs,https://enchantedrealms.myshopify.com/,high,"OpenStreetMap, name and city match",
https://cardshows.io/shops/epic-loot-games-centerville,https://www.epiclootgames.com,high,"address guess, name + city on site","Epic Loot Games | Tabletop Games | 9130 Dayton Lebanon Pike, Dayton, OH, USA"
https://cardshows.io/shops/estate-sports-collectibles-mobile,https://estatesportscollectibles.com,high,"address guess, name + city on site",Home - Estate Sports Collectibles
https://cardshows.io/shops/eternal-games-warren,https://eternalgamesllc.com,high,"address guess, name + city on site",Home
https://cardshows.io/shops/evolution-games-lansing,https://evolutiongames.com,high,"address guess, name + city on site","Evolution Games – Lansing, MI"
https://cardshows.io/shops/evolve-card-shop-madison,https://evolvecardshop.com,high,"address guess, name + city on site",Evolve Card Shop
https://cardshows.io/shops/express-tcg-harlem,https://expresstcg.com,high,"address guess, name + city on site",EXPRESS TCG
https://cardshows.io/shops/express-tcg-north-augusta,https://expresstcg.com,high,"address guess, name + city on site",EXPRESS TCG
https://cardshows.io/shops/fallout-comics-tallahassee,https://falloutcomics.com,high,"address guess, name + city on site",Home - Fallout Comics
https://cardshows.io/shops/fans-only-sports-cards-lee-s-summit,https://fansonlysportscards.com,high,"address guess, name + city on site",Fans Only Sports Cards | Lee's Summit Card Shop
https://cardshows.io/shops/fantastic-games-boise,https://www.fantasticgames.com,high,"OpenStreetMap, name and city match",
https://cardshows.io/shops/fantastic-realmz-fairbanks,https://fantasticrealmz.tcgplayerpro.com,high,"OpenStreetMap, name and city match",
https://cardshows.io/shops/farbo-co-lancaster,https://farboco.com/,high,"OpenStreetMap, name and city match",
https://cardshows.io/shops/fenris-gaming-hall-hagerstown,https://fenrisgaminghall.com,high,"address guess, name + city on site","Fenris Gaming | Tabletop Gaming Hall in Hagerstown, MD"
https://cardshows.io/shops/field-of-breaks-canton,https://fieldofbreaks.com,high,"address guess, name + city on site",Field of Breaks | TCG & More! – Field Of Breaks
https://cardshows.io/shops/finch-and-sparrow-games-signal-hill,https://finchandsparrowgames.com,high,"address guess, name + city on site",Finch and Sparrow Games - Southern California's Premier TCG Store
https://cardshows.io/shops/first-turn-games-cedar-rapids,https://firstturngamescedarrapids.com/,high,"OpenStreetMap, name and city match",
https://cardshows.io/shops/forbidden-planet-new-york,https://www.fpnyc.com/Store-Information/,high,"OpenStreetMap, name and city match",
https://cardshows.io/shops/fortuna-games-st-louis,https://fortunagames.net,high,"OpenStreetMap, name and city match",
https://cardshows.io/shops/franklin-sports-cards-franklin,https://franklinsportscards.com,high,"address guess, name + city on site",Franklin Sports Cards Store in Franklin MA
https://cardshows.io/shops/franks-cool-stuff-salem,https://frankscoolstuff.net,high,"address guess, name + city on site",_Franks Cool Stuff_
https://cardshows.io/shops/frontline-games-clarksville,https://www.frontlinegames.net/,high,"OpenStreetMap, name and city match",
https://cardshows.io/shops/full-grip-games-akron,https://www.fullgripgames.com/,high,"OpenStreetMap, name and city match",
https://cardshows.io/shops/funky-town-collectibles-springfield,https://www.funkytownli.com,high,"address guess, name + city on site","Funky Town | Pokémon Cards, Toys & Collectibles – Long Island"
https://cardshows.io/shops/gajo-games-sandy,http://gajominis.com/index.html,high,"OpenStreetMap, name and city match",
https://cardshows.io/shops/galaxy-of-games-herriman,https://galaxyof.games/,high,"OpenStreetMap, name and city match",
https://cardshows.io/shops/galaxybustertcg-otisville,https://www.galaxybustertcg.com,high,"address guess, name + city on site","Buy Cheap TCG Singles | Galaxybustertcg - Otisville, MI"
https://cardshows.io/shops/gambrillgaming-troy,https://gambrillgaming.com,high,"address guess, name + city on site",Home - Gambrill Gaming
https://cardshows.io/shops/game-cafe-independence,https://www.playgamecafe.com/,high,"OpenStreetMap, name and city match",
https://cardshows.io/shops/game-citadel-bangor,https://www.gamecitadel.com,high,"address guess, name + city on site",Game Citadel
https://cardshows.io/shops/game-den-layton,https://gameden.com,high,"OpenStreetMap, name and city match",
https://cardshows.io/shops/game-empire-san-diego,https://gameempire.com,high,"address guess, name + city on site",Game Empire San Diego
https://cardshows.io/shops/game-goblins-conway,https://gamegoblins.com/,high,"OpenStreetMap, name and city match",
https://cardshows.io/shops/game-goblins-little-rock,https://gamegoblins.com/,high,"OpenStreetMap, name and city match",
https://cardshows.io/shops/game-grid-lehi-lehi,https://store.gglehi.com,high,"address guess, name + city on site",Game Grid Lehi - Home
https://cardshows.io/shops/game-hq-oklahoma-city,https://gameheadquarters.com/,high,"OpenStreetMap, name and city match",
https://cardshows.io/shops/game-n-trade-mania-silver-springs,https://www.gamentrademania.com,high,"address guess, name + city on site",Home | Game N Trade Mania
https://cardshows.io/shops/game-nerdz-richardson,https://www.gamenerdz.com,high,"address guess, name + city on site","Gamenerdz.com - Board Games, Magic The Gathering, Pokemon, Table Top Games, Dung"
https://cardshows.io/shops/game-night-games-salt-lake-city,https://www.gamenightgames.com/about-gng.html,high,"OpenStreetMap, name and city match",
https://cardshows.io/shops/game-nite-st-louis,https://gameniteshop.com/,high,"OpenStreetMap, name and city match",
https://cardshows.io/shops/game-o-storus-largo,https://gameostorus.com,high,"address guess, name + city on site",Game-O-Storus | Magic: The Gathering | Pokémon | Yu-Gi-Oh | TCG
https://cardshows.io/shops/game-of-cards-oviedo,https://gameofcards.com,high,"address guess, name + city on site",Game Of Cards - Homepage – Game of Cards
https://cardshows.io/shops/game-time-cardz-winter-park,https://www.gametimecardz.com,high,"address guess, name + city on site",Game Time Cardz Home Orlando Sports Cards
https://cardshows.io/shops/game-time-hobbies-opelika,https://gametimehobbies.com,high,"address guess, name + city on site",gametimehobbies.com
https://cardshows.io/shops/gamers-gauntlet-clinton-township,https://www.gamersgauntlet.net,high,"address guess, name + city on site",Gamer's Gauntlet
https://cardshows.io/shops/gamers-hq-topeka,https://gamershq.com/,high,"OpenStreetMap, name and city match",
https://cardshows.io/shops/gamers-n-geeks-mobile,https://gamersngeeks.com,high,"address guess, name + city on site",Gamers N Geeks | Gamers N Geeks
https://cardshows.io/shops/games-and-stuff-glen-burnie,https://www.gamesandstuffonline.com,high,"OpenStreetMap, name and city match",
https://cardshows.io/shops/games-by-james-eau-claire,https://gamesbyjames.com/index.php,high,"address guess, name + city on site",Games By James | Home
https://cardshows.io/shops/games-of-berkeley-berkeley,https://www.gamesofberkeley.com/,high,"OpenStreetMap, name and city match",
https://cardshows.io/shops/games-of-fremont-fremont,https://www.gamesoffremont.com,high,"address guess, name + city on site",Games of Fremont
https://cardshows.io/shops/games-plus-lake-stevens,https://gamespluswa.net,high,"OpenStreetMap, name and city match",
https://cardshows.io/shops/gamesirl-avon,https://gamesirl.com,high,"address guess, name + city on site",gamesIRL
https://cardshows.io/shops/gametime-hobby-shop-santa-clara,https://gametimehobbyshop.com,high,"address guess, name + city on site",Collector’s Club | Collectibles | Trading Cards | TCG | Video Games |
https://cardshows.io/shops/gametime-michigan-southgate,https://gametimemichigan.com/,high,"OpenStreetMap, name and city match",
https://cardshows.io/shops/gamez-more-rochester,https://www.gamezandmore.com/,high,"OpenStreetMap, name and city match",
https://cardshows.io/shops/gaming-giant-fairfax,https://www.gaminggiant.com/,high,"OpenStreetMap, name and city match",
https://cardshows.io/shops/gate-city-games-pocatello,https://gatecitygames.us,high,"address guess, name + city on site",Gate City Games LLC
https://cardshows.io/shops/gayas-cradle-east-providence,https://www.gayascradle.com,high,"address guess, name + city on site",Game Store in East Providence RI | Gaya’s Cradle | Gaya's Cradle
https://cardshows.io/shops/gem-mint-twins-sports-cards-wilmington,https://gemminttwinssportscards.com,high,"address guess, name + city on site",Gem Mint Twins Sports Cards - Home
https://cardshows.io/shops/generation-sports-cards-and-more-muncie,https://generationsportscards.com,high,"address guess, name + city on site","Generation Sports Cards and More — Muncie, Indiana card shop"
https://cardshows.io/shops/get-some-game-charlotte,https://www.getsomegame.com,high,"address guess, name + city on site",GetSomeGame — Charlotte's premium card shop.
https://cardshows.io/shops/get-your-fun-on-melbourne,https://getyourfunon.com,high,"address guess, name + city on site",Home
https://cardshows.io/shops/gg-hobby-card-aventura,https://gghobbycard.com,high,"address guess, name + city on site","GG Hobby — Pokemon & Sports Cards Shop | Aventura, FL"
https://cardshows.io/shops/giant-sports-cards-alpharetta,https://giantsportscards.com,high,"address guess, name + city on site",Sports Card Store | Newest Releases | Giant Sports Cards
https://cardshows.io/shops/giant-sports-cards-gainesville,https://giantsportscards.com,high,"address guess, name + city on site",Sports Card Store | Newest Releases | Giant Sports Cards
https://cardshows.io/shops/gizmos-sportscards-rockford,https://www.gizmossportscards.com,high,"address guess, name + city on site","Baseball Cards | Sports Collectibles | Rockford, IL"
https://cardshows.io/shops/global-authentics-llc-carlsbad,https://globalauthentics.com,high,"address guess, name + city on site",Global Authentics LLC - Autograph Authentication
https://cardshows.io/shops/gnome-games-appleton-east-appleton,https://gnomegames.com,high,"address guess, name + city on site",Gnome Games – Gnome Games
https://cardshows.io/shops/goalpost-sports-cards-wakefield,https://www.goalpostsportscards.com,high,"address guess, name + city on site",Sports Cards | Goalpost Sports Cards | Wakefield
https://cardshows.io/shops/goated-collectibles-peabody,https://goatedcollectibles.com,high,"address guess, name + city on site",Goated Collectibles - Shop Vintage to Modern Comics and Funko Pops!
https://cardshows.io/shops/goats-n-grails-greenville,https://goatsngrails.com/,high,"OpenStreetMap, name and city match",
https://cardshows.io/shops/gob-retail-clawson,http://gobretail.com,high,"address guess, name + city on site",GOB Retail - Michigan's Largest Game and Comic Store.
https://cardshows.io/shops/goblet-tcg-newport,https://goblettcg.com,high,"address guess, name + city on site",Goblet TCG
https://cardshows.io/shops/goblins-of-the-gorge-gresham,https://www.troutdalegames.com/goblins-of-the-gorge,high,"address guess, name + city on site",Welcome to Goblins of the Gorge! - Goin' Gaming / Discs & Dice
https://cardshows.io/shops/goin-gaming-troutdale,https://goingaming.com,high,"address guess, name + city on site",Goin’ Gaming | In-Store Gaming & Online Ordering | Troutdale
https://cardshows.io/shops/gold-glory-gaming-broadview-heights,https://www.goldandglorygaming.com/,high,"OpenStreetMap, name and city match",
https://cardshows.io/shops/golden-game-guild-golden,https://www.goldengameguild.com/,high,"OpenStreetMap, name and city match",
https://cardshows.io/shops/golden-gate-games-san-francisco,https://golden-gate-games.com,high,"address guess, name + city on site",Golden Gate Games
https://cardshows.io/shops/golden-rhino-games-ypsilanti,https://goldenrhinogames.com,high,"address guess, name + city on site",Golden Rhino Games
https://cardshows.io/shops/golem-games-north-miami-beach,https://golemgames.co,high,"address guess, name + city on site",Golem Games | Miami Game Shop | Buy Collectibles Online
https://cardshows.io/shops/gootzy-gaming-altoona,https://gootzygaming.com,high,"address guess, name + city on site","Gootzy Gaming - Tabletop Gaming Store - Altoona, PA"
https://cardshows.io/shops/graceful-gaming-clarksville,https://gracefulgaming.com,high,"address guess, name + city on site",Graceful Gaming
https://cardshows.io/shops/graded-vault-hagerstown,https://gradedvault.com,high,"address guess, name + city on site","Graded Vault | Pokémon, Sports Cards, PSA Grading & TCG Collectibles"
https://cardshows.io/shops/grand-line-collectibles-blountville,https://grandlinecollectibles.com,high,"address guess, name + city on site",Home | Grand Line Collectibles - Your Hobby Store
https://cardshows.io/shops/graybos-sports-cards-richmond,https://graybos.co,high,"address guess, name + city on site",Graybo's Sports Cards
https://cardshows.io/shops/great-american-sports-cards-bakersfield,https://www.greatamericansportscards.com,high,"address guess, name + city on site",Great American Sports Cards
https://cardshows.io/shops/gretna-sports-cards-gretna,https://www.gretnasportscards.com,high,"address guess, name + city on site",Home | Gretna Sports Cards
https://cardshows.io/shops/gripnrip-kc-bonner-springs,https://www.gripnripkc.com,high,"address guess, name + city on site",Hobby Shop | Grip’n’rip Kc | Bonner Springs
https://cardshows.io/shops/grove-warden-games-hillsboro,https://grovewarden.games,high,"OpenStreetMap, name and city match",
https://cardshows.io/shops/guardian-games-kennewick,https://www.guardiangames.com,high,"address guess, name + city on site",Guardian Games
https://cardshows.io/shops/guardian-games-portland,https://ggportland.com/pdx/,high,"OpenStreetMap, name and city match",
https://cardshows.io/shops/hammerhead-games-sacramento,https://www.hammerheadgames.net,high,"address guess, name + city on site","Hammerhead Games, Sacramento's Premier Local Game Store"
https://cardshows.io/shops/hastur-games-midvale,https://www.hasturgames.com,high,"address guess, name + city on site",Hastur Games
https://cardshows.io/shops/haven-games-nixa,https://haven-games.com,high,"address guess, name + city on site",Haven Games
https://cardshows.io/shops/hellspawn-toys-n-collectibles-bakersfield,https://hellspawntoysncollectibles.com,high,"address guess, name + city on site",Hellspawn Toys N Collectibles
https://cardshows.io/shops/heroes-and-games-columbus,https://heroesandgames.com,high,"address guess, name + city on site",Heroes and Games
https://cardshows.io/shops/heroes-and-horrors-games-windsor,https://www.heroesandhorrorsgames.com,high,"address guess, name + city on site",Welcome to Heroes and Horrors Games and Comics! - Heroes & Horrors Games
https://cardshows.io/shops/heroes-collectables-houston,https://heroescollectables.com,high,"address guess, name + city on site","Heroes Collectables - Trading Card Games - Houston, Texas"
https://cardshows.io/shops/heroes-sports-cards-virginia-beach,https://heroessportscards.com,high,"OpenStreetMap, name and city match",
https://cardshows.io/shops/hicollector-honolulu,https://www.hicollector.com,high,"address guess, name + city on site",www.hicollector.com – Specialists in all things collectibles – from comics and s
https://cardshows.io/shops/hidden-gems-card-shop-shelby-township,https://www.hiddengemscardshop.com,high,"address guess, name + city on site","Hidden Gems Sports Cards, TCG and Memorabilia – Hidden Gems Card Shop"
https://cardshows.io/shops/high-speed-collectibles-llc-winchester,https://www.highspeedcollectibles.com/,high,"OpenStreetMap, name and city match",
https://cardshows.io/shops/hits-and-holos-watertown,https://hitsandholos.com,high,"address guess, name + city on site",Hits and Holos
https://cardshows.io/shops/hobby-bunker-inc-wakefield,https://hobbybunker.com,high,"address guess, name + city on site",Hobby Bunker - Your One Stop Toy & Hobby Shop
https://cardshows.io/shops/hobby-card-shop-jupiter,https://www.hobbycardshop.com,high,"address guess, name + city on site",Hobby Card Shop
https://cardshows.io/shops/hobby-hole-montgomery,https://hobby-hole.com,high,"address guess, name + city on site",Best Miniatures Hobby Store for Tabletop Gaming Enthusiasts
https://cardshows.io/shops/hobbytown-st-george,https://hobbytown.com,high,"OpenStreetMap, name and city match",
https://cardshows.io/shops/hobbytown-toms-river-toms-river,https://www.hobbytowntomsriver.com,high,"address guess, name + city on site",Hobbytown Toms River
https://cardshows.io/shops/hobii-house-madeira,https://hobiihouse.com,high,"address guess, name + city on site","Cincinnati TCG Shop | Pokemon, Magic, Yu-Gi-Oh & More | Hobii House"
https://cardshows.io/shops/hollywood-collectibles-dania-beach,https://hollywoodcollectibles.com,high,"address guess, name + city on site",Hollywood Collectibles Sports Memorabilia
https://cardshows.io/shops/home-field-hobby-shop-coral-springs,https://homefieldhobbyshop.com,high,"address guess, name + city on site",Home Field Hobby Shop – Home Field Hobby Shop
https://cardshows.io/shops/home-team-collectibles-barrington,https://hometeamcollectibles.com,high,"address guess, name + city on site",Home Team Collectibles
https://cardshows.io/shops/hoovs-hangout-alexandria,https://hoovshangout.com,high,"address guess, name + city on site",Hoovs Hangout Card Shop – Hoov's Hangout
https://cardshows.io/shops/hot-corner-sports-cards-mesa,https://hotcornersportscards.com,high,"address guess, name + city on site","Hot Corner Sports Cards — Mesa, AZ Sports Card Shop Since 1994"
https://cardshows.io/shops/house-of-timepass-edison,https://www.houseoftimepass.com,high,"address guess, name + city on site",House of Timepass | Desi Party Card Games & Gifts – House Of Timepass
https://cardshows.io/shops/houston-sports-connection-houston,http://houstonsportsconnection.net,high,"address guess, name + city on site",Houston Sports Connection
https://cardshows.io/shops/icons-and-legends-memorabilia-mesa,https://iconsandlegendsmemorabilia.com,high,"address guess, name + city on site",ICONS AND LEGENDS MEMORABILIA
https://cardshows.io/shops/ideal-808-honolulu,https://www.ideal808.com,high,"address guess, name + city on site",Ideal808 Inc. - Specializing in all your favorite Trading Card Games like Yu-Gi-
https://cardshows.io/shops/ignition-sports-cards-wilmington,https://www.ignitionsportscards.com,high,"address guess, name + city on site","Ignition Sports Cards | Wilmington, NC"
https://cardshows.io/shops/illusive-comics-games-llc-santa-clara,https://www.illusivecomics.com/,high,"OpenStreetMap, name and city match",
https://cardshows.io/shops/immortals-inc-rocky-river,https://immortalsinc.com/,high,"OpenStreetMap, name and city match",
https://cardshows.io/shops/impact-sports-cards-colorado-springs,https://impactsportscards.com,high,"address guess, name + city on site",Impact Sports Cards & Collectibles
https://cardshows.io/shops/indiana-sportscard-guys-milford,https://www.indianasportscardguys.com,high,"address guess, name + city on site",Indiana Sportscard Guys
https://cardshows.io/shops/indy-card-exchange-indianapolis,https://indycardexchange.com,high,"address guess, name + city on site",Indy Card Exchange
https://cardshows.io/shops/infinite-heroes-games-nampa,https://infiniteheroesgames.com,high,"address guess, name + city on site",Infinite Heroes Games
https://cardshows.io/shops/infinity-game-lounge-clarksville,https://infinitygamelounge.com,high,"address guess, name + city on site","Infinity Game Lounge — WPN Premium Stores in Clarksville, TN"
https://cardshows.io/shops/insomniac-collectibles-bellflower,https://collectiblecardsbellflower.com/,high,"OpenStreetMap, name and city match",
https://cardshows.io/shops/irish-nostalgia-south-bend,https://irishnostalgia.com,high,"address guess, name + city on site",Notre Dame Gifts & Licensed Accessories | Irish Nostalgia
https://cardshows.io/shops/irl-cards-tucson,https://irlcards.com,high,"address guess, name + city on site",IRL Cards - Home
https://cardshows.io/shops/iron-horse-hobby-house-reading,http://www.ironhorsehobby.com,high,"address guess, name + city on site",Iron Horse Hobby House – Reading PA's Premier Hobby Shop
https://cardshows.io/shops/j-and-j-gaming-factory-glendale,https://jandjgamingfactory.com,high,"address guess, name + city on site",J and J Gaming Factory
https://cardshows.io/shops/jacksonville-sports-cards-jacksonville,http://jacksonvillesportscards.com,high,"address guess, name + city on site","Jacksonville Sports Cards, Trading Cards, Jaguars,"
https://cardshows.io/shops/jays-cd-and-hobby-west-des-moines,https://www.jaystoysandgames.com,high,"address guess, name + city on site","Jay's Toys And Games | Buy Action Figures, TCG, Collectibles & More | Jay's Toys"
https://cardshows.io/shops/jays-cd-hobby-des-moines,http://www.jayscdandhobby.com/,high,"OpenStreetMap, name and city match",
https://cardshows.io/shops/jc-hobby-norfolk,https://jchobby.com,high,"address guess, name + city on site","Nebraska's Trading Card Store – Pokémon, Magic, PSA Cards | JC Hobby – JC HOBBY"
https://cardshows.io/shops/jeffs-sports-inc-brookfield,https://www.jeffssports.com,high,"address guess, name + city on site","Milwaukee Sports Memorabilia | Wisconsin Sports Autographs, Custom Framing, Spor"
https://cardshows.io/shops/jerseys-cards-comics-llc-hayes,https://www.jerseyscc.com/,high,"OpenStreetMap, name and city match",
https://cardshows.io/shops/jjck-collectibles-port-st-lucie,https://jjckcollectibles.com,high,"address guess, name + city on site","JJCK Collectibles | Sports Cards, Pokémon, One Piece & More in Treasure Coast"
https://cardshows.io/shops/jt-sports-collectibles-marietta,https://jtsportscollectibles.com,high,"address guess, name + city on site",JT Sports Collectibles
https://cardshows.io/shops/jww-sports-cards-gaming-fargo,https://jwwcards.com,high,"address guess, name + city on site",JWW Sports Cards & Gaming
https://cardshows.io/shops/k0s-card-shop-avon,https://k0scardshop.com,high,"address guess, name + city on site","k0s Card Shop - Indiana's Premier TCG Destination | Avon, IN"
https://cardshows.io/shops/kaleido-tcg-jersey-city,https://kaleidotcg.com,high,"address guess, name + city on site",Kaleido TCG - Trading Card Game Store
https://cardshows.io/shops/kaos-gamer-lounge-margate,https://kaosgamerlounge.com,high,"address guess, name + city on site",Kaos Gamer Lounge
https://cardshows.io/shops/kaskade-games-brownsville,https://kaskadegames.com,high,"address guess, name + city on site","Kaskade Games | Premier Trading Card Game Store – Pokémon, Magic: The Gathering,"
https://cardshows.io/shops/kassars-games-morgantown,https://kassarsgames.com,high,"address guess, name + city on site",Kassar's Games
https://cardshows.io/shops/kidforce-collectibles-berea,https://kidforcecollectibles.com,high,"address guess, name + city on site","Kidforce Collectibles - Comics, Games, Toys , and More!"
https://cardshows.io/shops/king-slayer-cards-miami,https://kingslayercards.com,high,"address guess, name + city on site",King Slayer Cards
https://cardshows.io/shops/kingdom-collectibles-fresno,https://www.kingdomcollectibles.us/,high,"OpenStreetMap, name and city match",
https://cardshows.io/shops/kings-baseball-cards-berkeley,https://www.kingsbaseballcards.com,high,"address guess, name + city on site","King's Baseball Cards - Berkeley, San Francisco Bay Area"
https://cardshows.io/shops/kings-table-games-missoula,https://kingstablegames.com,high,"address guess, name + city on site",King's Table Games – King's Table Games
https://cardshows.io/shops/kingslayer-games-fountain-valley,https://www.kingslayergames.com,high,"address guess, name + city on site",Kingslayer Games - Kingslayer Games
https://cardshows.io/shops/kingslayer-games-lake-forest,https://www.kingslayergames.com,high,"address guess, name + city on site",Kingslayer Games - Kingslayer Games
https://cardshows.io/shops/kingslayer-games-oceanside,https://www.kingslayergames.com,high,"address guess, name + city on site",Kingslayer Games - Kingslayer Games
https://cardshows.io/shops/knight-day-games-las-vegas,https://knightanddaygames.com,high,"address guess, name + city on site",Knight & Day Games
https://cardshows.io/shops/kobolds-keep-sparks,https://koboldskeep.com/,high,"OpenStreetMap, name and city match",
https://cardshows.io/shops/kollectible-kings-virginia-beach,https://kollectiblekings.com,high,"address guess, name + city on site",Kollectible Kings Sports Cards & Authorized Funko Retailer
https://cardshows.io/shops/korka-comics-miami,https://www.korkacomics.com,high,"address guess, name + city on site",Korka Comics | South Florida Comics and Collectibles
https://cardshows.io/shops/korka-comics-pembroke-pines,https://www.korkacomics.com,high,"address guess, name + city on site",Korka Comics | South Florida Comics and Collectibles
https://cardshows.io/shops/kozees-emporium-altoona,https://www.kozeesemporium.com,high,"address guess, name + city on site",Kozee's Sports Emporium | Shop Now for Sports Gear & Memorabilia
https://cardshows.io/shops/la-sports-cards-burbank,https://lasportscards.com,high,"address guess, name + city on site","LA Sports Cards | Sports Cards, Pokémon & TCG Shop – Burbank & Glendale"
https://cardshows.io/shops/la-sports-cards-glendale,https://lasportscards.com,high,"address guess, name + city on site","LA Sports Cards | Sports Cards, Pokémon & TCG Shop – Burbank & Glendale"
https://cardshows.io/shops/lake-country-cards-oconomowoc,https://www.lakecountrycards.com,high,"address guess, name + city on site",Grading | Lake Country Cards | Oconomowoc
https://cardshows.io/shops/latitude-sports-memorabilia-centennial,https://latitudesm.com,high,"address guess, name + city on site",Latitude Sports Memorabilia (Formerly Latitude Sports Marketing)
https://cardshows.io/shops/layton-gaming-altamonte-springs,https://laytongaming.com,high,"address guess, name + city on site",Layton Gaming - Hobby shop specializing in Trading Cards & Live Breaks
https://cardshows.io/shops/layton-sports-cards-altamonte-springs,https://laytonsportscards.com,high,"address guess, name + city on site",Layton Sports Cards - Specializing in Sports Cards & Live Case Breaks
https://cardshows.io/shops/lazarus-games-harrisburg,https://lazarus-games.com,high,"address guess, name + city on site",Lazarus Games
https://cardshows.io/shops/lcg-signatures-newport-beach,https://lcgsignatures.com,high,"address guess, name + city on site",Signed Memorabilia of Sports Stars & Collectibles Newport Beach CA
https://cardshows.io/shops/legends-comics-and-games-fresno,https://legendscomics-games.com/,high,"OpenStreetMap, name and city match",
https://cardshows.io/shops/level-one-game-shop-kansas-city,https://levelonegameshop.com,high,"address guess, name + city on site",Level One Game Shop - Kansas City's Board Game and Table Top Store
https://cardshows.io/shops/level-two-games-avon,https://leveltwogames.com,high,"address guess, name + city on site",Home
https://cardshows.io/shops/level-up-superior-superior,https://levelupsuperior.com,high,"address guess, name + city on site","Level UP Superior | Superior, WI"
https://cardshows.io/shops/linkuptcg-pawtucket,https://www.linkuptcg.com,high,"address guess, name + city on site","LinkUpTCG | TCG Store | Pawtucket, RI"
https://cardshows.io/shops/lionheart-games-llc-waite-park,https://www.lionheartgamesmn.com/,high,"OpenStreetMap, name and city match",
https://cardshows.io/shops/liquid-sports-cards-llc-cincinnati,https://homebasecardshop.com,high,"address guess, name + city on site",Liquid Sports Cards
https://cardshows.io/shops/little-big-wars-fargo,https://littlebigwars.com,high,"address guess, name + city on site","Little Big Wars!, Live, Create, and Play Epic Moments"
https://cardshows.io/shops/little-wars-baton-rouge,https://littlewars.com,high,"address guess, name + city on site",Little Wars | ROLEPLAYING | WARGAMES | MINIATURES
https://cardshows.io/shops/ljs-card-shop-columbus,https://ljscardshop.com,high,"address guess, name + city on site",LJ's Sport Cards and Collectibles – LJ's Card Shop
https://cardshows.io/shops/lobocards-orlando,https://www.lobocards.com,high,"address guess, name + city on site","Lobo Cards Orlando | TCG Shop – Buy, Sell, Trade & Play | Lobo Cards"
https://cardshows.io/shops/lodestone-coffee-and-games-llc-minnetonka,https://lodestonegames.com,high,"address guess, name + city on site","Lodestone Coffee and Games – Drinks, games, and community"
https://cardshows.io/shops/longwinggaming-bismarck,https://www.longwinggaming.com,high,"address guess, name + city on site",Home | Longwing Gaming
https://cardshows.io/shops/loot-card-shop-whitmore-lake,https://lootcardshop.com,high,"address guess, name + city on site",Loot Card Shop – Loot Card Shop
https://cardshows.io/shops/lord-rush-collectibles-frisco,https://www.lordrushcollectibles.com,high,"address guess, name + city on site","High-Quality Pokémon Cards & TCG Collectibles in Frisco, TX | Lord Rush Collecti"
https://cardshows.io/shops/lost-levels-card-shop-claremont,https://lostlevelscardshop.com,high,"address guess, name + city on site",Lost Levels | Sports Card Shop + TCG
https://cardshows.io/shops/louisville-sports-cards-louisville,https://louisvillesportscards.com,high,"address guess, name + city on site","Louisville Sports Cards - Card Shop in Louisville, KY – LSC"
https://cardshows.io/shops/lv-collectibles-las-vegas,https://lvcollectables.com,high,"address guess, name + city on site",LV Collectibles
https://cardshows.io/shops/magelings-games-columbia,https://magelingsgames.crystalcommerce.com,high,"address guess, name + city on site",Magelings Games
https://cardshows.io/shops/mages-sanctum-austin,https://magessanctum.com,high,"address guess, name + city on site",Mage's Sanctum - Austin's Premier Table Top and TCG Gaming Store!!!
https://cardshows.io/shops/magic-city-comics-and-collectibles-barberton,https://stuffgenieonline.com/,high,"OpenStreetMap, name and city match",
https://cardshows.io/shops/main-phase-one-evansville,https://www.mainphaseone.com,high,"address guess, name + city on site","Card Shop and Playspace in Evansville, IN | Main Phase One"
https://cardshows.io/shops/main-street-collectibles-san-diego,https://mainstreetcollectibles.com,high,"address guess, name + city on site",mainstreetcollectibles.com | About Mainstreet Collectibles
https://cardshows.io/shops/major-sports-cards-mineola,https://majorsportscards.com,high,"address guess, name + city on site","Major Sports Cards – Baseball Cards, Football Cards"
https://cardshows.io/shops/marbleheads-games-kenosha,https://marbleheadsgames.com,high,"address guess, name + city on site","Marblehead's Games In Kenosha, Wisconsin%"
https://cardshows.io/shops/marks-card-shop-downers-grove,https://www.markscardshop.com,high,"address guess, name + city on site",Marks Card Shop – Mark's Card Shop
https://cardshows.io/shops/matts-dugout-wellington,https://mattsdugout.com,high,"address guess, name + city on site",Matt’s Dugout Sports Cards-Top Sports Card Store in Palm Beach County
https://cardshows.io/shops/maui-sports-cards-kahului,https://mauisportscards.com,high,"address guess, name + city on site",Maui Sports Cards
https://cardshows.io/shops/med-city-sports-cards-rochester,https://medcitysportscards.com,high,"address guess, name + city on site",Find the Best Sports Card Shops Near You
https://cardshows.io/shops/medieval-starship-somerset,https://medievalstarship.com,high,"address guess, name + city on site",Medieval Starship
https://cardshows.io/shops/meeples-games-seattle,https://meeplesgames.com,high,"OpenStreetMap, name and city match",
https://cardshows.io/shops/mega-box-cards-coral-springs,https://megaboxcards.com,high,"address guess, name + city on site",Sports & Pokemon super store
https://cardshows.io/shops/mellenade-memphis,https://mellenade.com,high,"address guess, name + city on site",Home - Mellenade
https://cardshows.io/shops/memorabilia-magic-tampa,https://www.memorabiliamagic.com,high,"address guess, name + city on site",Memorabilia Magic
https://cardshows.io/shops/merlion-games-san-carlos,https://www.merliongames.com,high,"address guess, name + city on site",Merlion Games
https://cardshows.io/shops/mero-games-oxnard,https://www.merogames.com,high,"address guess, name + city on site","Mero Games | Pokemon, Retro Video Game & Collectible Store"
https://cardshows.io/shops/mesa-top-games-toys-los-alamos,https://www.mesatopgames.com/,high,"OpenStreetMap, name and city match",
https://cardshows.io/shops/meta-games-unlimited-inc-springfield,https://www.mguinc.com,high,"address guess, name + city on site",Meta-Games Unlimited – Meta-Games
https://cardshows.io/shops/michiana-sports-cards-granger,https://www.michianasportscards.com,high,"address guess, name + city on site",Home | Michiana Sports Cards
https://cardshows.io/shops/mid-south-hobbies-memphis,https://midsouthhobbies.com,high,"address guess, name + city on site","Mid-South Hobbies Memphis, TN - R/C Cars, Games, Models, & Kits"
https://cardshows.io/shops/middle-tennessee-gaming-nashville,https://middletennesseegaming.com,high,"address guess, name + city on site",Middle Tennessee Gaming
https://cardshows.io/shops/midgard-hobbies-and-games-inc-derry,https://www.midgardhobbiesandgames.com,high,"address guess, name + city on site",Midgard Hobbies and Games | Game Store in Derry New Hampshire | 55 Crystal Avenu
https://cardshows.io/shops/midwest-cards-columbus,https://www.midwestcards.com,high,"address guess, name + city on site",Sports Card Boxes & Cases | Midwest Cards
https://cardshows.io/shops/mill-creek-sports-mill-creek,https://www.millcreeksports.com,high,"address guess, name + city on site",Autographed Sports Memorabilia & Trading Cards | Mill Creek Sports
https://cardshows.io/shops/millennium-games-rochester,https://millenniumgames.com/,high,"OpenStreetMap, name and city match",
https://cardshows.io/shops/miltons-collectibles-farmers-branch,https://miltonscollectibles.com,high,"address guess, name + city on site",Milton's Collectibles
https://cardshows.io/shops/mimics-market-pittsburgh,https://mimicsmarket.com/,high,"OpenStreetMap, name and city match",
https://cardshows.io/shops/mint-10-collectibles-ridgeland,https://mint10collectibles.com,high,"address guess, name + city on site",Mint 10 Collectibles
https://cardshows.io/shops/mint-models-albany,https://mintmodels.com,high,"address guess, name + city on site",Mint Models
https://cardshows.io/shops/missingno-games-appleton,https://missingnogames.com,high,"address guess, name + city on site",MissingNo. Games
https://cardshows.io/shops/misty-mountain-games-madison,https://www.mistymountaingames.com,high,"address guess, name + city on site",Misty Mountain Games | Madison | Wisconsin
https://cardshows.io/shops/mn-sportscards-monticello,https://mnsportscards.com,high,"address guess, name + city on site",Sports Trading Cards & Pokemon Card Sets | MN Sports Cards
https://cardshows.io/shops/mnp-collectz-fayetteville,https://mnpcollectz.com,high,"address guess, name + city on site",MNP Collectz – My Store
https://cardshows.io/shops/modern-games-bend,https://www.moderngamesbend.com/,high,"OpenStreetMap, name and city match",
https://cardshows.io/shops/montasy-comics-nyc-new-york,https://www.montasycomicsnyc.com,high,"address guess, name + city on site",MONTASY COMICS NYC - Events and Activities
https://cardshows.io/shops/more-fun-sports-cards-dyer,https://morefunsportscards.com,high,"address guess, name + city on site",More Fun Sportscards Store
https://cardshows.io/shops/mothership-books-and-games-austin,https://mothershipatx.com/,high,"OpenStreetMap, name and city match",
https://cardshows.io/shops/mox-archives-and-games-new-bedford,https://moxarchivesandgames.com,high,"address guess, name + city on site",Mox Archives and Games | New Bedford Game Store
https://cardshows.io/shops/mox-boarding-house-bellevue,https://www.moxboardinghouse.com/bellevue/,high,"OpenStreetMap, name and city match",
https://cardshows.io/shops/mox-boarding-house-chandler,https://www.moxboardinghouse.com,high,"address guess, name + city on site","Mox Boarding House | Board Game Stores, Restaurants & Event Spaces"
https://cardshows.io/shops/mox-boarding-house-seattle,https://www.moxboardinghouse.com/ballard/,high,"OpenStreetMap, name and city match",
https://cardshows.io/shops/mox-mania-llc-madison,https://www.moxmania.com,high,"address guess, name + city on site",Mox Mania
https://cardshows.io/shops/mox-valley-games-springfield,https://moxvalleygames.tcgplayerpro.com/,high,"OpenStreetMap, name and city match",
https://cardshows.io/shops/moxie-card-shop-des-moines,https://moxiecardshop.com,high,"address guess, name + city on site",Your international card shop! 🌎 TCG exclusives from around the world. – Moxie Ca
https://cardshows.io/shops/mugu-games-everett,https://www.mugugames.com,high,"address guess, name + city on site",MuGu Games
https://cardshows.io/shops/murphs-card-town-chepachet,https://murphscardtown.com,high,"address guess, name + city on site",Murph's Card Town – Murph's Card Town
https://cardshows.io/shops/myextracards-st-johns,https://myextracards.com,high,"address guess, name + city on site",Autographed/Signed Sports Trading Cards – Hobby Boxes Sports Trading Cards - MyE
https://cardshows.io/shops/mystic-tcg-chesterfield,https://mystictcg.com,high,"address guess, name + city on site",Mystic TCG
https://cardshows.io/shops/mystical-mayhem-springfield,https://tradingbloc.crystalcommerce.com/,high,"OpenStreetMap, name and city match",
https://cardshows.io/shops/mythic-hobbies-miami,https://mythic-hobbies.com,high,"address guess, name + city on site",Mythic Hobbies | Miami Card Shop | Collectibles & More
https://cardshows.io/shops/mythic-mercantile-duluth,https://mythicmercantile.com,high,"address guess, name + city on site",Home Page - Mythic Mercantile
https://cardshows.io/shops/nashcards-brentwood,https://nashcards.com,high,"address guess, name + city on site",Homepage - Nashcards
https://cardshows.io/shops/nashcards-cordova,https://nashcards.com,high,"address guess, name + city on site",Homepage - Nashcards
https://cardshows.io/shops/nashcards-mt-juliet,https://nashcards.com,high,"address guess, name + city on site",Homepage - Nashcards
https://cardshows.io/shops/nerdzkingdom-showcase-aurora,https://www.nerdzkingdomshowcase.com,high,"address guess, name + city on site",The Nerdzkingdom Showcase | Join the Card Game Revolution Now
https://cardshows.io/shops/neuhart-cards-delaware,https://www.neuhartcards.com,high,"address guess, name + city on site",Home | Neuhart Cards
https://cardshows.io/shops/new-england-sportscards-amherst,https://newenglandsportscards.com,high,"address guess, name + city on site",New England Sports Cards - Box Breaks and Card Shows
https://cardshows.io/shops/ngamedrip-knoxville,https://linktr.ee/ngamedrip,high,"address guess, name + city on site",". Official: TikTok, Instagram, X, Facebook, Threads | Linktree"
https://cardshows.io/shops/nicky-migz-collectibles-waukesha,https://nickymigzcollectibles.com,high,"address guess, name + city on site","Nicky Migz Collectibles, Buy Pokémon, Yu-Gi-Oh!, and MTG Cards"
https://cardshows.io/shops/nikco-sports-chesterfield,https://nikcosports.com,high,"address guess, name + city on site",Nikco Sports Memorabilia and Sports Collectibles
https://cardshows.io/shops/ninjacat-card-shop-naperville,https://ninjacatcardshop.tcgplayerpro.com/,high,"OpenStreetMap, name and city match",
https://cardshows.io/shops/nintendo-new-york-new-york,https://www.nintendo.com/us/retail-locations/new-york/,high,"OpenStreetMap, name and city match",
https://cardshows.io/shops/noble-knight-games-fitchburg,https://www.nobleknight.com/,high,"OpenStreetMap, name and city match",
https://cardshows.io/shops/north-tampa-collectibles-lutz,https://ntcollects.com,high,"address guess, name + city on site",NT Collects | North Tampa Collectibles
https://cardshows.io/shops/northeast-collectibles-brewer,https://northeastcollectibles.net,high,"address guess, name + city on site","Comic Book Store, Video Game Store | Gaming Store | Brewer, ME | Northeast Colle"
https://cardshows.io/shops/northland-hobbies-flagstaff,https://northlandhobbies.com,high,"address guess, name + city on site",Northland Hobbies
https://cardshows.io/shops/nu-yeer-games-hobart,https://www.nuyeergames.com,high,"address guess, name + city on site",Nu Yeer Games
https://cardshows.io/shops/nwa-sports-cards-bentonville,https://nwasportscards.com,high,"address guess, name + city on site",NWA Sports Cards
https://cardshows.io/shops/nwi-cards-merrillville,https://nwicards.com,high,"OpenStreetMap, name and city match",
https://cardshows.io/shops/nxt-legaci-new-york,https://nxtlegaci.com,high,"address guess, name + city on site","NXT Legaci | Shop Pokémon, TCG, Graded Collectibles & Accessories – Nxt Legaci"
https://cardshows.io/shops/oak-city-sports-cards-raleigh,https://oakcitycards.com,high,"address guess, name + city on site",Oak City Sports Cards Home Page
https://cardshows.io/shops/ocsc-sports-cards-llc-crestwood,https://ocscsportscards.com,high,"address guess, name + city on site",Buy Sports Cards Online | OCSC Sports Cards
https://cardshows.io/shops/off-the-charts-games-gresham,http://www.offthechartsgames.com/,high,"OpenStreetMap, name and city match",
https://cardshows.io/shops/off-the-rails-gaming-opelika,https://offtherailsgaming.com,high,"address guess, name + city on site",Off The Rails Gaming
https://cardshows.io/shops/offcourt-tcg-arlington,https://offcourttcg.com,high,"address guess, name + city on site",Trading card games – OffCourtTCG
https://cardshows.io/shops/ohio-card-exchange-centerville,https://ohiocardexchange.com,high,"address guess, name + city on site",Ohio Card Exchange
https://cardshows.io/shops/old-town-hobbies-and-games-albuquerque,https://www.oldtownhobbiesandgames.com,high,"address guess, name + city on site",Home | Old Town Hobbies 1
https://cardshows.io/shops/olivers-sports-wichita,https://www.oliverssports.com,high,"address guess, name + city on site","Oliver's Sports | Sports Cards and Memorabilia in Wichita, Kansas"
https://cardshows.io/shops/omega-level-gaming-washington,https://www.omegalevelgaming.com,high,"address guess, name + city on site","Omega Level Gaming youre one stop shop for all TCG, TTG, and Comic needs! | Expl"
https://cardshows.io/shops/omnisource-games-westport,https://www.omnisourcegames.com,high,"address guess, name + city on site",OmniSource Games | Discover Gaming Fun
https://cardshows.io/shops/one-drop-game-shop-wichita,https://onedropgameshop.com,high,"address guess, name + city on site",One Drop Game Shop – Learn – Play – Compete
https://cardshows.io/shops/one-eyed-jacques-richmond,https://oneeyedjacques.com/,high,"OpenStreetMap, name and city match",
https://cardshows.io/shops/opal-grove-games-detroit,https://www.opalgrovegames.com,high,"address guess, name + city on site",Opal Grove Games
https://cardshows.io/shops/p-t-sports-cards-whitman,http://www.ptsportscards.net,high,"address guess, name + city on site",P&T Sports Cards: Your #1 Hobby Store for Sports Cards and Memorabilia
https://cardshows.io/shops/packers-pro-shop-green-bay,https://www.packersproshop.com,high,"address guess, name + city on site",Packers Pro Shop - The Official Retail Store of the Green Bay Packers
https://cardshows.io/shops/pair-a-dice-games-vista,https://pairadicegames.com,high,"address guess, name + city on site",Pair A Dice Games | Premier Fine Games Retailer North County San Diego
https://cardshows.io/shops/palm-beach-autographs-jacksonville,https://www.palmbeachautographs.com,high,"address guess, name + city on site",Authentic Sports Memorabilia & Live Signings | Florida & TN – Palm Beach Autogra
https://cardshows.io/shops/palmetto-cards-lexington,https://palmettocards.com,high,"address guess, name + city on site",Palmetto Cards
https://cardshows.io/shops/palmetto-collectables-charlotte,https://palmettocollectables.com,high,"address guess, name + city on site",Palmetto Collectables
https://cardshows.io/shops/pandemonium-books-games-cambridge,https://pandemoniumbooks.com/,high,"OpenStreetMap, name and city match",
https://cardshows.io/shops/pandemonium-games-and-hobbies-garden-city,https://pandogames.com/,high,"OpenStreetMap, name and city match",
https://cardshows.io/shops/paper-heros-games-huntington-beach,https://paperherosgames.com,high,"address guess, name + city on site",Paper Hero's Games - PHG | Game Shop
https://cardshows.io/shops/pats-games-austin,https://patsgames.com,high,"address guess, name + city on site",Pats Games Specializing In Magic The Gathering and Lorcana Products
https://cardshows.io/shops/paul-carl-cards-herkimer,https://www.paulcarlcards.com,high,"address guess, name + city on site",Paul Carl Cards — Sports Card Consignment
https://cardshows.io/shops/pauls-gamerzone-massillon,https://www.pauls-gamerzone.com,high,"address guess, name + city on site",Paul's Gamerzone
https://cardshows.io/shops/peach-state-games-woodstock,https://peachstategames.com,high,"address guess, name + city on site",Peach State Games - Woodstock Hobby Store
https://cardshows.io/shops/pegasus-games-madison,https://pegasusgames.com,high,"address guess, name + city on site",Pegasus Games
https://cardshows.io/shops/peninsula-sports-cards-belmont,https://www.peninsulasportscards.com,high,"address guess, name + city on site",Peninsula Sports Cards‎
https://cardshows.io/shops/phantom-card-shop-collingswood,https://phantomcardshop.com,high,"address guess, name + city on site",Top NJ based shop for Japanese & English Pokémon Cards and Lorcana – Phantom Car
https://cardshows.io/shops/phantom-card-vault-clearwater,https://phantomcardvault.com,high,"address guess, name + city on site",Phantom Card Vault
https://cardshows.io/shops/phantom-of-the-attic-games-pittsburgh,http://www.pota-oakland.com/,high,"OpenStreetMap, name and city match",
https://cardshows.io/shops/philly-tcg-philadelphia,https://phillytcg.com,high,"address guess, name + city on site","PhillyTCG | Pokemon, Magic & One Piece | Buy Sell & Trade – Philly TCG"
https://cardshows.io/shops/phoenix-cards-phoenix,https://phoenixcards.com,high,"address guess, name + city on site","CCG, TCG, Collectables, Figures and More - Phoenix Cards"
https://cardshows.io/shops/phyrexian-life-games-scarborough,https://phyrexianlifegames.com/,high,"OpenStreetMap, name and city match",
https://cardshows.io/shops/pineapple-collectibles-henderson,https://pineapplecollectibles.com/,high,"OpenStreetMap, name and city match",
https://cardshows.io/shops/pink-bunny-games-south-milwaukee,https://www.pinkbunnygames.com,high,"OpenStreetMap, name and city match",
https://cardshows.io/shops/play-and-talk-mobile,https://www.playandtalk.com/,high,"OpenStreetMap, name and city match",
https://cardshows.io/shops/play-the-game-read-the-story-syracuse,http://playthegamereadthestory.com/locations,high,"OpenStreetMap, name and city match",
https://cardshows.io/shops/player-1-services-kensington,https://www.playeroneservices.com/,high,"OpenStreetMap, name and city match",
https://cardshows.io/shops/playmakers-gcc-hudsonville,https://playmakersgcc.com,high,"address guess, name + city on site",Playmakers GCC
https://cardshows.io/shops/poke-collect-madison,https://poke-collect.com,high,"address guess, name + city on site",Poke-Collect Pokemon Trading Cards & Collectibles Super Store
https://cardshows.io/shops/poke-pine-cabin-crestline,https://pokepinecabin.com,high,"address guess, name + city on site","Poke Pine Cabin | Family-Owned Pokemon Shop in Crestline, CA"
https://cardshows.io/shops/pokeoasis-fort-worth,https://pokeoasis.com,high,"address guess, name + city on site",PokeOasis
https://cardshows.io/shops/pop-culture-archives-new-brighton,https://www.popculturearchives.com,high,"address guess, name + city on site",HOME | Pop Culture Archives
https://cardshows.io/shops/pop-culture-rama-gainesville,https://popculturerama.com,high,"address guess, name + city on site",POPCULTURERAMA.com | POPCULTURERAMA.com
https://cardshows.io/shops/popculture-3d-central-point,https://www.popculture3d.com,high,"address guess, name + city on site","Pop Culture 3D | Pokémon & Trading Cards in Central Point, OR"
https://cardshows.io/shops/port-city-sports-collectibles-wilmington,https://portcitysportscollectibles.com,high,"address guess, name + city on site",Port City Sports Collectibles
https://cardshows.io/shops/power-9-games-north-las-vegas,https://www.powerninegames.com/,high,"OpenStreetMap, name and city match",
https://cardshows.io/shops/powers-sports-memorabilia-lee-s,https://powerssportsmemorabilia.com,high,"address guess, name + city on site",Authentic Sports Memorabilia | Powers Sports Memorabilia
https://cardshows.io/shops/prism-games-chicago-chicago,https://www.prismgameschicago.com,high,"address guess, name + city on site","Prism Games Chicago | Games In Chicago | 2874 North Milwaukee Avenue, Chicago, I"
https://cardshows.io/shops/pro-play-games-miami,https://pro-playgames.com,high,"address guess, name + city on site","Pro-Play Games | TCG Singles, Sealed Products & Accessories"
https://cardshows.io/shops/project-midnite-carlsbad,https://projectmidnite.com,high,"address guess, name + city on site","Project Midnite - Your Card & Game Shop in Carlsbad, CA"
https://cardshows.io/shops/pullwax-miami,https://pullwax.com,high,"address guess, name + city on site",Top-Quality Sports Cards Online | Exclusive Rare Collection at PullWax
https://cardshows.io/shops/quantum-sports-cleveland,https://qsportsgroup.com/,high,"OpenStreetMap, name and city match",
https://cardshows.io/shops/quarterstaff-games-burlington,https://quarterstaffgames.com,high,"address guess, name + city on site",Quarterstaff Games
https://cardshows.io/shops/quinns-trading-cards-manchester,https://www.quinnstradingcards.com,high,"address guess, name + city on site",Quinns Trading Cards | Home | United States
https://cardshows.io/shops/r-card-place-auburn,https://www.rcardplace.com,high,"address guess, name + city on site",R CARD PLACE - Home
https://cardshows.io/shops/r-e-v-collectibles-houston,https://www.revcollectibles.com,high,"address guess, name + city on site",R.E.V. Collectibles
https://cardshows.io/shops/rad-lad-games-mahomet,https://www.radladgames.com,high,"OpenStreetMap, name and city match",
https://cardshows.io/shops/ragingeek-comics-toys-metuchen,https://www.ragingeek.com/,high,"OpenStreetMap, name and city match",
https://cardshows.io/shops/rare-and-sleeveless-inc-san-diego,https://rareandsleeveless.com,high,"address guess, name + city on site",Rare and Sleeveless
https://cardshows.io/shops/ravenswood-comics-new-hartford,https://ravenswoodcomics.com,high,"address guess, name + city on site",CNY’s Premier Comics Shop! - Ravenswood Comics
https://cardshows.io/shops/real-sportscards-blaine,https://realsportscards.com,high,"address guess, name + city on site","Real Sportscards | Champlin & Blaine, MN | Shop Packs, Boxes, Graded Cards and M"
https://cardshows.io/shops/real-sportscards-champlin,https://realsportscards.com,high,"address guess, name + city on site","Real Sportscards | Champlin & Blaine, MN | Shop Packs, Boxes, Graded Cards and M"
https://cardshows.io/shops/recess-games-north-olmsted,https://www.recess.net/,high,"OpenStreetMap, name and city match",
https://cardshows.io/shops/recycled-entertainment-amarillo,https://recycledentertainment.crystalcommerce.com/,high,"OpenStreetMap, name and city match",
https://cardshows.io/shops/red-castle-games-portland,https://redcastlegames.com,high,"address guess, name + city on site",Red Castle Games – it's your turn.
https://cardshows.io/shops/red-curtain-comics-collectibles-akron,https://redcurtaincomics.com,high,"OpenStreetMap, name and city match",
https://cardshows.io/shops/red-raccoon-games-bloomington,https://redraccoongames.com,high,"address guess, name + city on site",Red Raccoon Games | We Sell Fun!
https://cardshows.io/shops/redhammers-appleton,http://red-hammers.com/,high,"OpenStreetMap, name and city match",
https://cardshows.io/shops/rekreation-games-chandler,https://www.rekreationgames.com/,high,"OpenStreetMap, name and city match",
https://cardshows.io/shops/reliquary-gaming-chesterton,https://linktr.ee/reliquarygaming,high,"OpenStreetMap, name and city match",
https://cardshows.io/shops/replay-sports-cards-seymour,https://www.replaysportscards.com,high,"address guess, name + city on site",Replay Sports Cards
https://cardshows.io/shops/reset-games-bellingham,http://anothercastlegames.com,high,"OpenStreetMap, name and city match",
https://cardshows.io/shops/retrofix-games-missoula,https://www.retrofixgames.com,high,"address guess, name + city on site","Retrofix Games - Board Games, TCG, Magic the Gathering Events & More"
https://cardshows.io/shops/rets-card-utopia-rome,https://retscardutopia.com,high,"address guess, name + city on site",Ret's Card Utopia
https://cardshows.io/shops/revolution-cards-elmont,https://revolutioncardsllc.com/,high,"OpenStreetMap, name and city match",
https://cardshows.io/shops/rgm-retro-games-perris,https://www.rgmretrogames.com,high,"address guess, name + city on site",Retro Video Game Store in Perris CA | RGM
https://cardshows.io/shops/ribbit-tcg-collectibles-las-vegas,https://ribbittcgcollectibles.com,high,"address guess, name + city on site","Ribbit TCG & Collectibles | Pokémon, Lorcana, Magic & More in Las Vegas"
https://cardshows.io/shops/riddle-valley-games-juneau,https://riddlevalleygames.com,high,"address guess, name + city on site",Riddle Valley Games
https://cardshows.io/shops/riftgate-games-murray,https://riftgate.com/,high,"OpenStreetMap, name and city match",
https://cardshows.io/shops/riftgate-provo,https://riftgate.com,high,"address guess, name + city on site",Riftgate | Products For Every Gaming Adventure
https://cardshows.io/shops/right-field-sports-cards-barberton,https://rightfieldsportscards.com,high,"address guess, name + city on site",Right Field Sports Cards
https://cardshows.io/shops/ring-sportscards-tecumseh,https://ringsportscards.com,high,"address guess, name + city on site",Ring Sportscards | Buy & Sell Sports & Pokémon Cards
https://cardshows.io/shops/rio-grande-realms-rio-rancho,https://www.riogranderealms.com,high,"address guess, name + city on site",Rio Grande Realms
https://cardshows.io/shops/rip-n-card-trick-llc-mcminnville,https://www.ripncardtrick.com,high,"OpenStreetMap, name and city match",
https://cardshows.io/shops/rip-valley-phoenix,https://www.ripvalley.com,high,"address guess, name + city on site",RIP Valley – Rip Valley
https://cardshows.io/shops/river-city-cards-and-more-henderson,https://rivercitycardsandmore.com,high,"address guess, name + city on site","River City Cards & More | Henderson, KY Sports Cards & Pokémon"
https://cardshows.io/shops/riw-hobbies-games-inc-livonia,https://riwhobbies.com/,high,"OpenStreetMap, name and city match",
https://cardshows.io/shops/rj-duke-sports-mckinney,https://rjdukesports.com,high,"address guess, name + city on site",RJ Duke Sports
https://cardshows.io/shops/rk-collectibles-coralville,https://rkcollectibles.com,high,"address guess, name + city on site",RK Collectibles – Sports Card | Sealed Cases & Boxes | PSA & Graded Boxes | Cora
https://cardshows.io/shops/rl-sports-cards-fullerton,https://rlsportscards.com,high,"address guess, name + city on site",RL Sports Cards - Local Card Shop in Southern California
https://cardshows.io/shops/rng-gamez-south-plainfield,https://rng-gamez.com,high,"OpenStreetMap, name and city match",
https://cardshows.io/shops/robbies-first-base-lutherville,https://www.robbiesfirstbase.com,high,"address guess, name + city on site","Robbie's First Base 9 W. Ridgely Rd. Lutherville, MD 21093 - King of Collectible"
https://cardshows.io/shops/rockin-rudys-attic-missoula,https://rockinrudysattic.com,high,"address guess, name + city on site",Discover Vintage Treasures at Rockin Rudy's Attic – Rockin Rudy's Attic
https://cardshows.io/shops/rocks-dugout-wichita,https://rocksdugout.com,high,"address guess, name + city on site","Rocks Dugout Sports Cards - Sports Cards, Cards, Memorabilia, Wax"
https://cardshows.io/shops/rooks-games-and-more-bozeman,https://rooksgamesandmore.com,high,"address guess, name + city on site",Rooks Games and More | Montana – Rook's Games and More
https://cardshows.io/shops/ross-cards-collectibles-carlsbad,https://rosscardscollectibles.com,high,"address guess, name + city on site","Ross Cards and Collectibles | Carlsbad, CA & Meridian, ID – Ross Cards & Collect"
https://cardshows.io/shops/ross-cards-collectibles-meridian,https://rosscardscollectibles.com,high,"address guess, name + city on site","Ross Cards and Collectibles | Carlsbad, CA & Meridian, ID – Ross Cards & Collect"
https://cardshows.io/shops/rune-board-hillsboro,https://runeandboard.com/,high,"OpenStreetMap, name and city match",
https://cardshows.io/shops/running-to-the-rip-chicago,https://runningtotherip.com,high,"address guess, name + city on site","Running to the Rip | Premium TCG, Pokémon Cards & Collectibles"
https://cardshows.io/shops/rwt-collective-los-angeles,https://www.rwtcollective.com/,high,"OpenStreetMap, name and city match",
https://cardshows.io/shops/ryeno-cards-st-petersburg,https://www.ryenocards.com,high,"address guess, name + city on site",Home
https://cardshows.io/shops/rynos-sports-cards-and-memorabilia-bellingham,https://rynossportscards.com,high,"OpenStreetMap, name and city match",
https://cardshows.io/shops/safari-zone-collectibles-smyrna,https://safari-zone.com,high,"address guess, name + city on site",Safari Zone Collectibles
https://cardshows.io/shops/salt-city-sports-cards-manlius,https://www.saltcitysportscards.com,high,"address guess, name + city on site",Home | My Site 1
https://cardshows.io/shops/san-diego-cards-carlsbad,https://www.sandiegocards.com,high,"address guess, name + city on site",San Diego Cards | The Shoppes at Carlsbad | Pokemon & Sports Cards
https://cardshows.io/shops/sanctuary-books-and-games-irving,http://sanctuarybooksandgames.com,high,"address guess, name + city on site",Sanctuary Books and Games
https://cardshows.io/shops/sappys-sports-cards-carrollton,https://www.sappyssportscards.com,high,"address guess, name + city on site",Sports Card Shop & Card Grading Services in Dallas | Sappy's Sports Cards
https://cardshows.io/shops/savannah-lion-games-pooler,https://www.savannahliongames.com,high,"address guess, name + city on site",Savannah Lion Games
https://cardshows.io/shops/sawyers-sports-cards-west-boylston,https://www.sawyerssportscards.com,high,"address guess, name + city on site",Sawyer's Sports Cards | West Boylston
https://cardshows.io/shops/sci-fi-city-knoxville,https://sci-fi-city.com,high,"address guess, name + city on site",Sci-Fi City Games and Comics – Sci Fi City
https://cardshows.io/shops/scottsdale-baseball-cards-scottsdale,https://scottsdalecards.com,high,"address guess, name + city on site","Scottsdale Baseball Cards - Your Source for Vintage Sports and Non-Sports Cards,"
https://cardshows.io/shops/scruffy-city-tcg-maryville,https://scruffycitycards.com,high,"address guess, name + city on site","Scruffy City TCG, your local family owned store for Pokemon and MTG – Scruffy Ci"
https://cardshows.io/shops/sd-sports-cards-poway,https://sdsportscards.com,high,"address guess, name + city on site",SD SPORTS CARDS
https://cardshows.io/shops/sd-sports-cards-san-diego,https://sdsportscards.com/,high,"OpenStreetMap, name and city match",
https://cardshows.io/shops/seacoast-sports-cards-dover,https://seacoastsportscards.com,high,"address guess, name + city on site",Seacoastsportscards
https://cardshows.io/shops/search-and-rescue-cards-lexington,https://searchandrescuecards.com,high,"address guess, name + city on site",Search and Rescue Cards
https://cardshows.io/shops/shanes-cards-renton,https://www.shanescards.net,high,"address guess, name + city on site",Board Games | Shane's Cards | United States
https://cardshows.io/shops/sharp-gaming-fort-smith,https://www.sb-gaming.com/,high,"OpenStreetMap, name and city match",
https://cardshows.io/shops/sheridan-wyo-sports-cards-sheridan,https://www.sheridanwyosportscards.com,high,"address guess, name + city on site","Sports Card Shop | Sheridan Wyo Sports Cards | Sheridan, WY"
https://cardshows.io/shops/show-me-collectibles-o-fallon,https://www.showmecollectibles.com,high,"address guess, name + city on site","Show Me Collectibles | trading cards | 126 W Terra Ln, O'Fallon, MO, USA"
https://cardshows.io/shops/showtime-cards-tucson,https://www.showtimecards.com,high,"address guess, name + city on site","Showtime Cards | Sports Cards | 5801 East Speedway Boulevard, Tucson, AZ, USA"
https://cardshows.io/shops/shroomys-game-store-glenmont,https://shroomysgamestore.com,high,"address guess, name + city on site",Shroomy's Game Store
https://cardshows.io/shops/shuffle-and-cut-games-brea,https://retail.shuffleandcut.com/,high,"OpenStreetMap, name and city match",
https://cardshows.io/shops/signature-collectibles-allen,https://signaturecollectibles.com,high,"address guess, name + city on site","Autographed Sports Memorabilia – Signed Jerseys, Helmets & More – Signature Coll"
https://cardshows.io/shops/silver-canon-baltimore,https://www.silvercanon.com,high,"address guess, name + city on site",Silver Canon Game Store in Baltimore - Home
https://cardshows.io/shops/simi-sportscards-simi-valley,https://simisportscards.com,high,"address guess, name + city on site",Simi Sportscards
https://cardshows.io/shops/simplyunlucky-game-shop-modesto,https://www.simplyunlucky.com/,high,"OpenStreetMap, name and city match",
https://cardshows.io/shops/six-feet-under-games-gap,https://www.sixfeetundergames.com,high,"address guess, name + city on site","Six Feet Under Games | Home | 5360 Lincoln Highway, Gap, PA"
https://cardshows.io/shops/slick-mimics-appleton,https://www.slickmimics.com,high,"address guess, name + city on site",Slick Mimic's - Board & Card Games Shoppe – Boardlandia Appleton
https://cardshows.io/shops/slow-your-roll-hilo,https://slowyourroll.com/,high,"OpenStreetMap, name and city match",
https://cardshows.io/shops/south-bay-sports-cards-sunnyvale,https://www.peninsulasportscards.com/south-bay,high,"address guess, name + city on site",South Bay Sports Cards — Peninsula Sports Cards‎
https://cardshows.io/shops/space-goblin-collectibles-austin,https://spacegoblincollectibles.com,high,"address guess, name + city on site",Space Goblin Collectibles
https://cardshows.io/shops/spankys-card-shop-kansas-city,https://spankyscardshop.com,high,"address guess, name + city on site",Spankys Card Shop
https://cardshows.io/shops/sparks-trading-cards-stockton,https://sparkstradingcards.com,high,"address guess, name + city on site",Sparks Trading Cards
https://cardshows.io/shops/spellhold-games-orange,https://www.spellholdgames.com,high,"OpenStreetMap, name and city match",
https://cardshows.io/shops/sport-card-center-ontario,http://sportcardcenter.com,high,"address guess, name + city on site","Buy Sell Trade-Video Games & Systems, Rare Coins, Gold & silver Bullion, Sport C"
https://cardshows.io/shops/sports-addict-fountain-valley,https://sports-addict.com,high,"address guess, name + city on site","Sports Addict | Sports Store, Jerseys, Hats & Cards"
https://cardshows.io/shops/sports-card-ink-sisters,https://sites.google.com/sportscardink.com/sportscardink/home,high,"address guess, name + city on site",Sports Card Ink
https://cardshows.io/shops/sports-card-junction-pittsburgh,https://sportscardjunction.com,high,"address guess, name + city on site",Sports Card Junction – SCJ
https://cardshows.io/shops/sports-cards-zone-lakewood,https://www.sportscardszone.com,high,"address guess, name + city on site",Sports Cards Zone
https://cardshows.io/shops/sports-fans-merchandise-rialto,https://sportsfansmerchandise.com,high,"address guess, name + city on site","Sports Fans Merchandise | Official NFL, MLB, NBA & NCAA Fan Gear"
https://cardshows.io/shops/sports-treasures-knoxville,https://www.sportstreasures.com,high,"address guess, name + city on site","Sports Treasures – Licensed Sports Merchandise, Collectibles & Apparel"
https://cardshows.io/shops/sportsamerica-sports-cards-mechanicsburg,https://sportsamericasportscards.com,high,"address guess, name + city on site",Sports Collectibles | Fan Shop | Diecast Collectibles
https://cardshows.io/shops/sportscard-playground-hatboro,http://sportscardplayground.com,high,"address guess, name + city on site",Sportscard Playground
https://cardshows.io/shops/sportstuff-cards-collectibles-corpus-christi,https://sportstuffcardscollectibles.com,high,"address guess, name + city on site",SportStuff Cards & Collectibles
https://cardshows.io/shops/squiggys-dugout-new-rochelle,https://www.squiggysdugout.com,high,"address guess, name + city on site",Squiggys-Dugout New Rochelle | Comics & Games Destination
https://cardshows.io/shops/stevens-creek-sports-cards-san-jose,https://www.peninsulasportscards.com/stevens-creek,high,"address guess, name + city on site",Stevens Creek Sports Cards — Peninsula Sports Cards‎
https://cardshows.io/shops/storytellers-whitesboro,http://www.storytellerscny.com/,high,"OpenStreetMap, name and city match",
https://cardshows.io/shops/strategy-games-coeur-d-alene,http://sngfun.com/,high,"OpenStreetMap, name and city match",
https://cardshows.io/shops/strictly-sports-great,https://strictlysports.com,high,"address guess, name + city on site",The Sporting World – What You Need To Know
https://cardshows.io/shops/sunset-erie,https://sunset.com,high,"address guess, name + city on site",Sunset.com - Sunset Magazine
https://cardshows.io/shops/super-sports-cards-vancouver,https://www.supersportscards.net/,high,"OpenStreetMap, name and city match",
https://cardshows.io/shops/superior-sports-investments-llc-arlington,https://superiorsportsinvestments.com,high,"address guess, name + city on site",SUPERIORSPORTSINVESTMENTS.COM
https://cardshows.io/shops/sylvan-factory-ann-arbor,https://sylvanfactory.com,high,"address guess, name + city on site","The friendliest place for card, tabletop and board games!"
https://cardshows.io/shops/symbiote-collectibles-west-reading,https://www.symbiotecollectibles.com,high,"address guess, name + city on site",Symbiote Collectibles - Home
https://cardshows.io/shops/t2-trading-cards-collectibles-tigard,https://t2llcshop.square.site/,high,"OpenStreetMap, name and city match",
https://cardshows.io/shops/tabletop-game-hobby-overland-park,https://tabletopgameandhobby.com/,high,"OpenStreetMap, name and city match",
https://cardshows.io/shops/tabletop-gaming-center-newington,https://www.tabletopgamingcenter.com,high,"address guess, name + city on site",Tabletop Gaming Center
https://cardshows.io/shops/tabletop-village-seattle,https://tabletopvillage.com,high,"address guess, name + city on site",Tabletop Village is a Pokémon Training Gym and Collectibles Store – Tabletop Vil
https://cardshows.io/shops/tabletops-hobbies-games-nashville,https://tabletopshobbiesandgames.crystalcommerce.com,high,"OpenStreetMap, name and city match",
https://cardshows.io/shops/tacoma-games-tacoma,https://tacoma-games.com,high,"address guess, name + city on site",Tacoma Games
https://cardshows.io/shops/tacoma-sportscards-tacoma,https://www.tacomasportscards.com,high,"address guess, name + city on site",Home | Tacomasportscards
https://cardshows.io/shops/tallahassee-sports-cards-tallahassee,https://tallahasseesportscards.com,high,"address guess, name + city on site",Tallahassee Sports Cards
https://cardshows.io/shops/tapstart-games-westminster,https://www.tapstartgames.com,high,"address guess, name + city on site",TapStart Games
https://cardshows.io/shops/tavern-of-souls-gaming-albuquerque,https://tavern-of-souls-gaming-llc.square.site,high,"address guess, name + city on site",Albuquerque TCG | Tavern of Souls Gaming LLC
https://cardshows.io/shops/tcg-tavern-mission-viejo,https://tcg-tavern.com,high,"address guess, name + city on site","TCG Tavern | Trading Card Store in Mission Viejo, CA"
https://cardshows.io/shops/tcg-village-chantilly,https://tcgvillage.com,high,"address guess, name + city on site",TCG Village
https://cardshows.io/shops/tcgduckhunter-lyndhurst,https://www.tcgduckhunter.com,high,"address guess, name + city on site",TCGDUCKHUNTER | Card Shop In Lyndhurst
https://cardshows.io/shops/tempest-games-llc-cedar-rapids,http://tempestgames.net/wordpress,high,"address guess, name + city on site",Tempest Games | Eastern Iowa's premier game store
https://cardshows.io/shops/terracrux-games-tacoma,https://terracruxgames.com,high,"address guess, name + city on site",TERRACRUX GAMES - THE ANALOG SOLUTION TO YOUR DIGITAL WORLD
https://cardshows.io/shops/tgs-oswego-oswego,https://tgstrades.crystalcommerce.com/,high,"OpenStreetMap, name and city match",
https://cardshows.io/shops/the-8th-side-lincoln-park,https://the8thside.com,high,"address guess, name + city on site",Home - The 8th Side
https://cardshows.io/shops/the-adventurers-academy-york,https://theadventurersacademy.com,high,"address guess, name + city on site",The Adventurers' Academy - York's Friendly Tabletop Game Store
https://cardshows.io/shops/the-awesome-card-shop-las-vegas,https://theawesomecardshop.com,high,"address guess, name + city on site","Sports Cards, Pokémon, Hobby Boxes & More | The Awesome Card Shop"
https://cardshows.io/shops/the-backstop-toms-river,https://thebackstop.net,high,"address guess, name + city on site","Sports Cards, Collectibles and Memorabilia Toms River NJ"
https://cardshows.io/shops/the-banish-zone-wernersville,https://thebanishzone.com,high,"address guess, name + city on site",The Banish Zone
https://cardshows.io/shops/the-baseball-card-shop-hermitage,https://www.baseballcardshop.net,high,"address guess, name + city on site",The Baseball Cards Shop Online Store - Baseball Cards and Sports Cards
https://cardshows.io/shops/the-blue-post-elizabethton,https://www.bluepost.co/,high,"OpenStreetMap, name and city match",
https://cardshows.io/shops/the-card-bar-fresno,https://bulldogsportscards.com/,high,"OpenStreetMap, name and city match",
https://cardshows.io/shops/the-card-shop-armonk-armonk,https://www.thecardshoparmonk.com,high,"address guess, name + city on site",Sports Cards Pokemon and Sports Autographs & Memorabilia | The Card Shop Armonk
https://cardshows.io/shops/the-card-shop-machine-evansville,https://www.thecardshopmachine.com,high,"address guess, name + city on site",HOME | The Card Shop
https://cardshows.io/shops/the-collectives-corner-omaha,https://www.collectivescorner.com,high,"address guess, name + city on site","Collective's Corner | Buy, Sell, Trade, Play — Visit Today!"
https://cardshows.io/shops/the-collectors-cave-staten-island,https://thecollectorscave.com,high,"address guess, name + city on site",The Collector's Cave
https://cardshows.io/shops/the-crimson-guild-wauwatosa,https://thecrimsonguild.com/,high,"OpenStreetMap, name and city match",
https://cardshows.io/shops/the-crypt-providence,https://www.findthecrypt.com/,high,"OpenStreetMap, name and city match",
https://cardshows.io/shops/the-deck-depot-trading-card-lounge-colorado-springs,https://www.deckdepottcg.com,high,"address guess, name + city on site",The Deck Depot Trading Card Lounge
https://cardshows.io/shops/the-dragons-hoard-lawrence,https://www.dragonshoard.net,high,"OpenStreetMap, name and city match",
https://cardshows.io/shops/the-exiled-hive-north-fort-myers,https://theexiledhive.com,high,"address guess, name + city on site","The Exiled Hive — Magic, Tabletop & Open Play in North Fort Myers, FL"
https://cardshows.io/shops/the-fun-collector-orem,https://www.thefuncollector.net/,high,"OpenStreetMap, name and city match",
https://cardshows.io/shops/the-game-capital-appleton,https://thegamecapital.com,high,"address guess, name + city on site",The Game Capital
https://cardshows.io/shops/the-game-chest-long-beach-long-beach,https://thegamechestlongbeach.com/en-us,high,"address guess, name + city on site",The Game Chest Long Beach
https://cardshows.io/shops/the-game-preserve-bloomington,https://www.gamepreserve.com,high,"address guess, name + city on site",The Game Preserve
https://cardshows.io/shops/the-game-shelf-kent,https://gameshelfwa.com,high,"OpenStreetMap, name and city match",
https://cardshows.io/shops/the-game-shoppe-bellevue,https://thegameshoppe.com,high,"address guess, name + city on site","The Game Shoppe – We work, so you can play!"
https://cardshows.io/shops/the-game-shoppe-omaha,https://thegameshoppe.com,high,"address guess, name + city on site","The Game Shoppe – We work, so you can play!"
https://cardshows.io/shops/the-game-shoppe-pittsburg,https://thegameshoppe.tcgplayerpro.com,high,"OpenStreetMap, name and city match",
https://cardshows.io/shops/the-gamers-armory-cary,https://gamersarmory.com,high,"address guess, name + city on site",The Gamers Armory – My WordPress Blog
https://cardshows.io/shops/the-gamers-haven-spokane,https://thegamershaven.net,high,"address guess, name + city on site",The Gamer's Haven – TheGamersHaven
https://cardshows.io/shops/the-gamers-nest-longmont,https://www.thegamersnest.com,high,"address guess, name + city on site",The Gamer's Nest – My Store
https://cardshows.io/shops/the-gaming-cantina-east-lansing,https://www.thegamingcantina.com,high,"address guess, name + city on site",Epic Tabletop Games & Accessories at The Gaming Cantina
https://cardshows.io/shops/the-gaming-hoard-broken-arrow,https://www.thegaminghoard.com,high,"address guess, name + city on site",The Gaming Hoard
https://cardshows.io/shops/the-geek-realms-fayetteville,https://thegeekrealms.com,high,"address guess, name + city on site",The Geek Realms – Talking Nerdy to Northwest Arkansas Since 2003!
https://cardshows.io/shops/the-geek-realms-springdale,https://thegeekrealms.com,high,"address guess, name + city on site",The Geek Realms – Talking Nerdy to Northwest Arkansas Since 2003!
https://cardshows.io/shops/the-haunted-game-cafe-fort-collins,https://www.hauntedgamecafe.com,high,"address guess, name + city on site",The Haunted Game Cafe - A Board Game Cafe in Fort Collins Colorado
https://cardshows.io/shops/the-locker-room-78-cohoes,https://thelockerroom78.com,high,"address guess, name + city on site",The Locker Room 78
https://cardshows.io/shops/the-mahjong-corner-bellevue,https://mahjongcorner.com,high,"address guess, name + city on site",Mahjong Corner
https://cardshows.io/shops/the-mighty-meeple-concord,https://mightymeeple.com/,high,"OpenStreetMap, name and city match",
https://cardshows.io/shops/the-oc-dugout-anaheim,https://theocdugout.com,high,"address guess, name + city on site","The OC Dugout – Celebrity Signings, Appearances and Memorabilia"
https://cardshows.io/shops/the-orcs-lair-youngtown,https://theorcslair.com,high,"address guess, name + city on site",Home | The Orc's Lair
https://cardshows.io/shops/the-peoples-card-shop-las-vegas,https://thepeoplescardshop.com,high,"address guess, name + city on site",The People's Card Shop | Las Vegas Card Shop & Tournaments
https://cardshows.io/shops/the-philly-game-shop-philadelphia,https://www.phillygameshop.com,high,"OpenStreetMap, name and city match",
https://cardshows.io/shops/the-polka-dot-press-tallahassee,https://www.thepolkadotpress.com,high,"address guess, name + city on site",The Polka Dot Press
https://cardshows.io/shops/the-portland-game-store-portland,https://www.theportlandgamestore.com/,high,"OpenStreetMap, name and city match",
https://cardshows.io/shops/the-queens-realm-roy,https://thequeensrealm.com,high,"address guess, name + city on site","The Queen's Realm | Games, Hobbies, Explore"
https://cardshows.io/shops/the-relentless-dragon-nashua,https://relentlessdragon.com/,high,"OpenStreetMap, name and city match",
https://cardshows.io/shops/the-sages-shoppe-west-lafayette,https://www.thesagesshoppe.com,high,"address guess, name + city on site",The Sage's Shoppe
https://cardshows.io/shops/the-sanctum-tabletop-gaming-emporium-racine,https://www.thesanctum.games/,high,"OpenStreetMap, name and city match",
https://cardshows.io/shops/the-shop-collectibles-crown-point,https://www.theshopcollectibles.com/,high,"OpenStreetMap, name and city match",
https://cardshows.io/shops/the-soldiery-games-cards-columbus,https://www.thesoldiery.com/,high,"OpenStreetMap, name and city match",
https://cardshows.io/shops/the-sports-card-shop-valparaiso,https://thesportscardshop.com/,high,"OpenStreetMap, name and city match",
https://cardshows.io/shops/the-sports-card-vault-coral-springs,https://thesportscardvault.com,high,"address guess, name + city on site",Home - Sports Card Vault
https://cardshows.io/shops/the-squabblin-goblin-belmont,https://www.squabblingoblin.com,high,"address guess, name + city on site",The Squabblin' Goblin | Home
https://cardshows.io/shops/the-trading-card-club-gilbert,https://www.thetradingcardclub.com,high,"address guess, name + city on site","Buy, Sell & Trade Sports Cards W/ Live Box & Case Breaks – TheTradingCardClub"
https://cardshows.io/shops/the-trainer-court-new-york,https://www.thetrainercourt.com/,high,"OpenStreetMap, name and city match",
https://cardshows.io/shops/the-trainer-pack-granger,https://www.thetrainerpack.com,high,"address guess, name + city on site",HOME | The Trainer Pack
https://cardshows.io/shops/the-wargamers-guild-bordentown,https://www.thewargamersguild.com,high,"address guess, name + city on site",The Wargamers Guild - The Wargamers Guild
https://cardshows.io/shops/the-warp-gate-columbus,https://thewarpgate.net,high,"address guess, name + city on site",The Warp Gate
https://cardshows.io/shops/the-wasteland-gaming-duluth,https://www.thewastelandgaming.com,high,"address guess, name + city on site",The Wasteland Gaming
https://cardshows.io/shops/the-wizards-duel-brockton,https://thewizardsduel.com,high,"address guess, name + city on site",THE WIZARDS DUEL
https://cardshows.io/shops/thepokehive-balcones-heights,https://www.thepokehive.com,high,"address guess, name + city on site",ThePokeHive
https://cardshows.io/shops/thepokehive-san-antonio,https://www.thepokehive.com,high,"address guess, name + city on site",ThePokeHive
https://cardshows.io/shops/third-eye-games-hobbies-annapolis,https://thirdeyecomics.com/,high,"OpenStreetMap, name and city match",
https://cardshows.io/shops/three-point-rva-henrico,https://threepointrva.com,high,"address guess, name + city on site",Sports Cards & Pokémon | Three Point RVA
https://cardshows.io/shops/three-stars-sportscards-bloomington,https://threestarssportscards.com,high,"address guess, name + city on site",Welcome to Three Stars Sportscards
https://cardshows.io/shops/thunder-kitty-games-gifts-portland,https://thunder-kitty-games-gifts.square.site/,high,"OpenStreetMap, name and city match",
https://cardshows.io/shops/tofus-trading-san-jose,https://tofustrading.com,high,"address guess, name + city on site",Tofu's Trading
https://cardshows.io/shops/toledo-game-room-toledo,https://www.toledogameroom.com,high,"address guess, name + city on site",Toledo Game Room
https://cardshows.io/shops/tombstone-collectibles-miami,https://tombstonecollectibles.com,high,"address guess, name + city on site",Tombstone Collectibles
https://cardshows.io/shops/top-dog-comics-martinez,https://www.topdogcomics.com,high,"address guess, name + city on site",Comic Books | Top Dog Comics | United States
https://cardshows.io/shops/top-tier-board-games-hattiesburg,https://toptiergaming.com,high,"address guess, name + city on site",Top Tier Board Games
https://cardshows.io/shops/total-escape-games-broomfield,https://www.totalescapegames.com/,high,"OpenStreetMap, name and city match",
https://cardshows.io/shops/tower-games-minneapolis,https://www.towergamesmn.com/,high,"OpenStreetMap, name and city match",
https://cardshows.io/shops/tower-of-games-chesapeake,https://www.towerofgames.com,high,"address guess, name + city on site","Trading Card & Tabletop Gamers: Play, Buy, & Trade Your Favorite Games"
https://cardshows.io/shops/tower-of-games-newport-news,https://www.towerofgames.com,high,"address guess, name + city on site","Trading Card & Tabletop Gamers: Play, Buy, & Trade Your Favorite Games"
https://cardshows.io/shops/tower-of-games-virginia-beach,https://www.towerofgames.com,high,"address guess, name + city on site","Trading Card & Tabletop Gamers: Play, Buy, & Trade Your Favorite Games"
https://cardshows.io/shops/toys-forever-models-hobbies-muncie,http://www.toysforeverhobbies.com/,high,"OpenStreetMap, name and city match",
https://cardshows.io/shops/trade-oak-park-oak-park,https://tradeoakpark.com,high,"address guess, name + city on site",Trade Oak Park
https://cardshows.io/shops/trade-shop-cross-roads,https://www.tradeshop.com,high,"address guess, name + city on site",Trade Shop | Pokémon Cards & TCG Collectibles Nationwide
https://cardshows.io/shops/trading-card-world-dallas,https://tradingcardworld.store,high,"address guess, name + city on site",Pokemon Cards | Sports Cards | PSA Grading – Trading Card World
https://cardshows.io/shops/treasure-chest-collectibles-lake-forest,https://treasurechestcollectibles.com/,high,"OpenStreetMap, name and city match",
https://cardshows.io/shops/treasure-cruise-cards-billings,https://treasurecruisecards.com,high,"address guess, name + city on site","Treasure Cruise Cards – A treasure trove for all things Magic: The Gathering, Po"
https://cardshows.io/shops/treasure-island-comics-fremont,https://treasureislandcomics.com,high,"address guess, name + city on site",Treasure Island Comics | Comic Books and Related Stuff!
https://cardshows.io/shops/treasure-trove-games-keizer,https://treasuretrove.games/,high,"OpenStreetMap, name and city match",
https://cardshows.io/shops/trove-of-collectibles-sunset,https://troveofcollectibles.com,high,"address guess, name + city on site",Trove of Collectibles – Trove of Collectibles
https://cardshows.io/shops/turtle-power-games-cedar-rapids,https://www.turtle-power-games.com/,high,"OpenStreetMap, name and city match",
https://cardshows.io/shops/twin-cities-sports-cards-golden-valley,https://twincitiessportscards.com,high,"address guess, name + city on site",Twin Cities Sports Cards® - Vintage & Modern Sports Cards
https://cardshows.io/shops/two-pair-collectibles-easton,https://twopaircollectibles.com,high,"address guess, name + city on site","TwoPairCollectibles - Pokémon Card Shop & More - Easton, MD"
https://cardshows.io/shops/tyches-games-athens,https://tychesgames.com,high,"address guess, name + city on site",Tyche's Games Index
https://cardshows.io/shops/unboundgames-colorado-springs,https://www.unboundgames.shop,high,"OpenStreetMap, name and city match",
https://cardshows.io/shops/undercity-games-eau-claire,https://www.undercity.games,high,"address guess, name + city on site",Undercity Games – Retailer of collectible tabletop games and accessories.
https://cardshows.io/shops/unleashed-sports-cards-shamokin-dam,https://www.unleashedsportscards.com,high,"address guess, name + city on site","Unleashed Sports Cards | Buy Pokemon Cards | 3009 North Susquehanna Trail, Shamo"
https://cardshows.io/shops/unplugged-gaming-manlius,https://unpluggedgamestore.com,high,"OpenStreetMap, name and city match",
https://cardshows.io/shops/unsettled-geeks-manchester,https://unsettledgeeks.com,high,"address guess, name + city on site",Unsettled Geeks
https://cardshows.io/shops/untapped-games-pawtucket,https://www.untappedgames.com/,high,"OpenStreetMap, name and city match",
https://cardshows.io/shops/upland-sports-cards-upland,https://uplandsportscards.com,high,"address guess, name + city on site",Upland Sports Cards
https://cardshows.io/shops/utopia-toys-and-models-knoxville,https://utopiatoysandmodels.com,high,"address guess, name + city on site",Utopia Toys and Models - Knoxville's Collectible Toy Store
https://cardshows.io/shops/valentino-card-shop-charlotte,https://valentinocardshop.com,high,"address guess, name + city on site","Valentino Card Shop | Pokémon, Yu-Gi-Oh!, Magic: The Gathering Cards &"
https://cardshows.io/shops/valhalla-hobby-verona,https://valhallahobby.com/,high,"OpenStreetMap, name and city match",
https://cardshows.io/shops/valhallas-gate-games-columbia,https://www.valhallasgate.com/,high,"OpenStreetMap, name and city match",
https://cardshows.io/shops/valleywide-sports-cards-scottsdale,https://www.vwsportscards.com,high,"address guess, name + city on site",Valleywide Sports Cards
https://cardshows.io/shops/vault-35-colorado-springs,https://vault35.com,high,"address guess, name + city on site",Vault 35 Inc.
https://cardshows.io/shops/vermont-gaming-academy-south-burlington,https://www.vermontgamingacademy.com,high,"address guess, name + city on site",Vermont Gaming Academy | Cards | Video Games | Board Games | Role Playing Games
https://cardshows.io/shops/villains-tcg-miami,https://villainstcg.com,high,"address guess, name + city on site",Villainstcg.com – Villains TCG
https://cardshows.io/shops/vintage-indy-sports-speedway,https://vintageindysports.com,high,"address guess, name + city on site",Vintage Indy Sports | Vintage Indy Sports
https://cardshows.io/shops/voltage-video-games-syracuse,http://voltagevideogames.com/,high,"OpenStreetMap, name and city match",
https://cardshows.io/shops/vsm-sports-card-outlet-lancaster,https://www.vsmsportscardoutlet.com,high,"address guess, name + city on site",VSM Sports Card Outlet
https://cardshows.io/shops/war-room-hobbies-cordova,https://warroomhobbies.com/index.html,high,"address guess, name + city on site",Upcoming Events
https://cardshows.io/shops/war-torn-front-manteca,https://www.wartornfront.com,high,"address guess, name + city on site",War Torn Front
https://cardshows.io/shops/we-geek-together-provo,https://www.wegeektogether.com,high,"address guess, name + city on site","We Geek Together | Games, Cards & Lightsabers in Provo & Sandy, Utah"
https://cardshows.io/shops/west-coast-sports-cards-federal-way,https://www.pristinecomics.com,high,"address guess, name + city on site",Pristine Comics West Coast Sports Cards
https://cardshows.io/shops/wethehobby-rochester,https://www.wethehobby.com/,high,"OpenStreetMap, name and city match",
https://cardshows.io/shops/whatever-wilmington-wilmington,https://whateverwilmingtonnc.wordpress.com,high,"address guess, name + city on site",Whatever Wilmington
https://cardshows.io/shops/wheelhouse-wayne,https://wheelhousecards.com/,high,"OpenStreetMap, name and city match",
https://cardshows.io/shops/wincity-sports-cards-winchester,https://www.wincitysportscards.com,high,"address guess, name + city on site",Home | WinCity Sports Cards
https://cardshows.io/shops/windy-city-sports-cards-chicago,https://www.312windycitysportscards.com,high,"address guess, name + city on site",Chicago Sports Card Shop & Buyer | Windy City Sports Cards
https://cardshows.io/shops/wizards-keep-games-kent,https://www.wizardskeepgames.com,high,"address guess, name + city on site",Wizard's Keep Games | Building community through the power of games | 20514 108t
https://cardshows.io/shops/wolcow-gaming-alpharetta,https://wolcowgaming.com,high,"address guess, name + city on site",wolcow gaming-Shop Pokemon cards-English，Japanese，Chinese and more TCG
https://cardshows.io/shops/world-champion-trading-cards-flushing,https://www.worldchampionsportscards.org,high,"address guess, name + city on site",World Champion Sports Cards
https://cardshows.io/shops/wzkd-games-santa-fe,https://wzkdgames.com,high,"address guess, name + city on site",WZKD Games
https://cardshows.io/shops/yottaquest-cincinnati,https://yottaquest.com,high,"address guess, name + city on site",Yottaquest LLC - Home
https://cardshows.io/shops/you-wanna-smash-lilburn,https://youwannasmash.com,high,"address guess, name + city on site","You Wanna Smash? - Anime, Trading Card Games, Manga, Comics – You Wanna Smash"
https://cardshows.io/shops/yuudachi-tcg-arena-irving,https://www.yuudachitcgarena.com,high,"address guess, name + city on site",Yuudachi TCG Arena
https://cardshows.io/shops/zeans-hobby-shop-fort-lauderdale,https://zeanshobbyshop.com,high,"address guess, name + city on site","Zean's Hobby Shop | Sports Cards, Memorabilia & TCG"
https://cardshows.io/shops/zehttys-benton,https://www.zehttys.com,high,"address guess, name + city on site",Zehtty's - Central Arkansas' Premiere Card Shop
https://cardshows.io/shops/zenith-tcg-plano,https://zenithtcg.com,high,"address guess, name + city on site",Zenith TCG – Zenith TCG
https://cardshows.io/shops/zombie-planet-albany,https://www.zombie-planet.com,high,"address guess, name + city on site",Home | zombieplanet
https://cardshows.io/shops/1-stop-card-shop-hillsboro,https://1stopcardshopandgames.com,medium,web search,name matches; location not confirmed on site
https://cardshows.io/shops/4-color-fantasies-rancho-cucamonga,https://stores.comichub.com/4_color_fantasies,medium,web search,ComicHub store page; email domain 4colorfantasies.com
https://cardshows.io/shops/44-more-sports-cards-derry,https://www.auctionninja.com/44-more-sports-cards-and-so-much-more/,medium,web search,"online auctions only, no own site"
https://cardshows.io/shops/931-sports-cards-fayetteville,https://www.931sportscards.com,medium,"address guess, name on site",931sportscards
https://cardshows.io/shops/abu-games-boise,https://abugames.com,medium,"address guess, name on site",ABUGames - Magic The Gathering and Table Top Game Store - Buy Magic Cards Online
https://cardshows.io/shops/ace-card-grading-bloomington,https://acecardgrading.com,medium,"address guess, name on site",Ace Card Grading | Premium Card Grading Services
https://cardshows.io/shops/action-cards-and-collectibles-great-falls,https://actioncardsandcollectibles.com,medium,"address guess, name on site",Action! Cards and Collectibles
https://cardshows.io/shops/all-access-cardshop-green-bay,https://allaccesscardshop.com,medium,"address guess, name on site",AllAccessCardshop
https://cardshows.io/shops/all-cs-collectibles-south-centennial,https://www.allcscollectibles.com,medium,"address guess, name on site","Comic Shop | Aurora, CO | All C's Collectibles"
https://cardshows.io/shops/all-vintage-cards-boston,https://shop.allvintagecards.com,medium,web search,"Online-only vintage card shop, Boston area origin"
https://cardshows.io/shops/allsportscards-pokemon-collectibles-store-what-s-the-score-miami,https://allsportscollectiblesmia.wordpress.com,medium,web search,"Wordpress site, uncertain if actively maintained storefront"
https://cardshows.io/shops/aloha-card-shop-windward-mall-kaneohe,https://www.alohacardshop.com,medium,"address guess, name on site",Aloha Card Shop
https://cardshows.io/shops/amjunlimited-yuma,https://www.amjunlimited.com,medium,"address guess, name on site",Hobby | Amjunlimited
https://cardshows.io/shops/animal-house-cards-north-charleston,https://animalhousecards.com,medium,"address guess, name on site",Home | Animal House Cards
https://cardshows.io/shops/anime-tcg-arlington,https://animetcg.net,medium,"address guess, name on site",Anime TCG.net
https://cardshows.io/shops/appalachia-tcg-elkview,https://www.appalachiatcg.com,medium,"address guess, name on site","Pokémon, Yu-Gi-Oh & Flesh and Blood Cards – Salyersville, KY | AppalachiaTCG"
https://cardshows.io/shops/armada-games-temple-terrace,https://shoparmada.com,medium,"address guess, name on site",Armada Games
https://cardshows.io/shops/asterisk-collectibles-rockville,https://www.asteriskcollectibles.com,medium,"address guess, name on site",Asterisk Collectibles
https://cardshows.io/shops/authority-games-mesa,https://www.authoritygamesmesa.com,medium,"address guess, name on site",Authority Games
https://cardshows.io/shops/ballcard-investments-springfield,https://ballcard.net,medium,"address guess, name on site",Turn your photo to 2026 world cup ball sport trading cards
https://cardshows.io/shops/baltimore-sports-cards-pikesville,https://baltimoresportscards.com,medium,"address guess, name on site","Baltimore Sports Cards | Buy, Sell, Trade Sports Cards & Pokémon"
https://cardshows.io/shops/bama-fever-tiger-pride-dothan,https://shopbamafever.com,medium,"address guess, name on site","Alabama Gear, Game Day Apparel & Merchandise"
https://cardshows.io/shops/bama-fever-tuscaloosa,https://shopbamafever.com,medium,"address guess, name on site","Alabama Gear, Game Day Apparel & Merchandise"
https://cardshows.io/shops/bards-and-cards-natchez,https://bardsandcards.com,medium,"address guess, name on site","Board Games, Magic Singles & RPG Books | Bards & Cards San Diego"
https://cardshows.io/shops/baseball-card-shop-puyallup,https://www.baseballcardshop.net,medium,"address guess, name on site",The Baseball Cards Shop Online Store - Baseball Cards and Sports Cards
https://cardshows.io/shops/baseball-cards-plus-huntington-beach,https://www.baseball-cards.com,medium,"address guess, name on site","Vintage Baseball Card Auctions w/Bowman,Topps..."
https://cardshows.io/shops/baxters-sports-cards-and-pokemon-queen-creek,https://baxterssportscards.com,medium,"address guess, name on site",Baxter's Sports Cards
https://cardshows.io/shops/bears-games-fayetteville,https://bears-games.com,medium,"address guess, name on site",Bear's Games Base
https://cardshows.io/shops/bello-goal-llc-south-bend,https://bellogoal.com,medium,"address guess, name on site",BelloGoal – Handcrafted Wooden Soccer Board Game for Family Game Night – Built f
https://cardshows.io/shops/bigfatfish-cards-boise,https://bigfatfishcards.com,medium,"address guess, name on site",BigFatFish Cards
https://cardshows.io/shops/black-vault-gaming-st-clair-shores,https://blackvaultgaming.com,medium,"address guess, name on site",Black Vault Gaming
https://cardshows.io/shops/bleecker-trading-uws-new-york,https://bleeckertrading.com,medium,"address guess, name on site",Bleecker Trading - Shop Sports Trading Cards: Exclusive Sports Memorab
https://cardshows.io/shops/blue-dream-vintage-diecast-anchorage,https://bluedream.com,medium,"address guess, name on site",Blue Dream | Official Collection and Archive
https://cardshows.io/shops/board-game-paradise-redlands,https://zatu.com,medium,"address guess, name on site",Board Games | TCG | Warhammer | Pokémon | LEGO | Zatu Games
https://cardshows.io/shops/boardgames-and-beyond-orem,https://boardgamesand.com,medium,"address guess, name on site",Best Family Board Games for Fun Game Nights - Boardgamesand
https://cardshows.io/shops/bobs-sports-cards-mmrbl-howell-township,https://bobssportscards.com,medium,"address guess, name on site",Bob's Sports Cards – Bob's Sports Cards
https://cardshows.io/shops/bountypullstcg-concord,https://www.bountypullstcg.com,medium,"address guess, name on site",Bounty Pulls TCG
https://cardshows.io/shops/breakpoint-tcg-westminster,https://www.tcgplayer.com/sellers/BreakPoint-TCG/ec4cddf8,medium,web search,"no own site found, tcgplayer seller storefront"
https://cardshows.io/shops/brolic-games-south-salt-lake,https://brolicgames.com,medium,"address guess, name on site",Brolic Games
https://cardshows.io/shops/buds-place-games-leeds,https://www.budsplacegames.com,medium,"address guess, name on site",Bud's Place Games – Bud's Place Games
https://cardshows.io/shops/bull-bros-llc-harrisburg,https://bullbros.net,medium,"address guess, name on site",Bull Bros™ Game
https://cardshows.io/shops/calipokehouse-pasadena,https://calipokehouse.com,medium,"address guess, name on site",Calipokehouse | Your One-Stop-Shop to TCG.
https://cardshows.io/shops/card-addiction-anaheim,https://card-addiction.com,medium,"address guess, name on site","1,000s of Playing Cards – Card-Addiction.com"
https://cardshows.io/shops/card-and-collectible-guys-llc-dover,https://cardandcollectibleguys.com,medium,"address guess, name on site",Card and Collectible Guys
https://cardshows.io/shops/card-boyz-san-antonio,https://cardboyz.com,medium,"address guess, name on site",Card Boyz
https://cardshows.io/shops/card-collector-nh-manchester,https://ebay.us/m/V4X1pW,medium,web search,"eBay store only, no dedicated website found"
https://cardshows.io/shops/card-haven-lafayette,https://cardhaven.net,medium,"address guess, name on site",Cardhaven — Know your cards. Build what’s next.
https://cardshows.io/shops/card-payment-systems-of-ohio-youngstown,https://cardpaymentsystems.com,medium,"address guess, name on site",Card Payment Systems – Merchant Services for New York
https://cardshows.io/shops/card-pop-2-joliet,https://cardpopusa.com,medium,"address guess, name on site","Card Pop | Classic Culture, Fresh Twist – CARDPOPUSA"
https://cardshows.io/shops/card-pop-usa-joliet,https://cardpopusa.com,medium,"address guess, name on site","Card Pop | Classic Culture, Fresh Twist – CARDPOPUSA"
https://cardshows.io/shops/card-shop-near-me-princeton-junction,https://www.cardshopnearme.com,medium,"address guess, name on site",Card Shop Near Me | Find Sports Card & Pokémon Shops
https://cardshows.io/shops/card-swarm-huber-heights,https://cardswarm.com,medium,"address guess, name on site","Card Swarm | Pokémon & Magic: The Gathering Cards, Games & Events"
https://cardshows.io/shops/card-table-republic-davison,https://cardtablerepublic.com,medium,"address guess, name on site",Card Table Republic - Home
https://cardshows.io/shops/card-universe-boiling-springs,https://carduniverse.com,medium,"address guess, name on site",Card Universe Grading | AI 集换式卡牌评级
https://cardshows.io/shops/card-x-cards-davie,https://cardxcards.com,medium,"address guess, name on site",Card X Cards: Online TCG
https://cardshows.io/shops/cardboard-champion-fremont,https://cardboard-champion.com,medium,"address guess, name on site",Cardboard Champion
https://cardshows.io/shops/cardboard-empires-richfield,https://www.cardboardempires.com,medium,"address guess, name on site",Cardboard Empires
https://cardshows.io/shops/cardco-marietta,https://www.cardco.net,medium,"address guess, name on site",Home | CardCo Events
https://cardshows.io/shops/cardfinity-tcg-east-los-angeles,https://cardfinitytcg.com,medium,"address guess, name on site",Home | Cardfinity TCG
https://cardshows.io/shops/cardhouse-harvey,http://cardhouse.com,medium,"address guess, name on site",Cardhouse Unsure Disconnected Disassociated Flailing Systems.
https://cardshows.io/shops/cardlosophy-lee-s,https://cardlosophy.com,medium,"address guess, name on site","Cardlosophy | Trading Cards, Hobby Boxes, Storage & Brand Growth"
https://cardshows.io/shops/cardrich-florence,https://cardrich.com,medium,"address guess, name on site",Card Rich – CardRich.io
https://cardshows.io/shops/cards-and-coffee-los-angeles,https://cardscoffee.com,medium,"address guess, name on site",Sell Magic Cards in Franklin & Nashville | Cards & Coffee
https://cardshows.io/shops/cards-and-comics-central-san-francisco,https://cardsandcomics.net,medium,"address guess, name on site",Cards & Comics Connection
https://cardshows.io/shops/cards-n-art-jacksonville,https://cardsnart.com,medium,"address guess, name on site",Cards N Art
https://cardshows.io/shops/cardzilla-games-belden-village-canton,https://www.cardzilla.com/,medium,web search,"chain, TCG accessories brand w physical location"
https://cardshows.io/shops/cardzilla-games-franklin-park-toledo,https://www.cardzilla.com/,medium,web search,"chain, TCG accessories brand w physical location"
https://cardshows.io/shops/carolina-tcg-vault-ladson,https://carolinatcg.com,medium,"address guess, name on site",Carolina TCG — Enter the collector vault
https://cardshows.io/shops/casa-cards-vestavia-hills,https://casa-cards.com,medium,"address guess, name on site",Casa Cards & Collectibles | Sports Cards & Trading Card Store
https://cardshows.io/shops/cb-hobby-kaukauna,https://cbhobby.com,medium,"address guess, name on site",CB Hobby Sports Cards | Panini | Topps | Upper Deck | Pokemon
https://cardshows.io/shops/centerfield-sports-cards-springfield,https://www.centerfieldsportscards.com,medium,"address guess, name on site",Centerfield Sports Cards
https://cardshows.io/shops/charlies-collectible-show-houston-houston,https://charliescollectibleshow.com,medium,"address guess, name on site",Home - Charlie's Collectible Show
https://cardshows.io/shops/chewys-cards-and-collectibles-indian-trail,https://www.chewyscardsandcollectibles.com,medium,"address guess, name on site",Chewy's Cards and Collectibles
https://cardshows.io/shops/clay-collects-chesapeake,https://claycollects.com,medium,"address guess, name on site",Clay Collects: Veteran-Owned Pokémon Card Shop | Clay Collects
https://cardshows.io/shops/clearwater-cards-and-collectibles-palm-harbor,https://www.ebay.com/str/clearwatercardsandcollectibles,medium,web search,"eBay store only, no independent website found"
https://cardshows.io/shops/cloud-curio-bloomington,https://www.thecloudcurio.com/,medium,web search,Some pages on domain redirect to unrelated spam content
https://cardshows.io/shops/collect-gg-st-petersburg,https://www.collect.com,medium,"address guess, name on site",Collect.com
https://cardshows.io/shops/collectible-lane-stamford,https://collectiblelane.com,medium,"address guess, name on site",Buy & Sell Video Game Collectibles & Trading Cards | Collectible Lane
https://cardshows.io/shops/collectibles-and-more-maryville,https://collectibles.com,medium,"address guess, name on site","Collectibles.com - Scan, identify and value all collectibles | Collectibles"
https://cardshows.io/shops/collectibles-galore-north-syracuse,https://collectibles.com,medium,"address guess, name on site","Collectibles.com - Scan, identify and value all collectibles | Collectibles"
https://cardshows.io/shops/collectiblexchange-yonkers,https://collectiblexchange.com,medium,"address guess, name on site",CollectibleXchange
https://cardshows.io/shops/collecting-hank-huntington,https://collecting.com,medium,"address guess, name on site",Watch Auctions | Buy & Sell Watches | Collecting.com
https://cardshows.io/shops/collecting-haven-appleton,https://collecting.com,medium,"address guess, name on site",Watch Auctions | Buy & Sell Watches | Collecting.com
https://cardshows.io/shops/collector-cave-bronx,https://www.collectorcave.net,medium,"address guess, name on site",Collector cave
https://cardshows.io/shops/collector-cave-yonkers,https://www.collectorcave.net,medium,"address guess, name on site",Collector cave
https://cardshows.io/shops/collectors-box-newark,https://collectorsbox.com,medium,"address guess, name on site","Collectibles App to Catalog, Value & Sell | Collector's Box"
https://cardshows.io/shops/collectors-campus-davenport,https://www.collectorscampus.com,medium,"address guess, name on site",Collector's Campus
https://cardshows.io/shops/collectors-certified-llc-ontario,https://collectorscertifiedgrading.com,medium,"address guess, name on site",CCG — Collectors Certified Grading | Grade. Protect. Collect.
https://cardshows.io/shops/collectors-choice-brewer,https://www.collectors.com,medium,"address guess, name on site",Collectors
https://cardshows.io/shops/collectors-corner-charleston,https://www.collectors.com,medium,"address guess, name on site",Collectors
https://cardshows.io/shops/collectors-corner-cranston,https://collectorscorner.com,medium,"address guess, name on site",Collectors Corner - The Collectibles Marketplace
https://cardshows.io/shops/collectors-corner-nw-bellevue-bellevue,https://collectorscornernw.com,medium,"address guess, name on site",Collector's Corner NW
https://cardshows.io/shops/collectors-corner-nw-seattle-seattle,https://collectorscornernw.com,medium,"address guess, name on site",Collector's Corner NW
https://cardshows.io/shops/collectors-cove-yorktown,https://collectorscove.com,medium,"address guess, name on site","Collector's Cove — Salisbury, NC"
https://cardshows.io/shops/collectors-den-indianapolis,https://www.collectorsden.com,medium,"address guess, name on site",Collectors Den — Buy Graded Pokémon Cards & Play the Gacha Machine
https://cardshows.io/shops/collectors-emporium-noblesville,https://collectorsemporium.com,medium,"address guess, name on site",Home – Collectors Emporium NY
https://cardshows.io/shops/collectors-exchange-muncie,https://www.collectors.com,medium,"address guess, name on site",Collectors
https://cardshows.io/shops/collectors-hangout-llc-norwalk,https://www.collectors.com,medium,"address guess, name on site",Collectors
https://cardshows.io/shops/collectors-heaven-chesapeake,https://www.collectors.com,medium,"address guess, name on site",Collectors
https://cardshows.io/shops/collectors-hub-cheyenne,https://www.collectors.com,medium,"address guess, name on site",Collectors
https://cardshows.io/shops/collectors-hub-laramie-laramie,https://www.collectors.com,medium,"address guess, name on site",Collectors
https://cardshows.io/shops/collectors-lounge-cypress-cypress,https://www.collectors.com,medium,"address guess, name on site",Collectors
https://cardshows.io/shops/collectors-lounge-lakewood-lakewood,https://www.collectors.com,medium,"address guess, name on site",Collectors
https://cardshows.io/shops/collectors-paradise-fresno,https://www.collectors.com,medium,"address guess, name on site",Collectors
https://cardshows.io/shops/collectors-world-alabama-rogersville,https://www.collectors.com,medium,"address guess, name on site",Collectors
https://cardshows.io/shops/collectors-world-annandale,https://www.collectors.com,medium,"address guess, name on site",Collectors
https://cardshows.io/shops/columbia-sports-card-and-more-vancouver,https://columbiasportscard.com,medium,"address guess, name on site","Sports Cards, Pokémon, Singles & Supplies | Columbia Sports Cards"
https://cardshows.io/shops/columbus-card-shop-hilliard,https://columbuscardshop.com,medium,"address guess, name on site",Columbus Card Shop
https://cardshows.io/shops/comics-anime-moreno-valley,https://itluxecomics.com/,medium,web search,possible rebrand of Comics & Anime at same mall
https://cardshows.io/shops/constellation-collective-sacramento-sacramento,https://constellationcollective.net,medium,"address guess, name on site",Buying Magic: The Gathering Collections | 30 Years of Expertise | Constellation 
https://cardshows.io/shops/cosmic-clash-collectibles-brownsville,https://www.cosmicclashcollectibles.com,medium,"address guess, name on site",Cosmic Clash Collectibles
https://cardshows.io/shops/cosmic-collectibles-monroe,http://cosmiccollectibles.com,medium,"address guess, name on site",Cosmic Collectibles
https://cardshows.io/shops/cosmic-collectibles-warr-acres,http://cosmiccollectibles.com,medium,"address guess, name on site",Cosmic Collectibles
https://cardshows.io/shops/cosmic-games-bellingham,https://www.cosmicgames.com,medium,"address guess, name on site",Cosmic Games
https://cardshows.io/shops/critical-hits-tcg-simpsonville,https://www.criticalhitstcg.com,medium,"address guess, name on site",Critical Hits TCG
https://cardshows.io/shops/culver-collectibles-los-angeles,https://culvercollectibles.com,medium,"address guess, name on site",Home - Culver Collectibles
https://cardshows.io/shops/d-js-sports-cards-oxford,https://djssportscards.com,medium,"address guess, name on site",DJ's Sportscards
https://cardshows.io/shops/dads-sports-collectibles-llc-hopkinsville,https://dadsportscardsandcollectibles.com/,medium,web search,one directory lists as closed
https://cardshows.io/shops/dallas-cowboys-pro-shop-amarillo,https://shop.dallascowboys.com/en/,medium,web search,"chain mall store, no local site"
https://cardshows.io/shops/dallas-cowboys-pro-shop-brownsville,https://shop.dallascowboys.com/en/,medium,web search,"chain mall store, no local site"
https://cardshows.io/shops/dark-castle-games-janesville,https://www.darkcastlegames.com,medium,"address guess, name on site",Tabletop Games | Dark Castle Games
https://cardshows.io/shops/darkside-games-tcgs-las-vegas,https://darksidegames.com,medium,"address guess, name on site",Home | Darkside Games
https://cardshows.io/shops/deans-cards-cincinnati,https://www.deanscards.com,medium,"address guess, name on site",Buying & Selling Baseball Cards - Dean's Cards
https://cardshows.io/shops/defiant-fox-games-tacoma,https://www.defiantfoxgames.com,medium,"address guess, name on site",Home - Game Store | Defiant Fox Games
https://cardshows.io/shops/denver-card-shop-arvada,https://denvercardshop.com,medium,"address guess, name on site","Denver Card Shops: Denver's #1 Spot for Sports Cards, Pokemon/TCG & More!"
https://cardshows.io/shops/deseret-collectables-ogden,https://deseretcollectables.com,medium,"address guess, name on site",Homepage | Deseret Collectables
https://cardshows.io/shops/detroit-sports-collectibles-clawson,https://detroit-sports-collectibles.myshopify.com,medium,"address guess, name on site",Not your ordinary sports collectible store. Keeping you connected – Detroit spor
https://cardshows.io/shops/dirks-tavern-springfield,https://www.dirkstavern.com,medium,"address guess, name on site",Dirks Tavern | Join Our Gaming Community
https://cardshows.io/shops/diversity-gaming-hooksett,https://diversity-gaming.com,medium,"address guess, name on site",Diversity Gaming
https://cardshows.io/shops/divine-realm-elyria,http://www.divine-realm.com/login.php,medium,"address guess, name on site",Divine Realm :: FREE Online WAR Spiritual Role Playing Game (MMORPG)
https://cardshows.io/shops/djs-cards-and-comics-north-haven,https://djscardsandcomics.com,medium,"address guess, name on site",DJ's Cards & Comics – DJ's Cards and Comics
https://cardshows.io/shops/dna-cards-collectibles-phoenix,https://dnatradingcompany.com,medium,"address guess, name on site",DNA Cards & Collectibles – DNA Cards & Collectibles
https://cardshows.io/shops/docs-unique-collectibles-el-paso,https://docsuniquecollectibles.com,medium,"address guess, name on site",Collector's Dream Shoppe | Doc's Unique Collectibles
https://cardshows.io/shops/don-father-games-green-bay,https://www.donfathergames.com,medium,"address guess, name on site","Don Father Games | Video Games, Board Games, PS1, Nintendo, Star Wars"
https://cardshows.io/shops/doubleplay-corpus-christi,https://www.doubleplay.com,medium,"address guess, name on site",DOUBLE PLAY WORD GAMES – Double Play Cards/App
https://cardshows.io/shops/dragon-eye-gaming-paramus,https://dragoneyegaming.net,medium,"address guess, name on site",Dragon Eye Gaming
https://cardshows.io/shops/dragon-parlor-games-llc-spokane-valley,https://dragonparlorgames.com,medium,"address guess, name on site",Dragon Parlor Games
https://cardshows.io/shops/dragons-den-games-stockton,https://dragonsdengames.com,medium,"address guess, name on site",Dragons Den Games - Saskatoon's Premier Game Store – Dragon's Den Games
https://cardshows.io/shops/dragons-den-gaming-beckley,https://www.dragonsdengaming.com,medium,"address guess, name on site","Warhammer, Magic, Pokémon, Arcade, Legos, Squishables, and MORE | Dragon's Den G"
https://cardshows.io/shops/dragons-den-gaming-sioux-falls,https://www.dragonsdengaming.com,medium,"address guess, name on site","Warhammer, Magic, Pokémon, Arcade, Legos, Squishables, and MORE | Dragon's Den G"
https://cardshows.io/shops/dragons-hoard-greensboro,https://www.dragonshoard.net,medium,"address guess, name on site",Home | The Dragon's Hoard Games & Hobbies
https://cardshows.io/shops/dragons-lair-berlin-berlin,https://sites.google.com/a/dragons-lair.com/dragon-s-lair/home,medium,"address guess, name on site",Comics and Games
https://cardshows.io/shops/dragons-lair-comics-and-fantasy-houston,https://www.dlair.net,medium,"address guess, name on site",Game and Comic Book Store | Dragon's Lair Comics & Fantasy ®
https://cardshows.io/shops/dragons-lair-forest-grove,https://sites.google.com/a/dragons-lair.com/dragon-s-lair/home,medium,"address guess, name on site",Comics and Games
https://cardshows.io/shops/dragons-lair-wallingford-wallingford,https://sites.google.com/a/dragons-lair.com/dragon-s-lair/home,medium,"address guess, name on site",Comics and Games
https://cardshows.io/shops/e-4-cards-more-bend,https://e4cards.com,medium,"address guess, name on site","E4 Cards & More | Pokemon, Magic & YuGiOh in Bend, OR"
https://cardshows.io/shops/east-coast-card-collector-inc-hopewell-junction,https://eastcoastcardcollector.com,medium,"address guess, name on site",East Coast Card Collector – East Coast Card Collector Inc.
https://cardshows.io/shops/empire-memorabilia-and-printing-new-orleans,https://empirememorabilia.com,medium,"address guess, name on site",Authentic Sports & Celebrity Memorabilia | Empire Vault
https://cardshows.io/shops/enterprise-games-noblesville,https://enterprisegames.com,medium,"address guess, name on site",Enterprise Games :: Home
https://cardshows.io/shops/epic-trading-collectibles-springfield,https://www.epictradingcollectibles.com,medium,"address guess, name on site",Epic Trading Collectibles
https://cardshows.io/shops/epic-trading-collectibles-toms-river,https://www.epictradingcollectibles.com,medium,"address guess, name on site",Epic Trading Collectibles
https://cardshows.io/shops/epic-trading-collectibles-woodbridge,https://www.epictradingcollectibles.com,medium,"address guess, name on site",Epic Trading Collectibles
https://cardshows.io/shops/ettin-games-abq-albuquerque,https://ettingames.com,medium,"address guess, name on site",Ettin Games
https://cardshows.io/shops/evolution-games-annapolis,https://evolutiongames.com,medium,"address guess, name on site","Evolution Games – Lansing, MI"
https://cardshows.io/shops/evolution-games-fort-worth,https://evolutiongames.com,medium,"address guess, name on site","Evolution Games – Lansing, MI"
https://cardshows.io/shops/ezgaming-greensboro,https://ezgaming.com,medium,"address guess, name on site",EZ Game
https://cardshows.io/shops/fan-cave-indianapolis,https://www.fancave.com,medium,"address guess, name on site","FanCave.com | Sports Cards, Trading Cards & Collectibles – Fan Cave"
https://cardshows.io/shops/fan-cave-stl-kirkwood,https://www.fancave.com,medium,"address guess, name on site","FanCave.com | Sports Cards, Trading Cards & Collectibles – Fan Cave"
https://cardshows.io/shops/fast-break-trading-cards-st-cloud,https://fastbreaktradingcards.com,medium,"address guess, name on site",Buy Trading Cards Australia | #1 Trading Cards Store | Fast Break Trading Cards
https://cardshows.io/shops/final-boss-games-springdale,https://finalbossgames.com,medium,"address guess, name on site",Final Boss Games
https://cardshows.io/shops/final-form-cards-honolulu,https://www.finalformcards.com,medium,"address guess, name on site",Final Form Cards
https://cardshows.io/shops/first-class-cards-st-joseph,https://www.firstclasscards.com,medium,"address guess, name on site",First Class Cards - FCC First Class Cards
https://cardshows.io/shops/fish-game-department-ketchikan,https://fishgame.com,medium,"address guess, name on site",Home - FishGame
https://cardshows.io/shops/fishing-wax-south-miami,https://fishingwax.com,medium,"address guess, name on site",Basketball & Football Breaks - FishingWax Breaking 7 Days a Week
https://cardshows.io/shops/flashpoint-games-jonesville,https://flashpointgames.com,medium,"address guess, name on site",FlashPoint Games
https://cardshows.io/shops/fox-and-fable-games-bangor,https://foxandfablegames.com,medium,"address guess, name on site",Fox and Fable Games
https://cardshows.io/shops/fthobby-llc-elizabethtown,https://www.fthobby.com,medium,"address guess, name on site",FTHobby LLC | Enhance Your Collection Today
https://cardshows.io/shops/fun-stop-collectibles-trumbull,https://funstopcollectibles.com,medium,"address guess, name on site",Fun Stop Collectibles
https://cardshows.io/shops/game-corner-san-jose,https://gamecorner.com,medium,"address guess, name on site",Game Corner
https://cardshows.io/shops/game-craze-cape-coral,https://www.game-craze.com,medium,"address guess, name on site",Game Craze – www.game-craze.com
https://cardshows.io/shops/game-day-legends-huntington-beach,https://gamedaylegends.com,medium,"address guess, name on site",Game Day Legends
https://cardshows.io/shops/game-haven-herriman-herriman,https://yourgamehaven.com,medium,"address guess, name on site",Game Haven Home Page
https://cardshows.io/shops/game-haven-rochester,https://yourgamehaven.com,medium,"address guess, name on site",Game Haven Home Page
https://cardshows.io/shops/game-haven-sandy-sandy,https://yourgamehaven.com,medium,"address guess, name on site",Game Haven Home Page
https://cardshows.io/shops/game-kastle-austin-austin,https://gamekastle.com,medium,"address guess, name on site",Game Kastle
https://cardshows.io/shops/game-kastle-fremont-fremont,https://gamekastle.com,medium,"address guess, name on site",Game Kastle
https://cardshows.io/shops/game-kastle-greenville-taylors,https://gamekastle.com,medium,"address guess, name on site",Game Kastle
https://cardshows.io/shops/game-kastle-reno-reno,https://gamekastle.com,medium,"address guess, name on site",Game Kastle
https://cardshows.io/shops/game-knights-killeen,https://www.game-knights.com,medium,"address guess, name on site",Home | Game Knights
https://cardshows.io/shops/game-nerdz-allen-allen,https://www.gamenerdz.com,medium,"address guess, name on site","Gamenerdz.com - Board Games, Magic The Gathering, Pokemon, Table Top Games, Dung"
https://cardshows.io/shops/game-nut-entertainment-topeka,https://gamenut.com,medium,"address guess, name on site","Game Nut Entertainment – Games, Music, Movies, and Comics"
https://cardshows.io/shops/game-outpost-mesa-mesa,https://gameoutpost.com,medium,"address guess, name on site",Game Outpost
https://cardshows.io/shops/game-outpost-phoenix-phoenix,https://gameoutpost.com,medium,"address guess, name on site",Game Outpost
https://cardshows.io/shops/game-outpost-tempe-tempe,https://gameoutpost.com,medium,"address guess, name on site",Game Outpost
https://cardshows.io/shops/game-preserve-indianapolis,https://www.gamepreserve.com,medium,"address guess, name on site",The Game Preserve
https://cardshows.io/shops/game-theory-duraleigh-raleigh,https://www.gametheory.net,medium,"address guess, name on site",Game Theory .net - Resources for Learning and Teaching Strategy for Business and
https://cardshows.io/shops/game-universe-brookfield-brookfield,https://www.game-universe.com,medium,"address guess, name on site",Game Universe
https://cardshows.io/shops/game-x-change-brandon,https://www.gogamexchange.com,medium,"address guess, name on site","Game X Change | Buy, Sell, and Trade Your Stuff"
https://cardshows.io/shops/game-x-change-conway,https://www.gogamexchange.com,medium,"address guess, name on site","Game X Change | Buy, Sell, and Trade Your Stuff"
https://cardshows.io/shops/game-x-change-jackson,https://www.gogamexchange.com,medium,"address guess, name on site","Game X Change | Buy, Sell, and Trade Your Stuff"
https://cardshows.io/shops/game-x-change-killeen,https://www.gogamexchange.com,medium,"address guess, name on site","Game X Change | Buy, Sell, and Trade Your Stuff"
https://cardshows.io/shops/game-x-change-mckinney-mckinney,https://www.gogamexchange.com,medium,"address guess, name on site","Game X Change | Buy, Sell, and Trade Your Stuff"
https://cardshows.io/shops/gameday-sports-memorabilia-gresham,https://gamedaysportsmemorabilia.com,medium,"address guess, name on site",Gameday Sports Memorabilia | Authenticated Collectibles
https://cardshows.io/shops/gamequest-amarillo,http://ww547.gamequestamarillo.com,medium,"address guess, name on site",game quest amarillo
https://cardshows.io/shops/gamers-guild-az-tempe-tempe,https://www.gamersguildusa.com,medium,"address guess, name on site","Gamers Guild USA - Board Games, Warhammer, Hobby, Pokemon, MTG, TCG – Gamers Gui"
https://cardshows.io/shops/gamers-paradise-llc-baton-rouge,https://gamersparadise.com,medium,"address guess, name on site",Gamers Paradise – Extreme Gaming Experience
https://cardshows.io/shops/games-by-james-bloomington,https://gamesbyjames.com/index.php,medium,"address guess, name on site",Games By James | Home
https://cardshows.io/shops/games-by-james-minnetonka,https://gamesbyjames.com/index.php,medium,"address guess, name on site",Games By James | Home
https://cardshows.io/shops/games-by-james-rochester,https://gamesbyjames.com/index.php,medium,"address guess, name on site",Games By James | Home
https://cardshows.io/shops/gaming-underground-llc-archdale,https://gamingunderground.org,medium,"address guess, name on site",GamingUnderground | The multi-game marketplace
https://cardshows.io/shops/gatehouse-games-altoona,https://www.gatehouse-games.com,medium,"address guess, name on site",Gatehouse Games
https://cardshows.io/shops/gateway-games-ketchikan,https://www.gateway-games.com,medium,"address guess, name on site",Gateway Games
https://cardshows.io/shops/gather-round-games-fairlawn,https://www.gatherroundgames.com,medium,"address guess, name on site",Gather Round Games
https://cardshows.io/shops/gear-gaming-bentonville-bentonville,https://www.geargaming.com,medium,"address guess, name on site",Gear Gaming – Gear Gaming Bham
https://cardshows.io/shops/gear-gaming-birmingham,https://www.geargaming.com,medium,"address guess, name on site",Gear Gaming – Gear Gaming Bham
https://cardshows.io/shops/gear-gaming-fayetteville-fayetteville,https://www.geargaming.com,medium,"address guess, name on site",Gear Gaming – Gear Gaming Bham
https://cardshows.io/shops/geekery-games-flagstaff,https://geekerygames.com,medium,"address guess, name on site","Geekery Games - MTG, Warhammer, Pokemon & More"
https://cardshows.io/shops/gem-city-games-washington-township,https://www.gemcitygames.com,medium,"address guess, name on site","Gem City Games - Your Card Game Store Carrying Magic the Gathering in Dayton, Oh"
https://cardshows.io/shops/gem-mint-cardhouse-sugar-land,https://www.gem-mint.com,medium,"address guess, name on site",Gem-Mint Collection and Displays – GemMint
https://cardshows.io/shops/gem-mint-el-paso,https://www.gem-mint.com,medium,"address guess, name on site",Gem-Mint Collection and Displays – GemMint
https://cardshows.io/shops/generationtcg-pompano-beach,https://generationtcg.com,medium,"address guess, name on site",GenerationTCG
https://cardshows.io/shops/gnome-games-appleton-north-appleton,https://gnomegames.com,medium,"address guess, name on site",Gnome Games – Gnome Games
https://cardshows.io/shops/goback-gaming-fresno,https://www.gobackgaming.com,medium,"address guess, name on site",GoBack Gaming
https://cardshows.io/shops/goblin-town-games-pocatello,https://www.goblintowngames.com,medium,"address guess, name on site",Goblin Town Games - Goblin Town Games
https://cardshows.io/shops/golden-grading-baton,https://goldengrading.com,medium,"address guess, name on site","Golden Grading – Premium card grading services, starting at just $3 a card."
https://cardshows.io/shops/goosepoop-games-portland,https://goosepoopgames.com,medium,"address guess, name on site","Goosepoop Games | Indie Tabletop RPGs, Zines & Board Games"
https://cardshows.io/shops/graden-cards-llc-madison,https://gradencards.com,medium,"address guess, name on site",Graden Cards | Premium Sports Cards & Grading
https://cardshows.io/shops/graffiti-games-ozark,https://www.graffitigames.com,medium,"address guess, name on site",Graffiti Games – A global full-service video game publisher and distributor
https://cardshows.io/shops/grail-collectibles-chandler,https://grailcollectibles.com,medium,"address guess, name on site","Grail Collectibles | Rare Sports Cards, Auctions & True Grails"
https://cardshows.io/shops/grand-slam-collectibles-murfreesboro,https://grandslamcollectibles.com,medium,"address guess, name on site",Grand Slam Collectibles
https://cardshows.io/shops/grandads-cards-lexington,https://grandadscards.com,medium,"address guess, name on site",Home - Grandad's Cards
https://cardshows.io/shops/grandmaster-games-boulder-co-boulder,https://www.grandmastergames.net,medium,"address guess, name on site",Grandmaster Games
https://cardshows.io/shops/grandmaster-games-indianapolis,https://www.grandmastergames.net,medium,"address guess, name on site",Grandmaster Games
https://cardshows.io/shops/grave-troll-games-nashua,https://gravetrollgames.com,medium,"address guess, name on site",Grave-Troll Games
https://cardshows.io/shops/gravity-games-huntsville,https://gravitygames.net,medium,"address guess, name on site",Gravity Games
https://cardshows.io/shops/gray-gauntlet-games-indianapolis,https://graygauntletgames.com,medium,"address guess, name on site",Gray Gauntlet Games
https://cardshows.io/shops/gray-knight-games-ogden,https://www.grayknightgames.com,medium,"address guess, name on site",Gray Knight Games | Tabletop Games
https://cardshows.io/shops/great-lakes-sports-cards-buffalo,https://greatlakessportscards.com,medium,"address guess, name on site",Great Lakes Sports Cards
https://cardshows.io/shops/great-lakes-trading-cards-st-paul,https://greatlakestradingcards.com,medium,"address guess, name on site",Great Lakes Trading Cards
https://cardshows.io/shops/gregs-games-hamilton-township,https://www.gregsgames.com,medium,"address guess, name on site",Greg's Games - Greg's Games
https://cardshows.io/shops/grognard-games-batavia-batavia,https://grognardgames.com,medium,"address guess, name on site",Grognard Games
https://cardshows.io/shops/ground-zero-comics-strongsville,https://www.groundzerocomics.com,medium,"address guess, name on site",Ground Zero Comics – More awesome than your browser has room for
https://cardshows.io/shops/guardian-games-aloha-aloha,https://www.guardiangames.com,medium,"address guess, name on site",Guardian Games
https://cardshows.io/shops/guubuu-hobby-snellville,https://guubuuhobby.com,medium,"address guess, name on site",GuuBuu Hobby
https://cardshows.io/shops/hasty-goblin-games-bloomfield,https://www.hastygoblingames.com,medium,"address guess, name on site",Hasty Goblin Games – Hasty Goblin Games
https://cardshows.io/shops/hidden-treasure-gaming-gresham,https://www.hiddentreasuregaming.com,medium,"address guess, name on site",Hidden Treasure Gaming
https://cardshows.io/shops/hidden-vault-games-rogers,https://hiddenvaultgames.com,medium,"address guess, name on site",Hidden Vault Games
https://cardshows.io/shops/hill-city-collectibles-lynchburg,https://hillcitycollectibles.com,medium,"address guess, name on site",Hill City Collectibles | Hill City Collectibles HOME
https://cardshows.io/shops/hit-n-run-sports-cards-and-pokemon-purcellville,https://hitnrunsportscards.com,medium,"address guess, name on site",Hit N Run Sports Cards
https://cardshows.io/shops/hobby-rising-iowa-city,https://hobbyrising.com,medium,"address guess, name on site",Home - Hobby Rising
https://cardshows.io/shops/hobby-shop-omaha-bellevue,https://www.hobbyshopomaha.com,medium,"address guess, name on site",Hobby Shop Omaha | trading cards
https://cardshows.io/shops/hobby-spirit-williamsville,https://hobbyspirit.com,medium,"address guess, name on site",Home - Hobby Spirit
https://cardshows.io/shops/hobby-sports-com-portage,https://hobby-sports.com,medium,"address guess, name on site",Hobby Sports – Best Radio Controlled (R/C) Hobby Store
https://cardshows.io/shops/hobby-vault-maple-shade,https://hobbyvault.com,medium,"address guess, name on site",Hobby Vault USA
https://cardshows.io/shops/hobbypark-cards-crystal-lake,https://hobbyparkcards.com,medium,"address guess, name on site",Hobby Park Cards — Professional Checklists for Breakers
https://cardshows.io/shops/holo-haven-phenix-city,https://holohaven.com,medium,"address guess, name on site",Holo Haven - Cards | Games | Collectibles
https://cardshows.io/shops/holo-horse-games-llc-hallsville,https://www.holohorsegames.com,medium,"address guess, name on site",Holo Horse Games LLC
https://cardshows.io/shops/home-plate-sports-cards-phoenix,https://www.homeplatesportscards.com,medium,"address guess, name on site",HOME | HomePlateSportsCards
https://cardshows.io/shops/house-of-breaks-new-salem-borough,https://houseofbreaks.com,medium,"address guess, name on site","House of Breaks, LLC | House of Breaks"
https://cardshows.io/shops/hp-guild-games-lakeland,https://www.hpguildgames.com,medium,"address guess, name on site",Tabletop Game Store Main Page | HP Guild Games
https://cardshows.io/shops/hyper-relic-burlington,https://www.hyperrelic.com,medium,"address guess, name on site",Hyper Relic | Sports Memorabilia and More!
https://cardshows.io/shops/i-got-cards-silver-lake,https://igotcards.com,medium,"address guess, name on site",I Got Cards !
https://cardshows.io/shops/icg-hobbies-and-games-niles,https://icg-hobbies-and-games.myshopify.com,medium,"address guess, name on site",ICG Hobbies and Games
https://cardshows.io/shops/icy-vault-minot,https://icyvault.com,medium,"address guess, name on site",Icy Vault — Trading Cards
https://cardshows.io/shops/invasiontoys-carlsbad,https://invasiontoys.com,medium,"address guess, name on site",Invasion Toys: Collectible Designer Toys & Vinyl Figures
https://cardshows.io/shops/iwingames-waipahu,https://iwingames.net,medium,"address guess, name on site",iwin games – Cổng Game Cá Cược Trực Tuyến Hàng Đầu Việt Nam
https://cardshows.io/shops/j-g-sports-cards-fort-collins,https://jgsportscards.com,medium,"address guess, name on site",JG sports cards and collectibles
https://cardshows.io/shops/jc-hobby-elkhorn,https://jchobby.com,medium,"address guess, name on site","Nebraska's Trading Card Store – Pokémon, Magic, PSA Cards | JC Hobby – JC HOBBY"
https://cardshows.io/shops/jersey-fanadicts-roanoke,https://www.jersey.com,medium,"address guess, name on site","Visit Jersey: UK Breaks & Holidays | Jersey, Channel Islands"
https://cardshows.io/shops/jj-collectibles-406-great-falls,https://jjcollectibles.com,medium,"address guess, name on site",Home - J&J Collectibles
https://cardshows.io/shops/johnnys-card-shop-tacoma,https://johnnyscardshop.com,medium,"address guess, name on site",Johnny's Card Shop – Johnny's Card Shop
https://cardshows.io/shops/joshs-cards-kansas-city,https://joshscards.com,medium,"address guess, name on site",Josh's Cards
https://cardshows.io/shops/kansas-collectibles-ottawa,https://kansascollectibles.com,medium,"address guess, name on site",Kansas Collectibles: Pokémon Online Store & Events – Kansas TCG LLC
https://cardshows.io/shops/kentucky-card-vault-smiths-grove,https://www.kentuckycardvault.com,medium,"address guess, name on site",Home - Kentucky Card Vault - Your one-stop destination for rare and valuable spo
https://cardshows.io/shops/kevins-cards-greencastle,https://kevinscards.com,medium,"address guess, name on site",Kevin's Cards
https://cardshows.io/shops/king-shrimp-tcg-plymouth,https://kingshrimptcg.com,medium,"address guess, name on site",King Shrimp TCG
https://cardshows.io/shops/kingdom-come-cards-fishers,https://kingdomcomecards.com,medium,"address guess, name on site",Kingdom Come Cards: Hobby Like It Matters
https://cardshows.io/shops/kk-sportscards-largo,https://www.kksportscards.com,medium,"address guess, name on site","KK Sportscards – The Ultimate Home for Cards, In-Store and Online"
https://cardshows.io/shops/kollect-korner-chadwicks,https://www.kollectkorner.com,medium,"address guess, name on site","Buy Pokémon TCG, Yu-Gi-Oh! Cards & Collectibles Online"
https://cardshows.io/shops/korner-cards-kindred,https://www.kornercards.com,medium,"address guess, name on site",Korner Cards
https://cardshows.io/shops/kryptonite-kollectibles-janesville,https://kryptonitekollectibles.com,medium,"address guess, name on site","Kryptonite Kollectibles, your home for all things gaming!"
https://cardshows.io/shops/kulshan-cards-bellingham,https://kulshancards.com,medium,"address guess, name on site","Trading Card Supplies, Display Cases & Accessories - Kulshan Cards"
https://cardshows.io/shops/larrys-game-store-olathe,https://www.larrysgamestore.com,medium,"address guess, name on site",Larry's Game Store
https://cardshows.io/shops/last-pack-magic-orlando,https://lastpackmagic.net/password,medium,"address guess, name on site",Last Pack Magic
https://cardshows.io/shops/legacy-card-co-ames,https://legacy-card.com,medium,"address guess, name on site",Tienda online de cartas y productos Pokémon en Legacy Card | Legacy Card
https://cardshows.io/shops/legacy-games-webster,https://legacygames.com,medium,"address guess, name on site","Amazing Games, Amazing Value - Legacy Games"
https://cardshows.io/shops/legendary-games-lexington-lexington,https://legendary-games.com,medium,"address guess, name on site",Legendary Games -
https://cardshows.io/shops/legends-of-the-game-huntsville,https://legendsofthegame.com,medium,"address guess, name on site","Legends of the Game - Custom Framing, Jersey Framing, Picture Frames"
https://cardshows.io/shops/lightside-collectibles-redlands,https://lightsidecollectibles.com,medium,"address guess, name on site",Lightside Collectibles – Follow the light to great collectibles!
https://cardshows.io/shops/lori-ferber-collectibles-scottsdale,https://www.loriferber.com,medium,"address guess, name on site",Presidential Memorabilia & Collectibles
https://cardshows.io/shops/lot-of-cards-merrimack,https://lotofcards.com,medium,"address guess, name on site",Top Sports Card Store for Rookie Cards & Collectibles
https://cardshows.io/shops/ltd-cards-and-games-yukon,https://www.cardsgames.net,medium,"address guess, name on site",Cardsgames | free card games
https://cardshows.io/shops/ltd-sports-new-bedford,https://www.sports.net,medium,"address guess, name on site",Sports.Net | Get Your Game On
https://cardshows.io/shops/lucky-dice-games-huntsville,https://luckydicegames.com,medium,"address guess, name on site",Lucky Dice Games
https://cardshows.io/shops/lucky-paws-card-shop-sacramento,https://www.luckypawscardshop.com,medium,"address guess, name on site",Lucky Paws Card Shop | Online Trading Card Store
https://cardshows.io/shops/lucky-seven-games-placentia,https://www.luckysevengames.com,medium,"address guess, name on site",Lucky Seven Games
https://cardshows.io/shops/lvlup-gaming-tcg-los-angeles,https://lvlupgamingtcg.com,medium,"address guess, name on site",Home | LVLUP GAMING TCG
https://cardshows.io/shops/m-and-s-sports-cards-blue-springs,https://www.mandssportscards.com,medium,"address guess, name on site",Sport Trading Cards | M&S Sports Cards
https://cardshows.io/shops/mad-cards-and-collectables-boardman,https://madcardsandcollectables.com,medium,"address guess, name on site",Mad Cards and Collectables
https://cardshows.io/shops/mahtgician-games-cheyenne,https://mahtgiciangames.com,medium,"address guess, name on site","Mahtgician Games | Board Games & Tabletop Games – Mahtgician Games, LLC"
https://cardshows.io/shops/main-street-magic-miniatures-more-ames,https://www.mainstreetmagic.com,medium,"address guess, name on site",Main Street Magic – Free Disney Vacation Planning by Authorized Experts
https://cardshows.io/shops/majestic-collectibles-des-moines,https://majesticcollectibles.com,medium,"address guess, name on site","Majestic Collectibles – Comics, Collectibles, Action Figures, and More"
https://cardshows.io/shops/makpak-tcg-kenner,https://www.makpaktcg.com,medium,"address guess, name on site",Home | MakPak TCG Store
https://cardshows.io/shops/matrix-tcg-inglewood,https://matrixtcg.com,medium,"address guess, name on site","MatrixTCG - Buy Sports, Dragon Ball Super, & One Piece – TCG SHOP"
https://cardshows.io/shops/maximus-collectibles-pequannock-township,https://maximuscollectibles.com,medium,"address guess, name on site",Maximus Collectibles – Madabelia Collectibles
https://cardshows.io/shops/meelypops-sc-spartanburg,https://www.meelypops.com,medium,"address guess, name on site","Meelypops Shop – Shop for Sports Cards, Breaks, Pokemon & More"
https://cardshows.io/shops/meeples-family-anaheim,https://meeples.com.my,medium,"address guess, name on site",Meeples European Board Game Cafe - First European Boardgame Only Boardgame Cafe 
https://cardshows.io/shops/meta-tcg-arlington,https://metatcg.com,medium,"address guess, name on site",Home | Meta TCG
https://cardshows.io/shops/mgh-collectibles-wall-township,https://www.mghcollectibles.com,medium,"address guess, name on site",Home | MGH Collectibles | Pokémon TCG
https://cardshows.io/shops/miami-card-supply-inc-miami,https://miamicard.com,medium,"address guess, name on site",Miami Card — Miami's platform network | MiamiCard.com
https://cardshows.io/shops/midwest-collectables-davenport,https://midwestcollectables.com,medium,"address guess, name on site","Pokémon Cards, Booster Boxes, Graded & Vintage Singles"
https://cardshows.io/shops/mike-x-collectibles-gaithersburg,https://www.mikexcollectibles.com,medium,"address guess, name on site",Mike X Collectibles | Newest Online TCG Store in the DMV Area
https://cardshows.io/shops/mind-games-llc-west-valley-city,https://www.mindgames.com,medium,"address guess, name on site",Mind Games
https://cardshows.io/shops/mind-goblin-games-aurora,https://www.mind-goblin-games.com,medium,"address guess, name on site","Mind Goblin Games - No nuts, only games."
https://cardshows.io/shops/mint-city-collectibles-charlotte,https://mintcitycollectibles.com,medium,"address guess, name on site",Mint City Collectibles
https://cardshows.io/shops/minted-tcg-dacula,https://www.mintedtcg.com,medium,"address guess, name on site",Minted | TCG • Tabletop Games • Events – Minted TCG
https://cardshows.io/shops/mission-board-games-mission-mission,https://www.missionboardgames.com,medium,"address guess, name on site",Mission: Board Games
https://cardshows.io/shops/monarch-comics-toledo,https://www.monarchcomics.com,medium,"address guess, name on site",MonarchComics | home
https://cardshows.io/shops/money-card-auctions-beachwood,https://money-card.com,medium,"address guess, name on site",Money Card — Smart Entity | MoneyCard.com
https://cardshows.io/shops/monmouth-cards-deptford,https://monmouthcards.com,medium,"address guess, name on site",Monmouth Sports Cards
https://cardshows.io/shops/monmouth-cards-east-brunswick,https://monmouthcards.com,medium,"address guess, name on site",Monmouth Sports Cards
https://cardshows.io/shops/monmouth-cards-livingston,https://monmouthcards.com,medium,"address guess, name on site",Monmouth Sports Cards
https://cardshows.io/shops/monmouth-cards-mays-landing,https://monmouthcards.com,medium,"address guess, name on site",Monmouth Sports Cards
https://cardshows.io/shops/monmouth-cards-midland-park,https://monmouthcards.com,medium,"address guess, name on site",Monmouth Sports Cards
https://cardshows.io/shops/monmouth-cards-stamford,https://monmouthcards.com,medium,"address guess, name on site",Monmouth Sports Cards
https://cardshows.io/shops/monmouth-cards-wall-township,https://monmouthcards.com,medium,"address guess, name on site",Monmouth Sports Cards
https://cardshows.io/shops/monmouth-cards-west-long-branch,https://monmouthcards.com,medium,"address guess, name on site",Monmouth Sports Cards
https://cardshows.io/shops/monsterwax-tallahassee,https://monsterwax.com,medium,"address guess, name on site",Monsterwax Trading Cards
https://cardshows.io/shops/moon-dragon-games-everett,https://www.moon-dragon-games.com,medium,"address guess, name on site",Moon Dragon Games
https://cardshows.io/shops/moonshot-games-noblesville,https://moonshotgames.com,medium,"address guess, name on site",Home - Moonshot Games
https://cardshows.io/shops/more-than-sports-sandy,https://www.morethansports.com,medium,"address guess, name on site",Creating The Ultimate Fan Experience-Autographed Memorabilia
https://cardshows.io/shops/mp-sports-cards-carver,https://www.mpsportscards.com,medium,"address guess, name on site","MP Sports Cards | Sports Cards, Pokémon, Hobby Boxes & PSA Grading"
https://cardshows.io/shops/mvp-sports-cards-laguna-hills,https://mvpsportscards.com,medium,"address guess, name on site",MVP Sports Cards & More
https://cardshows.io/shops/mvp-sports-cards-more-bettendorf,https://mvpsportscards.com,medium,"address guess, name on site",MVP Sports Cards & More
https://cardshows.io/shops/mvp-sports-cards-of-brevard-melbourne,https://mvpsportscards.com,medium,"address guess, name on site",MVP Sports Cards & More
https://cardshows.io/shops/mvp-sportscards-pleasant-hill,https://mvpsportscards.com,medium,"address guess, name on site",MVP Sports Cards & More
https://cardshows.io/shops/mystic-falls-cardboard-company-covington,https://mysticfallscardboardcompany.com,medium,"address guess, name on site",Mystic Falls Cardboard Company
https://cardshows.io/shops/mythic-hall-lynchburg,https://www.mythichall.com,medium,"address guess, name on site",Mythic Hall Game Space for Immersive Roleplaying Adventures
https://cardshows.io/shops/narusamurai-gaming-lakeland,https://narusamuraigaming.com,medium,"address guess, name on site",NaruSamurai | Cardfight and TCG Accessories – NaruSamurai Gaming
https://cardshows.io/shops/national-card-investors-inc-northborough,https://www.nationalcardinvestors.com,medium,"address guess, name on site",Welcome to National Card Investors – NationalCardInvestors
https://cardshows.io/shops/nav-toys-and-collectibles-huntington-beach,https://www.navtoysandcollectibles.com/password,medium,"address guess, name on site",NAV Toys and Collectibles
https://cardshows.io/shops/nerd-friendly-d-iberville,https://banitaford.wixsite.com/nerdfriendly,medium,"address guess, name on site","Home | Nerd Friendly - tabletop gaming store for D&D, MTG, and board games. Join"
https://cardshows.io/shops/new-england-picture-nashua,https://newenglandpicture.com,medium,"address guess, name on site",New England Picture Sports Collectibles and Memorabilia
https://cardshows.io/shops/new-world-gaming-little-elm,https://www.newworldgaming.com,medium,"address guess, name on site",Home | New World Gaming & Collectibles
https://cardshows.io/shops/next-level-games-llc-muncie,https://nextlevelgames.com,medium,"address guess, name on site",Homepage - Next Level Games
https://cardshows.io/shops/nexus-games-olathe-olathe,https://nexusgames.com,medium,"address guess, name on site",Nexus Games — Building and Measuring Collaborative Intelligence Through Games
https://cardshows.io/shops/northwest-card-company-pacific,https://northwestcardco.com,medium,"address guess, name on site",Northwest Card Company | Shop Sports Cards & Trading Cards
https://cardshows.io/shops/nova-games-osbornville,https://www.novagames.com/en,medium,"address guess, name on site",Nova Games | Home
https://cardshows.io/shops/nxt-legaci-gaming-new-york,https://www.nxtlegacigaming.com,medium,"address guess, name on site",Nxt Legaci Gaming | NYC’s Stage for Gamers & Collectors
https://cardshows.io/shops/nygn-games-llc-novi,https://nygngames.com,medium,"address guess, name on site",Gaming - Nygn Games
https://cardshows.io/shops/one-up-tcg-tuscaloosa,https://oneuptcg.crystalcommerce.com,medium,"address guess, name on site",One Up TCG
https://cardshows.io/shops/over-the-brick-kirkland,https://overthebrick.com,medium,"address guess, name on site","Over the Brick – All your gaming needs. Board Games, Role Playing Game"
https://cardshows.io/shops/over-the-top-games-moline,https://overthetopgames.com,medium,"address guess, name on site","Over the Top Games - Indie Game Developers in Madrid, Spain"
https://cardshows.io/shops/paradise-card-breaks-baltimore,https://paradisecardbreaks.com,medium,"address guess, name on site",Paradise Card Breaks
https://cardshows.io/shops/paradise-card-breaks-las-vegas,https://paradisecardbreaks.com,medium,"address guess, name on site",Paradise Card Breaks
https://cardshows.io/shops/parallax-games-bismarck,https://parallax-games.com,medium,"address guess, name on site",Parallax Games
https://cardshows.io/shops/paulas-sports-cards-etc-honolulu,https://paulassportscards.com,medium,"address guess, name on site",Paula's Sports Cards Etc.
https://cardshows.io/shops/pb-collectibles-newport,https://www.pbcollectibles.com,medium,"address guess, name on site",Home | Pb Collectibles
https://cardshows.io/shops/petez-popz-dayton,https://petezpopz.com,medium,"address guess, name on site",PeteZ PopZ I Funko Pops I Loungefly Bags I Collectibles · PeteZ PopZ
https://cardshows.io/shops/petruccos-collectibles-wholesale-plantation,https://petruccoscollectibles.com,medium,"address guess, name on site",Petrucco's Collectibles
https://cardshows.io/shops/phoenix-fire-games-meridian,https://www.phoenixfiregames.com,medium,"address guess, name on site",Phoenix Fire Games - Phoenix Fire Games
https://cardshows.io/shops/phoenix-games-fridley,https://www.phoenixgames.com,medium,"address guess, name on site",Home - Phoenix Games - F2P Founders Unleashed
https://cardshows.io/shops/phoenix-gaming-lounge-phoenix,https://www.phoenixgaming.net,medium,"address guess, name on site",Phoenix Gaming DK - Denmark
https://cardshows.io/shops/pick-6-sportscards-coeur-d-alene,https://pick6sportscards.com,medium,"address guess, name on site",Pick6 Sportscards offers a large variety of singles to brand new boxes – Pick 6 
https://cardshows.io/shops/pile-of-games-albuquerque,https://www.pileofgames.com,medium,"address guess, name on site",Pile of Games
https://cardshows.io/shops/pink-elephant-games-and-cafe-wichita,https://www.pinkelephantgames.com,medium,"address guess, name on site",Pink Elephant Games and Cafe
https://cardshows.io/shops/play-more-games-gaithersburg,https://playmoregames.com,medium,"address guess, name on site",Developers of DIZED™ | Playmore Games
https://cardshows.io/shops/play-or-draw-avondale,https://playordraw.com,medium,"address guess, name on site",Play or Draw - Premier Trading Card Marketplace
https://cardshows.io/shops/play-or-draw-surprise,https://playordraw.com,medium,"address guess, name on site",Play or Draw - Premier Trading Card Marketplace
https://cardshows.io/shops/poke-guru-trading-cards-milwaukee,https://pokegurutradingcards.com,medium,"address guess, name on site",Poke Guru Trading Cards
https://cardshows.io/shops/poke-plug-forked-river,https://pokemonplug.com,medium,"address guess, name on site",Pokemon Plug Official Web Store
https://cardshows.io/shops/pokemon-stop-westerville,https://www.pokemon.com/us,medium,"address guess, name on site",The Official Pokémon Website | Pokemon.com
https://cardshows.io/shops/pokestation-plano,https://pokestation.net,medium,"address guess, name on site","Pokémon Cards Guide: Rarity, Value & Collecting Tips | Pokestation"
https://cardshows.io/shops/pop-gun-collectibles-2-la-porte,https://www.popguncollectibles.com,medium,"address guess, name on site","POPGUN COLLECTIBLES | POKEMON CARDS . FUNKO. TOYS. | 3818 South Shepherd Drive, "
https://cardshows.io/shops/pop-stop-and-pokemon-shop-ocean-grove,https://www.popstopandpokemonshop.com,medium,"address guess, name on site","Funko Pops & Pokemon Cards | Pop Stop & Pokemon Shop | Neptune Township, NJ"
https://cardshows.io/shops/pops-n-son-collectibles-pinellas-park,https://www.popsnsoncollectibles.com,medium,"address guess, name on site",Pops N Son Collectibles | One Piece
https://cardshows.io/shops/press-pass-collectibles-scottsdale,https://presspasscollectibles.com,medium,"address guess, name on site",Press Pass Collectibles - Your #1 Source For Autographed Memorabilia
https://cardshows.io/shops/prime-time-gaming-macon,https://www.primetimegaming.net,medium,"address guess, name on site",Prime Time Gaming | Coming Soon
https://cardshows.io/shops/primetime-card-depot-dayton,https://primetimecarddepot.com,medium,"address guess, name on site",Buy Sports Cards Online | 45+ Years | Primetime Card Depot
https://cardshows.io/shops/primetime-cards-and-games-gilbert-gilbert,https://primetimemagic.com,medium,"address guess, name on site",Buy Magic Cards | Primetime Cards and Games
https://cardshows.io/shops/primetime-cards-and-games-tempe,https://primetimemagic.com,medium,"address guess, name on site",Buy Magic Cards | Primetime Cards and Games
https://cardshows.io/shops/private-stock-hobby-shop-midland,https://privatestockhobbyshop.com,medium,"address guess, name on site",Card Shop; Hobby Shop; Sports Cards; Trading Cards; collectibles – Private Stock
https://cardshows.io/shops/punkouter-games-gainesville,https://punkouter.com,medium,"address guess, name on site",PunkOuter Games
https://cardshows.io/shops/rabbit-hole-sports-cards-madison,https://www.rabbitholesportscards.com,medium,"address guess, name on site",Home | Rabbit Hole Sports Cards & Memorabilia SITE UNDER CONSTRUCTION VISIT US I
https://cardshows.io/shops/rally-point-cards-jacksonville,https://www.rallypointcards.com,medium,"address guess, name on site",RallyPoint Cards
https://cardshows.io/shops/rays-card-catalog-scott,https://rayscard.com/en,medium,"address guess, name on site",RAYS CARD | Next Generation Digital Wallet
https://cardshows.io/shops/real-sportscards-wisconsin-waupun,https://realsportscards.com,medium,"address guess, name on site","Real Sportscards | Champlin & Blaine, MN | Shop Packs, Boxes, Graded Cards and M"
https://cardshows.io/shops/reality-a-games-west-warwick,https://realityagames.com,medium,"address guess, name on site",Reality A Games
https://cardshows.io/shops/red-panda-hobbies-and-games-huntsville,https://redpandahobbiesandgames.com,medium,"address guess, name on site",Red Panda Hobbies & Games – Red Panda Hobbies & Games
https://cardshows.io/shops/redemption-cards-las-vegas,https://www.redemptioncards.com,medium,"address guess, name on site",Redemption Cards
https://cardshows.io/shops/regent-cards-and-more-goshen,https://regentcards.net,medium,"address guess, name on site",Regent Cards - Goshen’s Premier Trading Card Store for Magic: The Gathering & Po
https://cardshows.io/shops/replay-sports-cards-aurora,https://www.replaysportscards.com,medium,"address guess, name on site",Replay Sports Cards
https://cardshows.io/shops/retro-games-plus-huntington-beach,https://www.retrogames.com,medium,"address guess, name on site",[ Retrogames ] - Your ONE STOP emulation site!
https://cardshows.io/shops/retro-revival-tcg-tallahassee,https://www.retrorevivaltcg.com,medium,"address guess, name on site",Retro Revival tcg
https://cardshows.io/shops/retroaholics-canton,https://retroaholics.com,medium,"address guess, name on site","Retroaholics | Retro Games, Consoles & Collectibles"
https://cardshows.io/shops/revival-collectibles-grand-ledge,https://revivalcollectibles.com,medium,"address guess, name on site",Revival Collectibles
https://cardshows.io/shops/ridin-high-cards-marysville,https://www.ridinhighcards.com,medium,"address guess, name on site",Ridin High Cards | Trading Cards
https://cardshows.io/shops/rjbreaks-skokie,https://cardcolosseum.com,medium,"address guess, name on site",Card Colosseum | Enter the Colosseum
https://cardshows.io/shops/rock-solid-tcg-trading-harrisburg,https://rocksolidtcgtrading.com/password,medium,"address guess, name on site",Rock Solid TCG Trading
https://cardshows.io/shops/rocket-city-sports-cards-huntsville,https://rocketcitysportscards.com,medium,"address guess, name on site",Rocket City Sports Cards
https://cardshows.io/shops/rookie-2-retirement-lakeland,https://rookie.com,medium,"address guess, name on site",Rookie | Collect & invest in rookie cards.
https://cardshows.io/shops/rookies-sportscards-plus-lowell,https://rookiessportscards.com,medium,"address guess, name on site","Sports Cards, Pokemon, Funko Pop - Rookies Sports Cards"
https://cardshows.io/shops/round-2-gaming-lawrenceville,https://round2gaming.com,medium,"address guess, name on site",Round 2 Gaming - New Jersey's Best Tabletop Game Store!
https://cardshows.io/shops/sb-card-vault-arlington,https://sbcardvault.com,medium,"address guess, name on site",SB Card Vault
https://cardshows.io/shops/schleder-sports-exchange-winfield,https://www.schledersportsexchange.com,medium,"address guess, name on site",Schleder Sports Exchange | Buy/Sell/ Auction Sports Cards
https://cardshows.io/shops/scientific-games-little-rock,https://www.scientificgames.com,medium,"address guess, name on site",Scientific Games
https://cardshows.io/shops/score-more-sports-greensboro-greensboro,https://www.scoremorenow.com,medium,"address guess, name on site",Sports Cards & Pokémon | Score More Sports
https://cardshows.io/shops/score-more-sports-salisbury-salisbury,https://www.scoremorenow.com,medium,"address guess, name on site",Sports Cards & Pokémon | Score More Sports
https://cardshows.io/shops/scrub-tier-gaming-houston,https://scrubtiergaming.com,medium,"address guess, name on site",Scrub Tier Gaming
https://cardshows.io/shops/se-card-guys-edison,https://secard.net,medium,"address guess, name on site",Secard
https://cardshows.io/shops/searing-shot-tcg-derry,https://searingshot.com,medium,"address guess, name on site","Searing Shot TCG - Live Breaks of Pokemon, One Piece and Lorcana on Twitch"
https://cardshows.io/shops/shadow-hobbies-woodland-park,https://shadowhobbies.com,medium,"address guess, name on site",Built for Speed. Powered by Passion. – Shadow Hobbies
https://cardshows.io/shops/simply-collectables-south-salt-lake,https://simplycollectables.com,medium,"address guess, name on site","Simply collectables - Sports Memorabilia Stores, Vintage Collectables"
https://cardshows.io/shops/socal-magic-orange,https://socalmagic.com,medium,"address guess, name on site",SoCal Magic
https://cardshows.io/shops/sodapops-collectibles-llc-davenport,https://www.sodapopscollectibles.com,medium,"address guess, name on site",Sodapops Collectibles
https://cardshows.io/shops/sonfall-games-lakewood,https://www.sonfallgames.com,medium,"address guess, name on site",SONFALL GAMES | Join the Gaming Community Today
https://cardshows.io/shops/sords-card-emporium-san-francisco,https://sordscards.com/password,medium,"address guess, name on site",– Sords Cards
https://cardshows.io/shops/sport-cards-my-hommies-brooklyn,https://sportcards.com,medium,"address guess, name on site","Sports Cards MLB, NFL, NBA, NHL, Soccer, F1, WNBA, WWE, NASCAR, PGA"
https://cardshows.io/shops/sports-archives-canton,https://www.sports.net,medium,"address guess, name on site",Sports.Net | Get Your Game On
https://cardshows.io/shops/sports-card-buddha-amarillo,https://sportscardbuddha.com/password,medium,"address guess, name on site",– Sports Card Buddha Collectibles
https://cardshows.io/shops/sports-card-partners-llc-saint,https://sportscardpartners.com,medium,"address guess, name on site",Sell Sports Card Collection - Sports Card Partners in Minnesota buys sportscards
https://cardshows.io/shops/sports-cards-plus-san-antonio,https://www.sportscardsplussanantonio.com,medium,"address guess, name on site",Sports Cards | Sports Cards Plus San Antonio | Texas
https://cardshows.io/shops/sports-collectibles-more-webster,https://www.sportscollectibles.com,medium,"address guess, name on site",Sports Memorabilia & Autographed Sports Collectibles
https://cardshows.io/shops/sports-den-design-thornton,https://www.sports.net,medium,"address guess, name on site",Sports.Net | Get Your Game On
https://cardshows.io/shops/sports-expressions-glendale,https://sportsexpressions.com,medium,"address guess, name on site","Sports Expressions - Sports, Collectibles, Home Decor"
https://cardshows.io/shops/sports-fantastic-lincoln,https://www.sports.net,medium,"address guess, name on site",Sports.Net | Get Your Game On
https://cardshows.io/shops/sports-fanz-hurricane,https://www.sports.net,medium,"address guess, name on site",Sports.Net | Get Your Game On
https://cardshows.io/shops/sports-haven-inc-roanoke,https://www.sports.net,medium,"address guess, name on site",Sports.Net | Get Your Game On
https://cardshows.io/shops/sports-haven-inc-salem-salem,https://www.sports.net,medium,"address guess, name on site",Sports.Net | Get Your Game On
https://cardshows.io/shops/sports-minded-unlimited-warren,https://www.sports.net,medium,"address guess, name on site",Sports.Net | Get Your Game On
https://cardshows.io/shops/sports-n-more-henderson,https://www.sports.net,medium,"address guess, name on site",Sports.Net | Get Your Game On
https://cardshows.io/shops/sports-treasures-rancho-cucamonga,https://www.sportstreasures.com,medium,"address guess, name on site","Sports Treasures – Licensed Sports Merchandise, Collectibles & Apparel"
https://cardshows.io/shops/sports-world-card-shop-lebanon,https://sportsworldcardshop.com,medium,"address guess, name on site",Sports World Card Shop
https://cardshows.io/shops/sports-zone-albany,https://www.sports.net,medium,"address guess, name on site",Sports.Net | Get Your Game On
https://cardshows.io/shops/sports-zone-holyoke,https://www.sports.net,medium,"address guess, name on site",Sports.Net | Get Your Game On
https://cardshows.io/shops/springer-collectibles-pikesville,https://springercollectibles.com,medium,"address guess, name on site",Springer Collectibles – Trading cards in Maryland
https://cardshows.io/shops/steel-city-collectibles-white-oak,https://www.steelcitycollectibles.com,medium,"address guess, name on site","Steel City Collectibles | Shop Sports Cards, Pokémon & Gaming Cards, Memorabilia"
https://cardshows.io/shops/stevenson-games-pikesville-stevenson,https://stevensongames.com,medium,"address guess, name on site","Miniatures, Hobby Paints & Board Games | Stevenson Games"
https://cardshows.io/shops/stockpile-sportscards-urbandale,https://www.stockpilesportscards.com,medium,"address guess, name on site",Home - Stockpile Sports Cards and Memorabilia
https://cardshows.io/shops/strictly-broken-tcg-houston,https://www.strictlybrokentcg.ca,medium,"address guess, name on site",Strictly Broken TCG
https://cardshows.io/shops/super-duper-trading-cards-oroville,https://superdupertradingcards.com,medium,"address guess, name on site",Super Duper Trading Cards – Super Duper Trading Cards
https://cardshows.io/shops/super-games-inc-milton,https://www.supergames.net,medium,"address guess, name on site",Super Games
https://cardshows.io/shops/superko-cards-west-valley-city,https://superkocards.com,medium,"address guess, name on site",SuperKo Cards
https://cardshows.io/shops/supreme-card-shop-la-mesa,https://www.supremecardshop.com,medium,"address guess, name on site",Home – Supremecardshop
https://cardshows.io/shops/supreme-cards-and-comics-hialeah,https://supremecardsandcomics.com,medium,"address guess, name on site",SUPREME CARDS AND COMICS | SupremeCardsandComics
https://cardshows.io/shops/symphony-games-north-royalton,https://www.symphonygames.net,medium,"address guess, name on site",Symphony Games – Welcome
https://cardshows.io/shops/tacticians-chicago,https://tacticians.com,medium,"address guess, name on site",Discover the Best Trading Cards for Every Hobbyist
https://cardshows.io/shops/taitan-game-shop-coraopolis-coraopolis,https://www.taitangameshop.com,medium,"address guess, name on site",Taitan Game Shop (Coraopolis)
https://cardshows.io/shops/tarver-cards-benton,https://tarvercards.com,medium,"address guess, name on site",tarvercards | Join Sports Card Enthusiasts Today
https://cardshows.io/shops/tates-gaming-satellite-lauderhill,https://tatesgaming.com,medium,"address guess, name on site",Tate's Gaming Satellite
https://cardshows.io/shops/tc-trading-cards-minneapolis,https://tctradingcards.com,medium,"address guess, name on site",Home - tctradingcards.com
https://cardshows.io/shops/tcg-family-belton,https://tcg-family.com,medium,"address guess, name on site",TCG-FAMILY – TcgFamily
https://cardshows.io/shops/tcg-planet-llc-perry,https://www.tcgplanet.com,medium,"address guess, name on site",Toys Collectibles and Games | TCG Planet LLC
https://cardshows.io/shops/tcg-tower-lowell,https://tcgtower.com,medium,"address guess, name on site",TCG Tower - Online Trading Card Store
https://cardshows.io/shops/tcglegit-east-amherst,https://www.tcglegit.com,medium,"address guess, name on site",TCGLegit | Affordable Trading Card Game Store Online & in Buffalo NY
https://cardshows.io/shops/tedspokepawn-cincinnati,https://www.tedspokepawn.com,medium,"address guess, name on site",Tedspokepawn | Pokemon
https://cardshows.io/shops/the-baseball-card-king-3-downers-grove,https://shopbck.com,medium,"address guess, name on site",The Baseball Card King Online Shop
https://cardshows.io/shops/the-baseball-card-king-plainfield,https://shopbck.com,medium,"address guess, name on site",The Baseball Card King Online Shop
https://cardshows.io/shops/the-bullpen-toledo,https://www.the-bullpen.com,medium,"address guess, name on site",The Bullpen Sports Collectibles
https://cardshows.io/shops/the-card-chop-lamar,https://www.thecardchop.com,medium,"address guess, name on site",The Card Chop
https://cardshows.io/shops/the-card-coop-holladay,https://thecardcoop.com,medium,"address guess, name on site",The Card Coop
https://cardshows.io/shops/the-card-exchange-llc-arvada,https://www.cardexchange.com/nl,medium,"address guess, name on site","CardExchange.com: Koop, Verkoop & Ruil Magic the Gathering kaarten"
https://cardshows.io/shops/the-card-haven-lewisville,https://www.the-card-haven.com,medium,"address guess, name on site",Home | The Card Haven
https://cardshows.io/shops/the-card-house-ventura,http://cardhouse.com,medium,"address guess, name on site",Cardhouse Unsure Disconnected Disassociated Flailing Systems.
https://cardshows.io/shops/the-card-lounge-sa-san-antonio,https://thecardloungesa.com,medium,"address guess, name on site",The Card Lounge SA
https://cardshows.io/shops/the-card-shop-omaha,https://www.thecardshopomaha.com,medium,"address guess, name on site",The Card Shop – Omaha's Largest Selection of Sports Cards
https://cardshows.io/shops/the-card-shop-plattsburgh,https://thecardshopplattsburgh.com,medium,"address guess, name on site","The Card Shop — Sports Cards & TCGs in Plattsburgh, NY"
https://cardshows.io/shops/the-card-vault-owasso,https://cardvaultbytombrady.com,medium,"address guess, name on site","CardVault by Tom Brady: Sports Cards, Pokémon, and More"
https://cardshows.io/shops/the-collector-cubby-brooklyn,https://www.thecollector.com,medium,"address guess, name on site",TheCollector
https://cardshows.io/shops/the-collectors-corner-kennewick,https://the-collectors-corner.com,medium,"address guess, name on site",Collectors' Corner
https://cardshows.io/shops/the-collectors-kid-geneva,https://thecollectorskid.com,medium,"address guess, name on site",Websites | | the-collectors-kid3
https://cardshows.io/shops/the-collectors-ward-oakdale,https://www.collectors.com,medium,"address guess, name on site",Collectors
https://cardshows.io/shops/the-common-collector-corinth,https://commoncollector.com,medium,"address guess, name on site",The Common Collector
https://cardshows.io/shops/the-compleat-strategist-new-york,https://www.thecompleatstrategist.com,medium,"address guess, name on site",The Compleat Strategist Game Shop for Board Games RPGs Card Games
https://cardshows.io/shops/the-fan-cave-pocatello,https://www.fancave.com,medium,"address guess, name on site","FanCave.com | Sports Cards, Trading Cards & Collectibles – Fan Cave"
https://cardshows.io/shops/the-game-cave-nashville,https://game-cave.com,medium,"address guess, name on site","Online Slot Reviews, RTP Guides & Game Analysis | Game Cave"
https://cardshows.io/shops/the-game-cave-rochester,https://game-cave.com,medium,"address guess, name on site","Online Slot Reviews, RTP Guides & Game Analysis | Game Cave"
https://cardshows.io/shops/the-game-haven-pikesville,https://yourgamehaven.com,medium,"address guess, name on site",Game Haven Home Page
https://cardshows.io/shops/the-game-haven-riverside,https://www.thegamehaven.com,medium,"address guess, name on site",The Game Haven
https://cardshows.io/shops/the-game-preserve-indianapolis,https://www.gamepreserve.com,medium,"address guess, name on site",The Game Preserve
https://cardshows.io/shops/the-gaming-corner-lindenhurst,https://luckily.com/thegaming.html,medium,"address guess, name on site",TheGaming - Luckily.com the quality generic domain name specialist.
https://cardshows.io/shops/the-gaming-guild-evansville,https://luckily.com/thegaming.html,medium,"address guess, name on site",TheGaming - Luckily.com the quality generic domain name specialist.
https://cardshows.io/shops/the-gaming-mat-company-cheyenne,https://www.thegamingmatcompany.com,medium,"address guess, name on site","The Gaming Mat Company - Yugioh, Pokemon, Magic the Gathering TCG Mats"
https://cardshows.io/shops/the-hidden-lair-mt-zion,https://thehiddenlair.com,medium,"address guess, name on site","The Hidden Lair | Tabletop Games, Miniatures, RPGs & CCGs in Decatur,"
https://cardshows.io/shops/the-hobby-box-ann-arbor,https://hobbybox.com,medium,"address guess, name on site","Buy Sports Cards, Hobby Boxes and Memorabilia – HobbyBox"
https://cardshows.io/shops/the-hobby-den-evansville,http://thehobbyden.com,medium,"address guess, name on site",The Hobby Den
https://cardshows.io/shops/the-kard-shop-new-bedford,https://kardshop.com,medium,"address guess, name on site",Kard Shop — Shop cards by game & set
https://cardshows.io/shops/the-loot-cave-llc-sioux,https://www.thelootcave.com,medium,"address guess, name on site","The Loot Cave - Trading Cards, Exclusive Collectibles, & More! – The Loot Cave L"
https://cardshows.io/shops/the-mecca-of-sports-cards-corona,https://themeccaofsportscards.com,medium,"address guess, name on site",Sports cards | The Mecca Of Sports Cards | Funko sale
https://cardshows.io/shops/the-mecca-of-sports-cards-garden-city,https://themeccaofsportscards.com,medium,"address guess, name on site",Sports cards | The Mecca Of Sports Cards | Funko sale
https://cardshows.io/shops/the-monster-card-shop-queen-creek,https://www.themonstercardshop.com,medium,"address guess, name on site","The Monster Card Shop | Arizona's Top Provider of Hobby Boxes, Packs, and Pokemo"
https://cardshows.io/shops/the-poke-plug-akron,https://pokemonplug.com,medium,"address guess, name on site",Pokemon Plug Official Web Store
https://cardshows.io/shops/the-rogue-games-baton-rouge,https://rogueco.com,medium,"address guess, name on site",Rogue Games Inc | Independent Video Game Publisher
https://cardshows.io/shops/the-sports-card-shop-new-buffalo,https://www.instagram.com/_sportscardshop,medium,"address guess, name on site",The Sports Card Shop (@_sportscardshop) • Instagram photos and videos
https://cardshows.io/shops/the-sports-card-zone-shorewood,https://thesportscardzone.com,medium,"address guess, name on site",Top Selling Collectible Cards - Find Yours Today
https://cardshows.io/shops/the-ultimate-game-master-cheyenne,https://theultimategamemaster.com,medium,"address guess, name on site",Ultimate Game Master Screen - Magnetic DM Screens for D&D & TTRPGs – The Ultimat
https://cardshows.io/shops/the-upkeep-games-canton-canton-township,https://www.theupkeepgames.com,medium,"address guess, name on site",Home | The Upkeep Games - Michigan's Best Friendly Local Game Stores
https://cardshows.io/shops/the-yugioh-outlet-gresham,https://yugioh.com,medium,"address guess, name on site",Official Yu-Gi-Oh! Site : Watch full length Yu-Gi-Oh! episodes online.
https://cardshows.io/shops/throne-sports-cards-wilmington,https://thronesportscards.com,medium,"address guess, name on site","Throne Sports Cards | Live Sports Card Breaks on Whatnot, Fanatics Live & eBay L"
https://cardshows.io/shops/tier-1-games-lafayette,https://tier1games.com,medium,"address guess, name on site","Tier 1 Games, Inc."
https://cardshows.io/shops/tims-cards-and-collectibles-llc-post-falls,https://timscardsandcollectibles.com,medium,"address guess, name on site",Tim's Cards & Collectibles
https://cardshows.io/shops/tiny-goblin-games-martins-ferry,https://shop.tinygoblingames.com,medium,"address guess, name on site",Tiny Goblin Games: Miniature Wargaming Store
https://cardshows.io/shops/titan-games-champaign-champaign,https://www.titangames.com,medium,"address guess, name on site",Titan Games - Titan Games
https://cardshows.io/shops/titan-games-decatur-decatur,https://www.titangames.com,medium,"address guess, name on site",Titan Games - Titan Games
https://cardshows.io/shops/titan-games-springfield-springfield,https://www.titangames.com,medium,"address guess, name on site",Titan Games - Titan Games
https://cardshows.io/shops/tk-collectibles-tktcg-newport-beach,https://tkcollectibles.com,medium,"address guess, name on site",TK Collectibles
https://cardshows.io/shops/top-shelf-sports-cards-elgin-elgin,https://topshelfsportscards.com,medium,"address guess, name on site",Top Shelf Sports Cards
https://cardshows.io/shops/top-tier-tcg-llc-joliet,https://www.toptiertcg.com,medium,"address guess, name on site","Top Tier TCG | English, Japanese, Korean TCG"
https://cardshows.io/shops/top-tier-tcg-st-petersburg,https://www.toptiertcg.com,medium,"address guess, name on site","Top Tier TCG | English, Japanese, Korean TCG"
https://cardshows.io/shops/topcard-duluth,https://topcard.net,medium,"address guess, name on site",Top Card – Your Last Business Card
https://cardshows.io/shops/tower-games-bloomington-minneapolis,https://towergames.net,medium,"address guess, name on site",Tower Defense — Strategic Tower Placement Game | Tower Games
https://cardshows.io/shops/toy-hunt-and-collectibles-long-beach,https://toyhuntandcollectibles.com,medium,"address guess, name on site",Toy Hunt And Collectibles – Toy Hunt & Collectibles
https://cardshows.io/shops/trading-card-buyers-richardson,https://tradingcardbuyers.com,medium,"address guess, name on site",Trading Card Buyers
https://cardshows.io/shops/trading-card-market-manchester,https://tradingcardmarket.com,medium,"address guess, name on site",Trading Card Market
https://cardshows.io/shops/trading-card-resources-waipahu,https://www.tradingcardresources.com,medium,"address guess, name on site",Trading Card Resources
https://cardshows.io/shops/tradingcardsets-cape,https://tradingcardsets.com,medium,"address guess, name on site",TradingCardSets.Com | TradingCardSets.Com
https://cardshows.io/shops/treasure-chest-collectibles-cedar-rapids,https://treasurechestcollectibles.com,medium,"address guess, name on site",Treasure Chest Collectibles
https://cardshows.io/shops/treasure-hunt-games-amarillo,https://treasurehuntgames.com,medium,"address guess, name on site",Exciting Treasure Hunt Games and treasure hunts | Treasure Hunt Games
https://cardshows.io/shops/treasure-trove-collectibles-marketplace-dayton,https://treasuretrovecollectibles.com,medium,"address guess, name on site",Treasure Trove Collectibles & Marketplace
https://cardshows.io/shops/treasures-naperville,https://treasuresnaperville.com,medium,"address guess, name on site",Treasures - Naperville Toy & Game Store
https://cardshows.io/shops/trifecta-gaming-allentown,https://trifecta-gaming.com,medium,"address guess, name on site",Trifecta Gaming - Trifecta Gaming
https://cardshows.io/shops/triple-sss-sports-cards-sterling-heights,https://www.triple-sss-sports-cards.com,medium,"address guess, name on site",Triple SSS Sports Cards
https://cardshows.io/shops/tuggyco-sports-bangor,https://tuggycosports.com,medium,"address guess, name on site","TuggyCo Sports — Sports Cards, Live Breaks & eBay Auctions"
https://cardshows.io/shops/two-dudes-cards-greensboro,https://twodudescards.com,medium,"address guess, name on site",TwoDudesCardShop – Two Dudes Card Shop
https://cardshows.io/shops/ultra-legend-collections-kennewick,https://ultralegendcollections.com,medium,"address guess, name on site",Ultra Legend Collections
https://cardshows.io/shops/underground-collectors-glendale,https://www.instagram.com/undergroundcollectors,medium,"address guess, name on site",Underground Collectors (@undergroundcollectors) • Instagram photos and videos
https://cardshows.io/shops/underground-games-copperas-cove,https://www.undergroundgames.com,medium,"address guess, name on site",Buy Trading Card Games in Texas | Underground Games
https://cardshows.io/shops/unique-cards-international-el-paso,https://unique-cards.de,medium,"address guess, name on site",Unique Cards
https://cardshows.io/shops/upstate-tcg-spartanburg,https://upstatetcg.com,medium,"address guess, name on site",Upstate TCG
https://cardshows.io/shops/valley-sports-cards-grain-valley,https://www.valleysportscards.com,medium,"address guess, name on site","Valley Sports Cards | Cards | 19640 Ventura Boulevard, Tarzana, CA, USA"
https://cardshows.io/shops/victory-point-jersey-city,https://victory-point.com,medium,"address guess, name on site",Customizable Game Tracking App for Friends
https://cardshows.io/shops/vintage-sports-memorabilia-norwalk,https://vintagesportsmemorabilia.com,medium,"address guess, name on site",Vintage Sports Memorabilia
https://cardshows.io/shops/viral-card-games-fridley,https://viralcardgames.com,medium,"address guess, name on site",Buy Magic Cards Online - Viral Card Games
https://cardshows.io/shops/vp-vault-knoxville,https://vpvault.net,medium,"address guess, name on site",VP Vault - Board Game Victory Tracking
https://cardshows.io/shops/watsontcg-cuyahoga-falls,https://watsontcg.com,medium,"address guess, name on site",WatsonTCG - Pokemon - MTG - One Piece - Riftbound - Lorcana
https://cardshows.io/shops/wavys-sports-cards-essex-junction,https://wavyssportscards.com,medium,"address guess, name on site",Wavy Sport Cards
https://cardshows.io/shops/wayward-city-games-vancouver,https://waywardcitygames.net,medium,"address guess, name on site","Wayward City Games - MTG, Pokemon, Flesh and Blood, Digimon TCG & More"
https://cardshows.io/shops/weekend-wizards-lodi,https://www.weekend.com,medium,"address guess, name on site",Play Games on your TV | Weekend
https://cardshows.io/shops/whos-hobby-house-rapid-city,https://www.whoshobby.com,medium,"address guess, name on site","Home | Who's Hobby House | 715 Main St, Rapid City, SD 57701"
https://cardshows.io/shops/wild-things-games-salem,https://linktr.ee/wildthingsgames,medium,"address guess, name on site","Welcome to Wild Things Games Official: Instagram, X, Facebook, Twitch | Linktree"
https://cardshows.io/shops/wildebeest-tcg-newton,https://wildebeesttcg.com,medium,"address guess, name on site","Wildebeest TCG | Pokemon Cards, TCGs & Supplies in Boston"
https://cardshows.io/shops/wishlist-farmington,https://www.wishlist.com,medium,"address guess, name on site",WishList: Collect & share WishLists of what you like from any Website
https://cardshows.io/shops/world-of-sports-memorabilia-san-jose,https://www.worldofsportsmemorabilia.com,medium,"address guess, name on site",World of Sports Memorabilia – My Store
https://cardshows.io/shops/world-wide-memorabilia-worcester,https://worldwidememorabilia.com,medium,"address guess, name on site",Worldwide Memorabilia
https://cardshows.io/shops/worlds-greatest-card-shop-westport,https://www.worldsgreatestcardshop.com,medium,"address guess, name on site",worlds greatest card shop | trading cards
https://cardshows.io/shops/wyldwolf-games-coon-rapids,https://wyldwolfgames.com,medium,"address guess, name on site",Home - Wyldwolf Games
https://cardshows.io/shops/yeti-gaming-st-louis,https://www.yetigaming.com,medium,"address guess, name on site",Yeti Gaming
https://cardshows.io/shops/172-sports-cards-massillon,https://www.facebook.com/p/172-Sports-Cards-61553119924844/,social,web search,Facebook only
https://cardshows.io/shops/2-bros-a-box-stillwater,https://www.facebook.com/p/2-Bros-a-Box-100076062497729/,social,web search,Facebook only
https://cardshows.io/shops/2-guys-sports-cards-chatham,https://www.facebook.com/p/2-Guys-Sports-Cards-100063507035061/,social,web search,Facebook only
https://cardshows.io/shops/2-peace-card-shop-manhattan,https://www.facebook.com/p/2-Peace-Card-Shop-61578942501604/,social,web search,Facebook/Instagram only
https://cardshows.io/shops/219-sports-cards-accident,https://www.facebook.com/219sportscards/,social,web search,Facebook only
https://cardshows.io/shops/3-and-2-sportscards-moweaqua,https://www.facebook.com/3.and.2.sportscards.llc/,social,web search,Facebook only
https://cardshows.io/shops/307-trading-cards-gillette,https://www.facebook.com/p/307-Trading-Cards-100077895843134/,social,web search,Facebook only
https://cardshows.io/shops/309-cards-and-collectables-llc-pekin,https://www.facebook.com/p/309-Cards-and-Collectables-LLC-61577044934217/,social,web search,Facebook only
https://cardshows.io/shops/417-sports-cards-lebanon,https://www.facebook.com/p/417-Sports-Cards-100093153091070/,social,web search,Facebook only
https://cardshows.io/shops/423-sports-cards-greeneville,https://www.facebook.com/423sportscards/,social,web search,Facebook only
https://cardshows.io/shops/575-sports-cards-roswell,https://www.facebook.com/575SportsCardz/,social,web search,
https://cardshows.io/shops/5c-gaming-the-card-shop-springfield,https://www.facebook.com/CardShopMissouri/,social,web search,no own domain found
https://cardshows.io/shops/9-realms-relics-train-and-hobby-shop-boise,https://www.facebook.com/p/9-Realms-Relics-61576609265164/,social,web search,
https://cardshows.io/shops/all-star-cards-collectibles-davie,https://www.facebook.com/allstarjeff/,social,web search,"Facebook only, no own website found"
https://cardshows.io/shops/all-star-relics-shrewsbury,https://www.facebook.com/AllStarRelics/,social,web search,"Facebook only, no own website found"
https://cardshows.io/shops/all-star-sports-cards-emporium-birmingham,https://www.facebook.com/p/All-Star-Sports-Cards-Emporium-100063527621511/,social,web search,"Facebook only, no own website found"
https://cardshows.io/shops/all-star-sports-cards-muncie,https://www.facebook.com/AllStarSportsCardsIN/,social,web search,"Facebook only, no own website found"
https://cardshows.io/shops/all-that-games-livonia,https://www.facebook.com/ALLTHAT2018/,social,web search,"Facebook only, no own website found"
https://cardshows.io/shops/all-things-sports-sux-sioux-city,https://www.facebook.com/allthingssportssux/,social,web search,"Facebook only, no own website found"
https://cardshows.io/shops/allegedly-collectable-eau-claire,https://www.facebook.com/p/Allegedly-collectable-100092777348805/,social,web search,"Facebook only, no own website found"
https://cardshows.io/shops/awesome-cards-collectibles-games-londonderry,https://www.facebook.com/awesomeccg/,social,web search,"no own website found, only directories/Facebook"
https://cardshows.io/shops/b-b-sportscards-fairview-park,https://www.facebook.com/BB-Sportscards-235204003276807,social,web search,"no own website found, only directories"
https://cardshows.io/shops/big-apple-comics-collectibles-amarillo,https://www.facebook.com/Big-Apple-Comics-348254311920941/,social,web search,No dedicated own site found; comic/gaming shop
https://cardshows.io/shops/big-bois-card-shop-oxnard,https://www.facebook.com/bigboicards/,social,web search,
https://cardshows.io/shops/big-cats-cards-collectibles-appleton,https://www.facebook.com/p/Big-Cats-Cards-Collectibles-61575555832055/,social,web search,
https://cardshows.io/shops/big-dawg-sports-cards-waltham,https://www.facebook.com/p/Big-Dawgs-Sports-Card-61573756139344/,social,web search,
https://cardshows.io/shops/big-gs-cardboard-dreams-stow,https://www.facebook.com/BigGsCardboardDreams/,social,web search,
https://cardshows.io/shops/big-island-breaks-kailua-kona,https://www.instagram.com/big_island_breaks/,social,web search,"Instagram only, no Facebook found"
https://cardshows.io/shops/card-cravers-club-sauk-rapids,https://www.facebook.com/people/Card-Cravers-Club/100064183568974/,social,web search,
https://cardshows.io/shops/card-guys-sports-tcg-jasper,https://www.facebook.com/CardGuys2022/,social,web search,
https://cardshows.io/shops/cardsharks-sportscards-albany,https://www.facebook.com/61575473662310/,social,web search,only FB page found
https://cardshows.io/shops/carolina-cards-collectibles-stedman,https://www.facebook.com/p/Carolina-Cards-Collectibles-61564447572023/,social,web search,no website found
https://cardshows.io/shops/cleves-sports-cards-springdale,https://www.facebook.com/clevessportscards/,social,web search,"No independent website found, Facebook only"
https://cardshows.io/shops/coach-ks-sports-cards-and-collectibles-lyndhurst,https://www.facebook.com/p/Coach-Ks-Sports-100064495854253/,social,web search,No independent website found
https://cardshows.io/shops/coastal-sports-cards-collectibles-carlsbad,https://www.instagram.com/coastal_collectibles/,social,web search,No independent website found
https://cardshows.io/shops/comics-cards-collectibles-canton,https://www.facebook.com/Comics-Cards-and-Collectables-215050449629/,social,web search,no own website found
https://cardshows.io/shops/comics-cards-collectibles-el-paso,https://www.facebook.com/pages/Comics-Cards-Collectibles/121804077829777/,social,web search,no own website found
https://cardshows.io/shops/commonguy-sports-cards-plymouth,https://www.facebook.com/p/CommonGuy-Sports-Cards-100064621939354/,social,web search,no own website found
https://cardshows.io/shops/commonwealth-cards-and-collectibles-lynchburg,https://www.facebook.com/Commonwwatlsportscards/,social,web search,no own website found
https://cardshows.io/shops/community-cards-attleboro,https://www.facebook.com/p/Community-Cards-61573621510860/,social,web search,no own website found
https://cardshows.io/shops/computer-realm-card-shop-quakertown,https://www.facebook.com/p/computer_realm__collectibles-100071558148791/,social,web search,no own website found
https://cardshows.io/shops/danimalz-trading-cards-collectibles-lakewood,https://www.instagram.com/danimalztradingcards/,social,web search,no dedicated website found
https://cardshows.io/shops/2-star-studio-carmel,,none,web search,no card shop found under this name
https://cardshows.io/shops/2026-world-cup-cards-pembroke,,none,web search,no shop found
https://cardshows.io/shops/3-old-dogs-collectibles-mt-vernon,,none,web search,no website or page found
https://cardshows.io/shops/304cardsandcomics-charleston,,none,web search,no shop found under this name
https://cardshows.io/shops/316breaks-waipahu,,none,web search,no shop found
https://cardshows.io/shops/561sportscardsllc-palm-bay,,none,web search,no website or social found for this specific business
https://cardshows.io/shops/731breakz-jackson,,none,web search,no matching card breaking business found
https://cardshows.io/shops/8th-ave-studio-south-st-paul,,none,web search,no website or social found
https://cardshows.io/shops/awtcards-savannah,,none,web search,"no business called ""AWT Cards"" found in Savannah"
https://cardshows.io/shops/ba-trading-pittsburgh,,none,web search,"no business called ""BA Trading"" found in Pittsburgh"
https://cardshows.io/shops/babbitt-trade-show-modesto,,none,web search,"found only BBB profile for an ecommerce LLC, no real card shop site"
https://cardshows.io/shops/bezanis-collectables-lakeland,,none,web search,No shop by this exact name found in Lakeland
https://cardshows.io/shops/bhhw-shoppe-surprise,,none,web search,Nothing found matching this name/city
https://cardshows.io/shops/big-boys-sports-cards-collectibles-stockton,,none,web search,"Only found similarly-named shops in Brentwood CA, not Stockton"
https://cardshows.io/shops/big-face-sports-andover,,none,web search,No matching business found for Andover; results only show Atlanta GA business of same name
https://cardshows.io/shops/break-it-open-coral,,none,web search,no shop found matching this name in Coral/Coral Springs
https://cardshows.io/shops/break-rippers-mililani,,none,web search,no shop found matching this name in Mililani
https://cardshows.io/shops/brewers-gaming-bits-bobs-llc-auburn,,none,web search,no matching business found in Auburn
https://cardshows.io/shops/cleos-tcg-san-bernardino,https://www.keepupcards.com/shop/cleos-tcg-san-bernardino-ca,none,web search,"No own website or social found, only directory listings"
https://cardshows.io/shops/cm-onestop-lowell,-,none,web search,No clear match found for this shop name in Lowell
https://cardshows.io/shops/cmac53sportscards-boise,-,none,web search,"No matching business found, likely individual seller"
https://cardshows.io/shops/daily-tcg-olathe,,none,web search,no matching business found in Olathe KS
https://cardshows.io/shops/dailymisplay-clearwater,,none,web search,no matching business found in Clearwater FL
https://cardshows.io/shops/danalu808-hilo,,none,web search,no matching business found in Hilo HI
