cardshows_url,website,source,confidence,page_title
https://cardshows.io/shops/901-games-memphis,,not found,,
https://cardshows.io/shops/906-trading-co-frisco,,not found,,
https://cardshows.io/shops/90s-living-room-riverdale,,not found,,
https://cardshows.io/shops/912-cards-savannah,https://912cards.com,guessed 912cards.com,high,912 Cards
https://cardshows.io/shops/931-sports-cards-fayetteville,https://www.931sportscards.com,guessed 931sportscards.com,medium,931sportscards
https://cardshows.io/shops/95-game-center-wilmington,https://www.95gamecenter.com,guessed 95gamecenter.com,high,Board Games and TCG Events | 95 Game Center | Wilmington
https://cardshows.io/shops/a-and-n-sports-cards-chadwicks,,not found,,
https://cardshows.io/shops/a-cardstore-buffalo,,not found,,
https://cardshows.io/shops/a-g-collectibles-rancho-cucamonga,https://www.agcollectibles.com,guessed agcollectibles.com,high,"A.G. Collectibles | comic book store | 6658 Carnelian Street, Rancho Cucamonga, CA, USA"
https://cardshows.io/shops/a-h-games-monroe-monroe,,not found,,
https://cardshows.io/shops/a-h-games-ruston-ruston,,not found,,
https://cardshows.io/shops/a-j-sports-cards-llc-eugene,,not found,,
https://cardshows.io/shops/a-l-sports-cards-memorabilia-mahopac,,not found,,
https://cardshows.io/shops/a-la-cardz-collective-rio-rancho,,not found,,
https://cardshows.io/shops/a-n-collectibles-san-dimas,,not found,,
https://cardshows.io/shops/a-s-sports-westbury,https://assports.com,guessed assports.com,medium,AS Sports | Buy English Willow Cricket Bats & Gears since 1960
https://cardshows.io/shops/a-shop-called-quest-redlands,,not found,,
https://cardshows.io/shops/a-walk-in-time-charleston,,not found,,
https://cardshows.io/shops/a-world-of-collections-games-comics-and-cards-edmonds,,not found,,
https://cardshows.io/shops/aa-cards-collectibles-west-lafayette-west-lafayette,,not found,,
https://cardshows.io/shops/aa-midwest-sports-memorabilia-baseball-card-buyers-chesterfield,,not found,,
https://cardshows.io/shops/aa-mint-cards-cooper-city,https://aamintcards.com,guessed aamintcards.com,high,AA Mint Cards
https://cardshows.io/shops/aaa-collectibles-inc-matthews,https://aaacollectibles.com,guessed aaacollectibles.com,high,- AAA Collectibles
https://cardshows.io/shops/aaa-games-arena-wilbraham,,not found,,
https://cardshows.io/shops/aaa-trading-inc-augusta,https://aaatrading.net,guessed aaatrading.net,medium,AAA Trading | Online Trading Platform in Global Market
https://cardshows.io/shops/aan-collect-new-hartford,https://www.aancollect.com,guessed aancollect.com,high,AAN Collect LLC.
https://cardshows.io/shops/ab-sports-cards-collectibles-brown-deer,,not found,,
https://cardshows.io/shops/abc-hobby-store-burlington,,not found,,
https://cardshows.io/shops/abominable-games-auburn,,not found,,
https://cardshows.io/shops/abrams-cards-and-collectibles-knox,,not found,,
https://cardshows.io/shops/absolute-legends-and-collectibles-lakewood,,not found,,
https://cardshows.io/shops/absolute-racing-rock-hill,https://absoluteracing.net,guessed absoluteracing.net,medium,Absolute Racing
https://cardshows.io/shops/absolute-sports-cards-llc-savage,,not found,,
https://cardshows.io/shops/abu-games-boise,https://abugames.com,guessed abugames.com,medium,"ABUGames - Magic The Gathering and Table Top Game Store - Buy Magic Cards Online, MTG Singles, Decks, Boxes, Sleeves, Bo"
https://cardshows.io/shops/ac-cards-games-and-collectibles-veneta,,not found,,
https://cardshows.io/shops/ace-card-grading-bloomington,https://acecardgrading.com,guessed acecardgrading.com,medium,Ace Card Grading | Premium Card Grading Services
https://cardshows.io/shops/ace-sports-cards-holland,https://acesportscards.com,guessed acesportscards.com,high,Home Page
https://cardshows.io/shops/ace-tcg-and-collectibles-palm-bay,,not found,,
https://cardshows.io/shops/aces-den-official-team-store-of-the-green-bay-gamblers-green-bay,,not found,,
https://cardshows.io/shops/aces-games-more-revere,https://www.aces-games.com,guessed aces-games.com,medium,Text us | 816.258.3869
https://cardshows.io/shops/action-cards-and-collectibles-great-falls,https://actioncardsandcollectibles.com,guessed actioncardsandcollectibles.com,medium,Action! Cards and Collectibles
https://cardshows.io/shops/acute-games-eden-prairie,https://acutegames.com,guessed acutegames.com,high,
https://cardshows.io/shops/acw-sports-cards-collectibles-rexburg,,not found,,
https://cardshows.io/shops/addictive-behaviors-eugene,,not found,,
https://cardshows.io/shops/addictive-collectibles-orlando,,not found,,
https://cardshows.io/shops/adeptus-kollectibles-eugene,https://adeptuskollectibles.com,guessed adeptuskollectibles.com,medium,Adeptus Kollectibles
https://cardshows.io/shops/advantage-games-northglenn,,not found,,
https://cardshows.io/shops/adventure-games-and-hobby-oshkosh,,not found,,
https://cardshows.io/shops/adventure-games-dickson-city,,not found,,
https://cardshows.io/shops/adventurers-guild-games-and-hobbies-mechanicsburg,,not found,,
https://cardshows.io/shops/adventurers-guild-huntington-beach,,not found,,
https://cardshows.io/shops/adventures-in-comics-games-carmichael,,not found,,
https://cardshows.io/shops/aegis-games-bellingham,,not found,,
https://cardshows.io/shops/affinity-for-gaming-crystal-lake,,not found,,
https://cardshows.io/shops/affordable-cards-comics-norco,,not found,,
https://cardshows.io/shops/afk-games-holt,https://afk.games,guessed afk-games.com,high,"AFK Games – Your FLGS located in Holt, MI"
https://cardshows.io/shops/ai-trading-card-gallery-oshkosh,,not found,,
https://cardshows.io/shops/aisle-9-collectibles-brownsville,,not found,,
https://cardshows.io/shops/aj-collectables-greenfield,,not found,,
https://cardshows.io/shops/ajs-sports-cards-baton-rouge,,not found,,
https://cardshows.io/shops/ajtk-enterprise-sports-cards-aiea,,not found,,
https://cardshows.io/shops/ak907cards-juneau,,not found,,
https://cardshows.io/shops/akh-trading-card-co-garden-grove,,not found,,
https://cardshows.io/shops/akire-trading-company-llc-noblesville,,not found,,
https://cardshows.io/shops/alabama-express-tuscaloosa,https://alabama-express.com,guessed alabama-express.com,high,Alabama Express | Alabama's #1 News Source
https://cardshows.io/shops/albatross-llc-sports-cards-disc-golf-shawnee,,not found,,
https://cardshows.io/shops/alchemists-refuge-cincinnati,,not found,,
https://cardshows.io/shops/alexanders-gaming-movies-collectibles-youngstown,,not found,,
https://cardshows.io/shops/alexs-mvp-cards-and-comics-new-york,,not found,,
https://cardshows.io/shops/alien-card-house-edmond,https://www.aliencardhouse.com,guessed aliencardhouse.com,high,Alien Card House
https://cardshows.io/shops/alive-again-grand-rapids-mi-horror-movies-and-collectibles-grand-rapids,,not found,,
https://cardshows.io/shops/all-about-games-boise,https://allaboutgames.com,guessed allaboutgames.com,high,All About Games | Boise | Idaho
https://cardshows.io/shops/all-access-cardshop-green-bay,https://allaccesscardshop.com,guessed allaccesscardshop.com,medium,AllAccessCardshop
https://cardshows.io/shops/all-all-collectibles-porterville,,not found,,
https://cardshows.io/shops/all-american-cards-rochester,,not found,,
https://cardshows.io/shops/all-american-sports-collectibles-st-louis,,not found,,
https://cardshows.io/shops/all-ball-sports-cards-more-norwich,,not found,,
https://cardshows.io/shops/all-cs-collectibles-south-centennial,https://www.allcscollectibles.com,guessed allcscollectibles.com,medium,"Comic Shop | Aurora, CO | All C's Collectibles"
https://cardshows.io/shops/all-in-autographs-albuquerque,https://allinautographs.com,guessed allinautographs.com,high,ALL IN AUTOGRAPHS – All In Autographs
https://cardshows.io/shops/aloha-card-shop-windward-mall-kaneohe,https://www.alohacardshop.com,guessed alohacardshop.com,medium,Aloha Card Shop
https://cardshows.io/shops/alpha-collectables-albany,,not found,,
https://cardshows.io/shops/alpha-omega-hobby-quincy,https://www.alphaomegahobby.com,guessed alphaomegahobby.com,high,Alpha Omega Hobby
https://cardshows.io/shops/alpha-wolf-sports-cards-grand-forks,,not found,,
https://cardshows.io/shops/alphacollects-norfolk,,not found,,
https://cardshows.io/shops/als-house-of-sportscards-schenectady,,not found,,
https://cardshows.io/shops/alternate-universes-holmes-holmes,https://www.alternate.de,guessed alternate.com,medium,Elektronik & mehr online kaufen | ALTERNATE Online Shop
https://cardshows.io/shops/alternate-universes-wilmington-wilmington,https://www.alternate.de,guessed alternate.com,medium,Elektronik & mehr online kaufen | ALTERNATE Online Shop
https://cardshows.io/shops/amarly-llc-thornton,,not found,,
https://cardshows.io/shops/amaya-bros-comics-cambridge,https://amayabroscomics.com,guessed amayabroscomics.com,high,Home - Amaya Bros. Comics
https://cardshows.io/shops/amazing-adventures-vancouver,https://amazing-adventures.com,guessed amazing-adventures.com,medium,Amazing Adventures
https://cardshows.io/shops/amazing-collectibles-orlando-orlando,https://amazingcollectiblesorlando.com,guessed amazingcollectiblesorlando.com,high,"Sports Memorabilia; Sports card Shop | Orlando, FL | Amazing collectibles Orlando"
https://cardshows.io/shops/amazing-comics-cards-long-beach,,not found,,
https://cardshows.io/shops/amazing-discoveries-gilbert-gilbert,https://amazing.com,guessed amazing.com,medium,Amazing.com | Build an Ecommerce Brand You Own
https://cardshows.io/shops/amazing-discoveries-glendale-glendale,https://amazing.com,guessed amazing.com,medium,Amazing.com | Build an Ecommerce Brand You Own
https://cardshows.io/shops/amazing-discoveries-tucson-tucson,https://amazing.com,guessed amazing.com,medium,Amazing.com | Build an Ecommerce Brand You Own
https://cardshows.io/shops/ame-sports-maplewood-maplewood,,not found,,
https://cardshows.io/shops/american-card-shop-clovis,,not found,,
https://cardshows.io/shops/american-coins-and-collectibles-shreveport,,not found,,
https://cardshows.io/shops/american-dreams-sportscards-fort-worth,,not found,,
https://cardshows.io/shops/american-legends-scarsdale,https://american.net,guessed american.net,medium,AmericanNet – Accounting services
https://cardshows.io/shops/american-prairie-dog-grand-prairie,,not found,,
https://cardshows.io/shops/americas-heroes-comics-games-killeen,,not found,,
https://cardshows.io/shops/americas-pastime-fair-lawn,https://americaspastime.com,guessed americaspastime.com,high,America's Pastime
https://cardshows.io/shops/amjunlimited-yuma,https://www.amjunlimited.com,guessed amjunlimited.com,medium,Hobby | Amjunlimited
https://cardshows.io/shops/anchor-gaming-llc-pawtucket,,not found,,
https://cardshows.io/shops/andys-toys-and-cards-niles,,not found,,
https://cardshows.io/shops/angry-goose-games-san-lorenzo,,not found,,
https://cardshows.io/shops/animal-house-cards-north-charleston,https://animalhousecards.com,guessed animalhousecards.com,medium,Home | Animal House Cards
https://cardshows.io/shops/anime-fix-st-petersburg,https://www.animefix.com,guessed animefix.com,medium,Anime Fix – Anime Goods and More
https://cardshows.io/shops/anime-kingdom-trading-card-games-sparks,,not found,,
https://cardshows.io/shops/anime-monster-orange,,not found,,
https://cardshows.io/shops/anime-official-flint,,not found,,
https://cardshows.io/shops/anime-tcg-arlington,https://animetcg.net,guessed animetcg.net,medium,Anime TCG.net
https://cardshows.io/shops/anime-x-change-yonkers,https://animex.tees.ac.uk,guessed animex.net,medium,Animex 2026
https://cardshows.io/shops/ann-arbor-sports-memorabilia-ann-arbor,,not found,,
https://cardshows.io/shops/antiquelimoges-jackson,,not found,,
https://cardshows.io/shops/anubis-games-hobby-lafayette,,not found,,
https://cardshows.io/shops/apollos-card-shop-austin,,not found,,
https://cardshows.io/shops/apollos-vault-miami,https://apollos.com,guessed apollos.com,medium,"Apollos | Know Your People, Grow Your Church"
https://cardshows.io/shops/appalachia-tcg-elkview,https://www.appalachiatcg.com,guessed appalachiatcg.com,medium,"Pokémon, Yu-Gi-Oh & Flesh and Blood Cards – Salyersville, KY | AppalachiaTCG"
https://cardshows.io/shops/appex-games-game-development-company-in-kent-usa-kent,,not found,,
https://cardshows.io/shops/apponaug-color-hobby-shop-warwick,,not found,,
https://cardshows.io/shops/arcanum-sanctorum-tucson,https://arcanumsanctorum.com,guessed arcanumsanctorum.com,medium,The Arcanum Sanctorum
https://cardshows.io/shops/archies-audio-books-cards-albuquerque,,not found,,
https://cardshows.io/shops/arctic-artifacts-anchorage,,not found,,
https://cardshows.io/shops/arena-of-desolation-winston-salem,,not found,,
https://cardshows.io/shops/arena-of-the-gods-everett,,not found,,
https://cardshows.io/shops/arizona-trading-cards-collectibles-phoenix,,not found,,
https://cardshows.io/shops/arkansas-trading-card-company-little,,not found,,
https://cardshows.io/shops/armada-games-temple-terrace,https://shoparmada.com,guessed armadagames.com,medium,Armada Games
https://cardshows.io/shops/arrowhead-sports-cards-springfield,,not found,,
https://cardshows.io/shops/arsenal-comics-games-ventura-ventura,,not found,,
https://cardshows.io/shops/artemis-games-and-more-albuquerque,,not found,,
https://cardshows.io/shops/artifact-alley-springfield,,not found,,
https://cardshows.io/shops/ashenjugg-green-bay,https://www.ashenjugg.com,guessed ashenjugg.com,high,"ASHENJUGG 1367 Velp Ave Green Bay, WI"
https://cardshows.io/shops/asterisk-collectibles-rockville,https://www.asteriskcollectibles.com,guessed asteriskcollectibles.com,medium,Asterisk Collectibles
https://cardshows.io/shops/athlon-authentics-cards-memorabilia-collectibles-buy-sell-rdb-holdings-nashville,,not found,,
https://cardshows.io/shops/athoria-games-tempe-tempe,https://www.athoriagamestempe.com,guessed athoriagamestempe.com,high,Athoria Games Tempe
https://cardshows.io/shops/atlantatcg-roswell,https://www.atlantatcg.com,guessed atlantatcg.com,high,"AtlantaTCG — Roswell, GA Card Shop"
https://cardshows.io/shops/atlantic-cards-buying-sports-cards-by-appointment-only-westfield,,not found,,
https://cardshows.io/shops/atlantis-games-comics-norfolk,,not found,,
https://cardshows.io/shops/atomic-breaks-los-alamos,,not found,,
https://cardshows.io/shops/atomic-comics-games-music-muncie,,not found,,
https://cardshows.io/shops/atomic-gaming-stockbridge,,not found,,
https://cardshows.io/shops/atomic-goblin-games-longmont,https://www.atomicgoblingames.com,guessed atomicgoblingames.com,high,"Atomic Goblin Games in Longmont with Board Games, Card Games, and Role Playing Games"
https://cardshows.io/shops/atomic-sports-cards-and-collectibles-milan,,not found,,
https://cardshows.io/shops/attack-of-the-baseball-cards-clark,,not found,,
https://cardshows.io/shops/auburn-source-auburn,,not found,,
https://cardshows.io/shops/auburn-trading-card-show-auburn,,not found,,
https://cardshows.io/shops/augies-locker-room-south-bend,https://www.augieslockerroom.com,guessed augieslockerroom.com,high,Augie's Locker Room
https://cardshows.io/shops/augusta-golf-collectables-martinez,,not found,,
https://cardshows.io/shops/austin-sports-connection-austin,,not found,,
https://cardshows.io/shops/austintown-sports-cards-youngstown,,not found,,
https://cardshows.io/shops/authority-games-mesa,https://www.authoritygamesmesa.com,guessed authoritygamesmesa.com,medium,Authority Games
https://cardshows.io/shops/auto-ronin-cards-burbank,,not found,,
https://cardshows.io/shops/autograph-world-llc-dover,https://www.autographworld.com,guessed autographworld.com,high,Celebrity Autographs for sale - Autograph World
https://cardshows.io/shops/av-sports-cards-fairfield,https://avsportscards.com,guessed avsportscards.com,high,AV Sports Cards
https://cardshows.io/shops/average-joes-sportscards-buena-park,,not found,,
https://cardshows.io/shops/bad-fast-hobbies-sioux-city,https://badfasthobbies.com,guessed badfasthobbies.com,high,"Bad Fast Hobbies - RC Cars, Boats, Drones, Parts, Supplies and Upgrades - Sloan, Iowa"
https://cardshows.io/shops/bakersfield-sportscards-com-bakersfield,,not found,,
https://cardshows.io/shops/ball-hogs-sports-cards-collectibles-more-reno,,not found,,
https://cardshows.io/shops/ballcard-investments-springfield,https://ballcard.net,guessed ballcard.net,medium,Turn your photo to 2026 world cup ball sport trading cards
https://cardshows.io/shops/baltimore-sports-cards-pikesville,https://baltimoresportscards.com,guessed baltimoresportscards.com,medium,"Baltimore Sports Cards | Buy, Sell, Trade Sports Cards & Pokémon"
https://cardshows.io/shops/bama-fever-tiger-pride-dothan,https://shopbamafever.com,guessed bamafever.com,medium,"Alabama Gear, Game Day Apparel & Merchandise"
https://cardshows.io/shops/bama-fever-tuscaloosa,https://shopbamafever.com,guessed bamafever.com,medium,"Alabama Gear, Game Day Apparel & Merchandise"
https://cardshows.io/shops/bambooparkcards-gilbert,,not found,,
https://cardshows.io/shops/banditos-cards-comics-collectibles-austin,,not found,,
https://cardshows.io/shops/banger-sports-cards-lincoln,,not found,,
https://cardshows.io/shops/bards-and-cards-natchez,https://bardsandcards.com,guessed bardsandcards.com,medium,"Board Games, Magic Singles & RPG Books | Bards & Cards San Diego"
https://cardshows.io/shops/bards-cards-san-diego,,not found,,
https://cardshows.io/shops/barnyardbreakz-lakeland,,not found,,
https://cardshows.io/shops/bartertown-collectibles-webster,,not found,,
https://cardshows.io/shops/base-set-collectibles-buying-mtg-and-pokemon-redlands,,not found,,
https://cardshows.io/shops/baseball-card-castle-cranberry-twp,https://baseballcardcastle.com,guessed baseballcardcastle.com,high,Sports Cards & Memorabilia | Authentic Fan Collectibles
https://cardshows.io/shops/baseball-card-city-peoria,,not found,,
https://cardshows.io/shops/baseball-card-clubhouse-tampa,,not found,,
https://cardshows.io/shops/baseball-card-exchange-schererville,,not found,,
https://cardshows.io/shops/baseball-card-outlet-sports-memorabilia-baltimore,,not found,,
https://cardshows.io/shops/baseball-card-shop-puyallup,https://www.baseballcardshop.net,guessed baseball-card-shop.com,medium,The Baseball Cards Shop Online Store - Baseball Cards and Sports Cards
https://cardshows.io/shops/baseball-card-warehouse-lexington,,not found,,
https://cardshows.io/shops/baseball-cards-of-ri-north-kingstown,,not found,,
https://cardshows.io/shops/baseball-cards-plus-huntington-beach,https://www.baseball-cards.com,guessed baseball-cards.com,medium,"Vintage Baseball Card Auctions w/Bowman,Topps..."
https://cardshows.io/shops/baseball-etc-newton,,not found,,
https://cardshows.io/shops/baseball-fan-attic-modesto,,not found,,
https://cardshows.io/shops/baseball-plus-st-peters,,not found,,
https://cardshows.io/shops/baseline-sports-cards-schaumburg,,not found,,
https://cardshows.io/shops/bases-loaded-baseball-cards-collectibles-fresno,,not found,,
https://cardshows.io/shops/bases-loaded-memorabilia-greensboro,,not found,,
https://cardshows.io/shops/bases-loaded-sports-cards-miami,,not found,,
https://cardshows.io/shops/bases-loaded-sports-collectibles-west-seneca,,not found,,
https://cardshows.io/shops/batcave-games-vancouver,https://batcave.games,guessed batcavegames.com,high,BatCave Games | Vancouver's Oldest Game Store
https://cardshows.io/shops/batter-up-gaming-sportscards-tewksbury,,not found,,
https://cardshows.io/shops/battle-board-raleigh,,not found,,
https://cardshows.io/shops/battle-city-gym-cards-and-collectibles-wilmington,,not found,,
https://cardshows.io/shops/battle-trading-cards-st-louis,,not found,,
https://cardshows.io/shops/battlebox-games-biloxi,,not found,,
https://cardshows.io/shops/battlebrush-games-lakeland,https://www.battlebrushgames.com,guessed battlebrushgames.com,high,"Battlebrush Games in Lakeland, FL"
https://cardshows.io/shops/battlefly-dover,,not found,,
https://cardshows.io/shops/battleground-breakers-spokane,https://battlegroundbreakers.com,guessed battlegroundbreakers.com,high,BattleGround Breakers
https://cardshows.io/shops/battleground-collectibles-belton,https://battlegroundcollectibles.com,guessed battlegroundcollectibles.com,high,"Battleground Collectibles - Belton, Texas"
https://cardshows.io/shops/battleground-games-hobbies-abington,,not found,,
https://cardshows.io/shops/battleground-games-hobbies-saugus,,not found,,
https://cardshows.io/shops/battlegrounds-gaming-norwalk,https://battlegroundsgaming.net,guessed battlegroundsgaming.net,high,"Tabletop Game Store | Fairfield County, CT - Battlegrounds Gaming"
https://cardshows.io/shops/battlegrounds-tcg-kalispell,,not found,,
https://cardshows.io/shops/battlegrounds-to-board-games-canton,,not found,,
https://cardshows.io/shops/battlemaxxgaming-hollywood,https://battlemaxxgaming.com,guessed battlemaxxgaming.com,high,BattleMAXX Gaming — Hollywood FL
https://cardshows.io/shops/baxters-sports-cards-and-pokemon-queen-creek,https://baxterssportscards.com,guessed baxterssportscards.com,medium,Baxter's Sports Cards
https://cardshows.io/shops/bayou-city-sports-cards-pasadena,,not found,,
https://cardshows.io/shops/bayside-sports-cards-elkton,,not found,,
https://cardshows.io/shops/bb-sports-cards-tcg-appleton,,not found,,
https://cardshows.io/shops/beans-apparel-and-more-blandon,,not found,,
https://cardshows.io/shops/bear-jax-sports-trading-cards-collinsville,,not found,,
https://cardshows.io/shops/bearded-dragon-collectibles-and-hobbies-independence,,not found,,
https://cardshows.io/shops/bears-games-fayetteville,https://bears-games.com,guessed bears-games.com,medium,Bear's Games Base
https://cardshows.io/shops/beast-sports-cards-more-cumberland,,not found,,
https://cardshows.io/shops/beast-sports-cards-plano,,not found,,
https://cardshows.io/shops/bebop-collectibles-el-paso,,not found,,
https://cardshows.io/shops/beckett-collectibles-plano,,not found,,
https://cardshows.io/shops/beech-boyz-comics-games-tampa,,not found,,
https://cardshows.io/shops/beehive-sports-cards-ogden,,not found,,
https://cardshows.io/shops/bel-air-sports-card-store-bel-air,,not found,,
https://cardshows.io/shops/bell-book-comic-dayton,,not found,,
https://cardshows.io/shops/bell-sports-marketing-scottsdale,https://www.bellsportsmarketing.com,guessed bellsportsmarketing.com,medium,HOME | BSM
https://cardshows.io/shops/bellingham-fan-stand-bellingham,https://bellingham.com,guessed bellingham.com,medium,Bellingham Regional Chamber of Commerce – Bellingham Whatcom County Washington
https://cardshows.io/shops/bello-goal-llc-south-bend,https://bellogoal.com,guessed bellogoal.com,medium,BelloGoal – Handcrafted Wooden Soccer Board Game for Family Game Night – Built for Game Night. Made for Togetherness.
https://cardshows.io/shops/bend-sports-cards-bend,,not found,,
https://cardshows.io/shops/bergen-county-sports-cards-bergenfield,https://bergencountysportscards.com,guessed bergencountysportscards.com,high,Bergen County Sports Cards
https://cardshows.io/shops/bergies-sports-card-dugout-inc-highland-park,,not found,,
https://cardshows.io/shops/berlin-sports-cards-berlin,https://berlinsportscards.com,guessed berlinsportscards.com,high,Berlin Sports - Home - Welcome to BerlinSportsCards.com!
https://cardshows.io/shops/best-card-shop-plainfield,,not found,,
https://cardshows.io/shops/best-deal-trading-cards-las-vegas,https://bestdealtradingcards.com/store,guessed bestdealtradingcards.com,high,"Best Deal Trading Cards · Trading Cards, Sealed & Supplies"
https://cardshows.io/shops/best-in-the-world-sports-cards-and-pokemon-edwardsville,,not found,,
https://cardshows.io/shops/best-of-ohio-sports-cards-troy,,not found,,
https://cardshows.io/shops/best-of-one-gaming-llc-depew,,not found,,
https://cardshows.io/shops/best-of-the-best-in-sportscards-pearl-city,,not found,,
https://cardshows.io/shops/bethany-sports-cards-plus-bethany-beach,https://bethanysportscardsplus.com,guessed bethanysportscardsplus.com,high,"Bethany Sports Cards Plus – Sports Cards, Pokemon, and More!"
https://cardshows.io/shops/beyond-cards-ashland,https://www.beyond-cards.com,guessed beyond-cards.com,medium,"Beyond Cards - Student-Made Keychains & Art | Wissahickon High School, Ambler PA"
https://cardshows.io/shops/beyond-the-board-dublin,,not found,,
https://cardshows.io/shops/big-slab-daddy-sport-cards-brooklyn,,not found,,
https://cardshows.io/shops/big-stricks-sports-cards-vinyl-records-and-collectibles-rock-island,,not found,,
https://cardshows.io/shops/big-time-cards-and-collectibles-st-joseph,,not found,,
https://cardshows.io/shops/bigfatfish-cards-boise,https://bigfatfishcards.com,guessed bigfatfishcards.com,medium,BigFatFish Cards
https://cardshows.io/shops/bighitbreaks-munster,,not found,,
https://cardshows.io/shops/bignastysportscards-pasadena,,not found,,
https://cardshows.io/shops/bigshot-breloom-duluth,,not found,,
https://cardshows.io/shops/bill-billy-sports-cards-newtown,,not found,,
https://cardshows.io/shops/bills-card-shop-charleston,,not found,,
https://cardshows.io/shops/bills-poke-store-akron,,not found,,
https://cardshows.io/shops/bills-sports-cards-and-memorabilia-philadelphia,,not found,,
https://cardshows.io/shops/bills-sports-collectibles-denver,https://billssportscollectibles.com,guessed billssportscollectibles.com,high,Bill's Sports Collectibles
https://cardshows.io/shops/billy-koz-kardz-llc-bossier-city,,not found,,
https://cardshows.io/shops/binder-blueprint-pembroke-pines,https://binderblueprint.com,guessed binderblueprint.com,medium,Home
https://cardshows.io/shops/birthdaycardsbymocca-miramar,,not found,,
https://cardshows.io/shops/bisman-cards-mandan,,not found,,
https://cardshows.io/shops/bit-wyvern-mcloud,,not found,,
https://cardshows.io/shops/black-factory-dunellen,,not found,,
https://cardshows.io/shops/black-gold-sports-cards-pewaukee,,not found,,
https://cardshows.io/shops/black-hills-card-shop-rapid-city,,not found,,
https://cardshows.io/shops/black-swamp-games-bowling-green,https://blackswampgames.com,guessed blackswampgames.com,high,Black Swamp Games
https://cardshows.io/shops/black-vault-gaming-st-clair-shores,https://blackvaultgaming.com,guessed blackvaultgaming.com,medium,Black Vault Gaming
https://cardshows.io/shops/blackout-sports-collectibles-newport-news,https://www.blackoutsportscollectibles.com,guessed blackoutsportscollectibles.com,high,Blackout Sports Collectibles
https://cardshows.io/shops/blast-off-gaming-louisville,https://www.blastoffgaming.com,guessed blastoffgaming.com,high,"Blast Off Gaming | Kentucky | 7513 Outer Loop, Louisville, KY 40228, USA"
https://cardshows.io/shops/bleachers-abington,,not found,,
https://cardshows.io/shops/bleachers-sports-cards-bentonville,,not found,,
https://cardshows.io/shops/bleecker-trading-new-york,https://bleeckertrading.com,guessed bleeckertrading.com,high,Bleecker Trading - Shop Sports Trading Cards: Exclusive Sports Memorab
https://cardshows.io/shops/bleecker-trading-uws-new-york,https://bleeckertrading.com,guessed bleeckertrading.com,medium,Bleecker Trading - Shop Sports Trading Cards: Exclusive Sports Memorab
https://cardshows.io/shops/blooming-sports-cards-vista,,not found,,
https://cardshows.io/shops/blu-sports-cards-glendale,,not found,,
https://cardshows.io/shops/blue-barn-trading-llc-lynn,,not found,,
https://cardshows.io/shops/blue-bridge-games-grand-rapids,,not found,,
https://cardshows.io/shops/blue-clover-ball-cards-richmond,,not found,,
https://cardshows.io/shops/blue-crab-sports-cards-prince-frederick,https://bluecrabsportscards.com,guessed bluecrabsportscards.com,high,Blue Crab Sports Cards
https://cardshows.io/shops/blue-ditto-reisterstown,,not found,,
https://cardshows.io/shops/blue-dream-vintage-diecast-anchorage,https://bluedream.com,guessed bluedream.com,medium,Blue Dream | Official Collection and Archive
https://cardshows.io/shops/blue-moon-games-lemoyne,,not found,,
https://cardshows.io/shops/blue-ox-games-greenville,https://www.blueoxgames.com,guessed blueoxgames.com,high,Blue Ox Games
https://cardshows.io/shops/bluegrass-sports-cards-and-memoribilia-ashland,,not found,,
https://cardshows.io/shops/bluewave-mancave-llc-huntsville,,not found,,
https://cardshows.io/shops/bmw-sportscards-madison,,not found,,
https://cardshows.io/shops/board-game-paradise-redlands,https://zatu.com,guessed board-game.com,medium,Board Games | TCG | Warhammer | Pokémon | LEGO | Zatu Games
https://cardshows.io/shops/board-game-peddler-biloxi,https://www.boardgamepeddler.com,guessed boardgamepeddler.com,high,Board Game Peddler – Board games brought by bike!
https://cardshows.io/shops/board-to-death-games-emmaus,,not found,,
https://cardshows.io/shops/boardgames-and-beyond-orem,https://boardgamesand.com,guessed boardgamesand.com,medium,Best Family Board Games for Fun Game Nights - Boardgamesand
https://cardshows.io/shops/boardlandia-appleton-now-slick-mimics-appleton,,not found,,
https://cardshows.io/shops/boars-hat-gaming-elgin,,not found,,
https://cardshows.io/shops/bob-beck-sports-collectibles-livingston,,not found,,
https://cardshows.io/shops/bobs-cards-collectibles-tuscaloosa,,not found,,
https://cardshows.io/shops/bobs-sports-cards-mmrbl-howell-township,https://bobssportscards.com,guessed bobssportscards.com,medium,Bob's Sports Cards – Bob's Sports Cards
https://cardshows.io/shops/boc-collectibles-yulee,https://www.boccollectibles.net,guessed boccollectibles.net,high,Home | Boc Collectibles VG Version
https://cardshows.io/shops/boca-sports-cards-boca-raton,https://bocabreaks.com,guessed bocasportscards.com,high,Boca Breaks
https://cardshows.io/shops/bodega-cards-hoboken,,not found,,
https://cardshows.io/shops/boise-card-guys-llc-boise,,not found,,
https://cardshows.io/shops/boldos-armory-rochester,,not found,,
https://cardshows.io/shops/bolingbroke-sports-cards-macon,,not found,,
https://cardshows.io/shops/bomb-city-sports-cards-and-collectibles-hubbard,,not found,,
https://cardshows.io/shops/bomber-sports-cards-broadview-heights,https://bombersportscards.com,guessed bombersportscards.com,high,Bomber Sports Cards & Collectibles
https://cardshows.io/shops/bonerkos-sports-cards-more-chicago,,not found,,
https://cardshows.io/shops/bonfire-games-video-games-tcg-tampa,,not found,,
https://cardshows.io/shops/bonky-collectibles-cards-burbank,,not found,,
https://cardshows.io/shops/bonsai-cards-collectibles-deforest,,not found,,
https://cardshows.io/shops/book-stan-killeen,,not found,,
https://cardshows.io/shops/bookery-fantasy-collectibles-fairborn,,not found,,
https://cardshows.io/shops/booming-tcg-collectibles-hoboken,,not found,,
https://cardshows.io/shops/boomloot-irvine,https://boomloot.com,guessed boomloot.com,high,BoomLoot
https://cardshows.io/shops/boomtown-sports-cards-and-collectibles-san-antonio,,not found,,
https://cardshows.io/shops/booths-corner-collectibles-garnet-valley,,not found,,
https://cardshows.io/shops/boozy-bar-games-lafayette,,not found,,
https://cardshows.io/shops/borderline-collectibles-ottawa-lake,,not found,,
https://cardshows.io/shops/born-2-game-woodbridge,,not found,,
https://cardshows.io/shops/born-to-game-dover,https://borntogame.net,guessed borntogame.net,high,Landing Page - Born to Game
https://cardshows.io/shops/born-to-game-middletown,https://borntogame.net,guessed borntogame.net,high,Landing Page - Born to Game
https://cardshows.io/shops/boston-card-exchange-boston,https://www.bostoncardexchange.com,guessed bostoncardexchange.com,high,Sell Your Baseball Cards in Boston - We Buy Trading Cards - BostonCardExchange
https://cardshows.io/shops/bottom-of-the-9th-card-shop-prattville,,not found,,
https://cardshows.io/shops/bountypullstcg-concord,https://www.bountypullstcg.com,guessed bountypullstcg.com,medium,Bounty Pulls TCG
https://cardshows.io/shops/bowman-sports-cards-skiatook,,not found,,
https://cardshows.io/shops/box-break-sports-strongsville,,not found,,
https://cardshows.io/shops/box-buster-sports-cards-golden,https://www.boxbustersportscards.com,guessed boxbustersportscards.com,high,"Sports And Trading Cards | Golden, CO | Box Buster Sports Cards, LLC"
https://cardshows.io/shops/box-jellyz-hawaii-aiea,https://boxjellyzhawaii.com,guessed boxjellyzhawaii.com,medium,Box Jellyz Hawaii – Box Jellyz Hawaii
https://cardshows.io/shops/box-seat-cards-collectibles-champaign,,not found,,
https://cardshows.io/shops/boxed-wonders-st-paul,,not found,,
https://cardshows.io/shops/boxseat-collectibles-phoenix,https://boxseatcollectibles.com,guessed boxseatcollectibles.com,high,BoxSeat Collectibles | Phoenix Sports Cards Shop | The Hobby
https://cardshows.io/shops/bricks-card-shop-cumming,,not found,,
https://cardshows.io/shops/bridge-city-hobbies-fairview,https://bridgecityhobbies.com,guessed bridgecityhobbies.com,high,Bridge City Hobbies
https://cardshows.io/shops/bridgeport-hobby-trading-cards-chicago,,not found,,
https://cardshows.io/shops/bro-show-collectibles-delavan,https://www.broshowcollectibles.com,guessed broshowcollectibles.com,high,"Pokémon & Sports Cards Shop in Delavan, WI | Bro Show Collectibles"
https://cardshows.io/shops/brocks-collection-llc-raleigh,,not found,,
https://cardshows.io/shops/brockton-hobby-box-brockton,,not found,,
https://cardshows.io/shops/brolic-games-south-salt-lake,https://brolicgames.com,guessed brolicgames.com,medium,Brolic Games
https://cardshows.io/shops/bromberek-trading-cards-salt-lake-city,,not found,,
https://cardshows.io/shops/brooklyn-wasteland-games-brooklyn,,not found,,
https://cardshows.io/shops/bros-gaming-and-cards-litchfield,,not found,,
https://cardshows.io/shops/brosts-aquarium-and-hobby-brookings,,not found,,
https://cardshows.io/shops/bryan-sports-cards-more-greenville,,not found,,
https://cardshows.io/shops/brysons-gaming-and-collectibles-houston,,not found,,
https://cardshows.io/shops/bsb-sports-collection-pro-club-wear-waipahu,,not found,,
https://cardshows.io/shops/bt-collectibles-woodstock,,not found,,
https://cardshows.io/shops/bucks-sports-cards-mt-pleasant,,not found,,
https://cardshows.io/shops/buddys-cards-collectibles-davie,,not found,,
https://cardshows.io/shops/buds-caps-n-things-greensboro,,not found,,
https://cardshows.io/shops/buds-place-games-leeds,https://www.budsplacegames.com,guessed budsplacegames.com,medium,Bud's Place Games – Bud's Place Games
https://cardshows.io/shops/buffalo-sports-card-convention-orchard-park,,not found,,
https://cardshows.io/shops/buggys-bazaar-friendswood,https://www.buggysbazaar.com,guessed buggysbazaar.com,high,"Buggy's Bazaar — Trading Card Store in Friendswood, TX"
https://cardshows.io/shops/bull-bros-llc-harrisburg,https://bullbros.net,guessed bullbros.net,medium,Bull Bros™ Game
https://cardshows.io/shops/bullpen-burbank-burbank,https://www.bullpenburbank.com,guessed bullpenburbank.com,high,Home | BULLPEN BURBANK
https://cardshows.io/shops/bullpen-fresno,,not found,,
https://cardshows.io/shops/bullpen-sports-hq-el-segundo,,not found,,
https://cardshows.io/shops/bullrush-carson-city,https://bullrush.com,guessed bullrush.com,high,Trading Competitions - Free Trading Contests
https://cardshows.io/shops/bullseye-collectibles-merrick,,not found,,
https://cardshows.io/shops/bunker-gaming-ramsey,https://bunkergaming.net,guessed bunkergaming.net,high,Bunker Gaming - Local Minnesota Collectible Card Games and Hobby Shop
https://cardshows.io/shops/burbank-sportscards-burbank,,not found,,
https://cardshows.io/shops/burks-sportscards-llc-decatur,,not found,,
https://cardshows.io/shops/burton-breaks-sports-cards-games-allendale,,not found,,
https://cardshows.io/shops/bussin-or-bustin-trading-card-lounge-tempe,,not found,,
https://cardshows.io/shops/button-shy-games-haddon-township,,not found,,
https://cardshows.io/shops/buy-and-sell-championship-rings-deerfield-beach,,not found,,
https://cardshows.io/shops/buy-for-pack-luck-coral-springs,,not found,,
https://cardshows.io/shops/buying-comics-nerd-alert-virginia-beach,,not found,,
https://cardshows.io/shops/buzz-city-games-concord,,not found,,
https://cardshows.io/shops/bw-sports-hobbies-moreno-valley,,not found,,
https://cardshows.io/shops/bwa-sports-and-trading-cards-land-o-lakes,,not found,,
https://cardshows.io/shops/bwest-collectibles-lafayette,,not found,,
https://cardshows.io/shops/c-c-sports-cards-prairieville,,not found,,
https://cardshows.io/shops/c-j-cards-and-collectibles-nashville,,not found,,
https://cardshows.io/shops/c-m-card-haven-vero-beach,https://cmcardhaven.com,guessed cmcardhaven.com,high,C&M Card Haven
https://cardshows.io/shops/c-tnt-cards-collectibles-jamestown,,not found,,
https://cardshows.io/shops/c2c-sports-cards-reno,,not found,,
https://cardshows.io/shops/cabbages-and-kings-games-peoria-heights,,not found,,
https://cardshows.io/shops/cafe-monster-coffee-games-omaha,,not found,,
https://cardshows.io/shops/cajun-breaker-sports-cards-collectibles-youngsville,,not found,,
https://cardshows.io/shops/cakehoarder-games-modesto,https://cakehoardergames.com,guessed cakehoardergames.com,high,CakeHoarder Games
https://cardshows.io/shops/calicards-more-clovis,,not found,,
https://cardshows.io/shops/calipokehouse-pasadena,https://calipokehouse.com,guessed calipokehouse.com,medium,Calipokehouse | Your One-Stop-Shop to TCG.
https://cardshows.io/shops/camden-battlegrounds-st-marys,,not found,,
https://cardshows.io/shops/canadas-collectible-games-jackson,https://canadascollectiblegames.com,guessed canadascollectiblegames.com,high,Homepage - Canada's Collectible Games
https://cardshows.io/shops/canon-collectibles-beverly-hills,https://canoncollectibles.com,guessed canoncollectibles.com,high,Canon Collectibles · Beverly Hills & Chicago
https://cardshows.io/shops/canteen-cards-clinton-township,,not found,,
https://cardshows.io/shops/canton-games-baltimore,,not found,,
https://cardshows.io/shops/cantu-collectibles-webster,,not found,,
https://cardshows.io/shops/cape-and-cowl-collectibles-fountain-valley,,not found,,
https://cardshows.io/shops/cape-and-cowl-comics-oakland,https://www.capeandcowlcomics.com,guessed capeandcowlcomics.com,high,Cape & Cowl Comics
https://cardshows.io/shops/cape-fear-collectibles-wilmington,https://www.capefearcollectibles.com,guessed capefearcollectibles.com,high,"Card Shop - Magic, Pokémon & Collectibles | Cape Fear Collectibles"
https://cardshows.io/shops/cape-fear-games-wilmington,https://www.capefeargames.com,guessed capefeargames.com,high,Cape Fear Games
https://cardshows.io/shops/cape-sports-cards-cape-coral,,not found,,
https://cardshows.io/shops/capital-city-sports-cards-lincoln,,not found,,
https://cardshows.io/shops/capital-city-tcg-llc-lansing,,not found,,
https://cardshows.io/shops/capnscollectables-phoenix,,not found,,
https://cardshows.io/shops/capstone-games-store-cincinnati,,not found,,
https://cardshows.io/shops/capt-johns-sports-cards-and-collectibles-corpus-christi,,not found,,
https://cardshows.io/shops/carbored-st-charles,,not found,,
https://cardshows.io/shops/card-addiction-anaheim,https://card-addiction.com,guessed card-addiction.com,medium,"1,000s of Playing Cards – Card-Addiction.com"
https://cardshows.io/shops/card-addicts-birmingham,,not found,,
https://cardshows.io/shops/card-addicts-moreno-valley,,not found,,
https://cardshows.io/shops/card-and-collectible-guys-llc-dover,https://cardandcollectibleguys.com,guessed cardandcollectibleguys.com,medium,Card and Collectible Guys
https://cardshows.io/shops/card-boyz-san-antonio,https://cardboyz.com,guessed cardboyz.com,medium,Card Boyz
https://cardshows.io/shops/card-castle-games-columbus,https://www.cardcastlegames.com,guessed cardcastlegames.com,high,Card Castle Games
https://cardshows.io/shops/card-cave-central-union,,not found,,
https://cardshows.io/shops/card-cave-collectibles-medford,,not found,,
https://cardshows.io/shops/card-cave-riverside,,not found,,
https://cardshows.io/shops/card-cave-st-cloud,,not found,,
https://cardshows.io/shops/card-cavern-trading-cards-llc-des,https://www.cardcaverntradingcards.com,guessed cardcaverntradingcards.com,high,Card Cavern Trading Cards - PTCGL Codes and TCG Singles
https://cardshows.io/shops/card-discounts-dunwoody,,not found,,
https://cardshows.io/shops/card-haven-lafayette,https://cardhaven.net,guessed cardhaven.net,medium,Cardhaven — Know your cards. Build what’s next.
https://cardshows.io/shops/card-pavilion-santa-ana,,not found,,
https://cardshows.io/shops/card-payment-systems-of-ohio-youngstown,https://cardpaymentsystems.com,guessed cardpaymentsystems.com,medium,Card Payment Systems – Merchant Services for New York
https://cardshows.io/shops/card-pop-2-joliet,https://cardpopusa.com,guessed cardpop.com,medium,"Card Pop | Classic Culture, Fresh Twist – CARDPOPUSA"
https://cardshows.io/shops/card-pop-usa-joliet,https://cardpopusa.com,guessed cardpopusa.com,medium,"Card Pop | Classic Culture, Fresh Twist – CARDPOPUSA"
https://cardshows.io/shops/card-problems-eugene,https://cardproblems.com,guessed cardproblems.com,high,"#1 Pokemon Card Shop in Eugene, OR | Card Problems"
https://cardshows.io/shops/card-quest-inc-corona,https://cardquest.com,guessed cardquest.com,medium,Access Control Solutions Company | Card Quest
https://cardshows.io/shops/card-quest-sacramento,https://cardquest.com,guessed cardquest.com,medium,Access Control Solutions Company | Card Quest
https://cardshows.io/shops/card-safari-fairhaven,,not found,,
https://cardshows.io/shops/card-shack-sports-cards-lynbrook,,not found,,
https://cardshows.io/shops/card-sharks-indianapolis,,not found,,
https://cardshows.io/shops/card-shop-near-me-princeton-junction,https://www.cardshopnearme.com,guessed cardshopnearme.com,medium,Card Shop Near Me | Find Sports Card & Pokémon Shops
https://cardshows.io/shops/card-shop-reality-bastrop,,not found,,
https://cardshows.io/shops/card-shop-sacramento-x-gold-star-collectibles-sacramento,,not found,,
https://cardshows.io/shops/card-shop-santa-clara-santa-clara,https://cardshopsantaclara.com,guessed cardshopsantaclara.com,high,Card Shop Santa Clara
https://cardshows.io/shops/card-squadtcg-riverside,,not found,,
https://cardshows.io/shops/card-stadium-harrisburg,,not found,,
https://cardshows.io/shops/card-stocks-blue-ash,,not found,,
https://cardshows.io/shops/card-stocks-cherry-grove-cincinnati,,not found,,
https://cardshows.io/shops/card-stocks-cincinnati,,not found,,
https://cardshows.io/shops/card-stocks-cold-spring,,not found,,
https://cardshows.io/shops/card-stocks-florence,,not found,,
https://cardshows.io/shops/card-stocks-miamisburg,,not found,,
https://cardshows.io/shops/card-stocks-monroe,,not found,,
https://cardshows.io/shops/card-swarm-huber-heights,https://cardswarm.com,guessed cardswarm.com,medium,"Card Swarm | Pokémon & Magic: The Gathering Cards, Games & Events"
https://cardshows.io/shops/card-table-republic-davison,https://cardtablerepublic.com,guessed cardtablerepublic.com,medium,Card Table Republic - Home
https://cardshows.io/shops/card-traders-of-austin-austin,,not found,,
https://cardshows.io/shops/card-universe-boiling-springs,https://carduniverse.com,guessed carduniverse.com,medium,Card Universe Grading | AI 集换式卡牌评级
https://cardshows.io/shops/card-vault-calhoun,,not found,,
https://cardshows.io/shops/card-vault-clinton-township,,not found,,
https://cardshows.io/shops/card-vault-urbandale,,not found,,
https://cardshows.io/shops/card-voyage-lansing,,not found,,
https://cardshows.io/shops/card-world-of-bryant-bryant,,not found,,
https://cardshows.io/shops/card-x-cards-davie,https://cardxcards.com,guessed cardxcards.com,medium,Card X Cards: Online TCG
https://cardshows.io/shops/cardatello-pocatello,,not found,,
https://cardshows.io/shops/cardboard-battlegrounds-eugene,,not found,,
https://cardshows.io/shops/cardboard-castle-games-augusta,https://www.cardboardcastlegames.com,guessed cardboardcastlegames.com,high,Cardboard Castle Games
https://cardshows.io/shops/cardboard-champion-fremont,https://cardboard-champion.com,guessed cardboard-champion.com,medium,Cardboard Champion
https://cardshows.io/shops/cardboard-collectibles-council-bluffs,,not found,,
https://cardshows.io/shops/cardboard-collectors-albuquerque,,not found,,
https://cardshows.io/shops/cardboard-colosseum-south-amboy,,not found,,
https://cardshows.io/shops/cardboard-empires-richfield,https://www.cardboardempires.com,guessed cardboardempires.com,medium,Cardboard Empires
https://cardshows.io/shops/cardboard-games-tustin,,not found,,
https://cardshows.io/shops/cardboard-legacy-oshkosh,https://cardboardlegacy.com,guessed cardboardlegacy.com,high,"Cardboard Legacy – Sports Card Shop & Community – Building legacies, one card at a time."
https://cardshows.io/shops/cardboard-shuffle-kingsport,,not found,,
https://cardshows.io/shops/cardboards-anonymous-atlanta,,not found,,
https://cardshows.io/shops/cardceus-seattle,https://cardceus.com,guessed cardceus.com,high,Cardceus – A Premium Collection Center
https://cardshows.io/shops/cardco-marietta,https://www.cardco.net,guessed cardco.net,medium,Home | CardCo Events
https://cardshows.io/shops/cardcollector2-sports-cards-grove-city,,not found,,
https://cardshows.io/shops/cardcrate-mckees-rocks,,not found,,
https://cardshows.io/shops/cardfinity-tcg-east-los-angeles,https://cardfinitytcg.com,guessed cardfinitytcg.com,medium,Home | Cardfinity TCG
https://cardshows.io/shops/cardflux-pike-rd,,not found,,
https://cardshows.io/shops/cardfox-johnson-city,,not found,,
https://cardshows.io/shops/cardhalla-laramie,https://www.cardhalla.com,guessed cardhalla.com,high,Cardhalla
https://cardshows.io/shops/cardhaven-games-bellingham,https://cardhaven-games.com,guessed cardhaven-games.com,high,"Your Favorite Game Store in Bellingham, WA"
https://cardshows.io/shops/cardhouse-harvey,http://cardhouse.com,guessed cardhouse.com,medium,Cardhouse Unsure Disconnected Disassociated Flailing Systems.
https://cardshows.io/shops/cardiacs-sports-memorabilia-apex,,not found,,
https://cardshows.io/shops/cardiacs-sports-memorabilia-kannapolis,,not found,,
https://cardshows.io/shops/cardkast-online-shop-new,,not found,,
https://cardshows.io/shops/cardkingzmd-hagerstown,,not found,,
https://cardshows.io/shops/cardlosophy-lee-s,https://cardlosophy.com,guessed cardlosophy.com,medium,"Cardlosophy | Trading Cards, Hobby Boxes, Storage & Brand Growth"
https://cardshows.io/shops/cardmaxx-joliet,,not found,,
https://cardshows.io/shops/cardquest-lgs-richardson,https://cardquestlgs.com,guessed cardquestlgs.com,high,Home | Card Quest
https://cardshows.io/shops/cardrich-florence,https://cardrich.com,guessed cardrich.com,medium,Card Rich – CardRich.io
https://cardshows.io/shops/cardrushapp-edmond,,not found,,
https://cardshows.io/shops/cards-and-coffee-los-angeles,https://cardscoffee.com,guessed cardscoffee.com,medium,Sell Magic Cards in Franklin & Nashville | Cards & Coffee
https://cardshows.io/shops/cards-and-coffee-slc-salt-lake-city,,not found,,
https://cardshows.io/shops/cards-and-comics-central-san-francisco,https://cardsandcomics.net,guessed cardsandcomics.net,medium,Cards & Comics Connection
https://cardshows.io/shops/cards-and-culture-baton-rouge,https://cardsandculture.com,guessed cardsandculture.com,high,Cards and Culture
https://cardshows.io/shops/cards-at-the-cages-inc-greensboro,https://cards-at-the-cages-nc.myshopify.com,guessed cardsatthecages.com,high,Cards At The Cages
https://cardshows.io/shops/cards-cards-sioux-falls,,not found,,
https://cardshows.io/shops/cards-comics-elk-grove,,not found,,
https://cardshows.io/shops/cards-comics-pembroke-pines,,not found,,
https://cardshows.io/shops/cards-in-a-box-frisco,,not found,,
https://cardshows.io/shops/cards-in-the-land-chagrin-falls,https://cardsintheland.com,guessed cardsintheland.com,high,"Sports Cards, Non-Sport & Pokemon – Cards in The Land"
https://cardshows.io/shops/cards-n-art-jacksonville,https://cardsnart.com,guessed cardsnart.com,medium,Cards N Art
https://cardshows.io/shops/cards-n-hobby-beaverton,,not found,,
https://cardshows.io/shops/cards-n-hobby-las-vegas,,not found,,
https://cardshows.io/shops/cards-of-nepa-kingston,https://www.cardprinting.com,guessed cardsof.com,medium,"Plastic Card, Custom Gift Cards, Plastic Card Printing, Plastic Card Manufacturers | CardPrinting.com"
https://cardshows.io/shops/cards-of-ruin-clearfield-clearfield,https://www.cardprinting.com,guessed cardsof.com,medium,"Plastic Card, Custom Gift Cards, Plastic Card Printing, Plastic Card Manufacturers | CardPrinting.com"
https://cardshows.io/shops/cards-of-ruin-rexburg-rexburg,https://www.cardprinting.com,guessed cardsof.com,medium,"Plastic Card, Custom Gift Cards, Plastic Card Printing, Plastic Card Manufacturers | CardPrinting.com"
https://cardshows.io/shops/cards-of-valor-jensen-beach,https://www.cardprinting.com,guessed cardsof.com,medium,"Plastic Card, Custom Gift Cards, Plastic Card Printing, Plastic Card Manufacturers | CardPrinting.com"
https://cardshows.io/shops/carmel-sports-cards-case-35-carmel,,not found,,
https://cardshows.io/shops/carolina-tcg-vault-ladson,https://carolinatcg.com,guessed carolinatcg.com,medium,Carolina TCG — Enter the collector vault
https://cardshows.io/shops/cartridges-and-cards-minneapolis,,not found,,
https://cardshows.io/shops/cas-collectibles-dracut,,not found,,
https://cardshows.io/shops/casa-cards-vestavia-hills,https://casa-cards.com,guessed casa-cards.com,medium,Casa Cards & Collectibles | Sports Cards & Trading Card Store
https://cardshows.io/shops/case-hit-collectibles-haverhill,,not found,,
https://cardshows.io/shops/case-hit-kings-mansfield,https://casehitkings.com,guessed casehitkings.com,high,"Case Hit Kings Card Shop – Card Shop Mansfield TX | Buy, Sell, Trade"
https://cardshows.io/shops/case-hits-card-shop-el-paso,,not found,,
https://cardshows.io/shops/casebusters-sports-cards-rockledge,,not found,,
https://cardshows.io/shops/cash-4-collectibles-pompano-beach,,not found,,
https://cardshows.io/shops/cash-cards-unlimited-thousand-oaks,https://cashcardsunlimited.com,guessed cashcardsunlimited.com,high,Cash Cards Unlimited Trading Card Store
https://cardshows.io/shops/cash-corner-cards-and-collectibles-south-portland,,not found,,
https://cardshows.io/shops/cash-for-gift-card-everett,,not found,,
https://cardshows.io/shops/casters-collectibles-altoona,,not found,,
https://cardshows.io/shops/casters-richland,https://www.casters.com,guessed casters.com,medium,Casters.com
https://cardshows.io/shops/casual-decks-tcg-games-bellevue,,not found,,
https://cardshows.io/shops/casual-heroes-cards-and-games-jacksonville,,not found,,
https://cardshows.io/shops/cataclysm-tabletop-gaming-machesney-park,,not found,,
https://cardshows.io/shops/catch-em-all-cards-collectibles-more-llc-greenville,,not found,,
https://cardshows.io/shops/catch-em-collectibles-huntersville,,not found,,
https://cardshows.io/shops/cavalieri-collectibles-co-cavcollects-com-boston,,not found,,
https://cardshows.io/shops/cb-hobby-kaukauna,https://cbhobby.com,guessed cbhobby.com,medium,CB Hobby Sports Cards | Panini | Topps | Upper Deck | Pokemon
https://cardshows.io/shops/cc-card-co-llc-west-jordan,,not found,,
https://cardshows.io/shops/ccc-sports-cards-llc-newport,,not found,,
https://cardshows.io/shops/cccc-inc-rock,,not found,,
https://cardshows.io/shops/ccg-sports-cards-memorabilia-lenoir,,not found,,
https://cardshows.io/shops/ccghouse-games-vancouver,,not found,,
https://cardshows.io/shops/ccs-sports-cards-middleton,,not found,,
https://cardshows.io/shops/celestial-gaming-marysville,,not found,,
https://cardshows.io/shops/centerfield-sports-cards-springfield,https://www.centerfieldsportscards.com,guessed centerfieldsportscards.com,medium,Centerfield Sports Cards
https://cardshows.io/shops/centerfields-vintage-cards-greenville,,not found,,
https://cardshows.io/shops/central-collectables-roselle,,not found,,
https://cardshows.io/shops/central-sports-cards-pawtucket,http://www.centralsportscards.com,guessed centralsportscards.com,high,Home
https://cardshows.io/shops/central-sports-duluth,https://centralsports.net/sistema_v2/usuarios/simulador/desktop/jogos.aspx,guessed centralsports.net,medium,CENTRAL SPORTS
https://cardshows.io/shops/centre-city-sports-collectibles-san-diego,,not found,,
https://cardshows.io/shops/century-gaming-butte,,not found,,
https://cardshows.io/shops/cepokedash-oakland,,not found,,
https://cardshows.io/shops/cerulean-collectibles-tulsa,,not found,,
https://cardshows.io/shops/chace-n-slabs-inc-aurora,,not found,,
https://cardshows.io/shops/chalice-collectibles-glendale,,not found,,
https://cardshows.io/shops/challenges-games-comics-atlanta,,not found,,
https://cardshows.io/shops/champaign-sports-cards-savoy,,not found,,
https://cardshows.io/shops/champion-sportscards-collectibles-marietta,,not found,,
https://cardshows.io/shops/champs-sport-cards-huntsville,,not found,,
https://cardshows.io/shops/chaos-games-and-more-pueblo,https://chaosgamesandmore.com,guessed chaosgamesandmore.com,high,Chaos Games and More
https://cardshows.io/shops/chaos-games-llc-lowell,,not found,,
https://cardshows.io/shops/chaos-games-minot,,not found,,
https://cardshows.io/shops/chaotic-goods-cards-and-games-cordova,,not found,,
https://cardshows.io/shops/charleston-souvenirs-and-gifts-charleston,https://charlestonsouvenirs.com,guessed charlestonsouvenirs.com,medium,Calendars & Hats - Charleston South Carolina
https://cardshows.io/shops/charlies-collectible-show-houston-houston,https://charliescollectibleshow.com,guessed charliescollectibleshow.com,medium,Home - Charlie's Collectible Show
https://cardshows.io/shops/charlotte-sports-collectibles-charlotte,https://charlottesportscollectibles.com,guessed charlottesportscollectibles.com,high,Home - Charlotte Sports Collectibles
https://cardshows.io/shops/charm-city-collectibles-hanover,https://www.charmcitycollectibles.com,guessed charmcitycollectibles.com,high,Charm City Collectibles
https://cardshows.io/shops/chasecard-tcg-seattle,https://www.chasecardtcg.com,guessed chasecardtcg.com,high,Chasecard TCG - Home – ChaseCard TCG
https://cardshows.io/shops/chases-pokemon-fan-club-collectibles-bakersfield,,not found,,
https://cardshows.io/shops/chasingbulktcg-wilmington,,not found,,
https://cardshows.io/shops/check-us-first-trading-card-store-damascus,,not found,,
https://cardshows.io/shops/checkmate-games-and-hobbies-toledo,,not found,,
https://cardshows.io/shops/cheek-and-doms-awesome-card-shop-lakewood,,not found,,
https://cardshows.io/shops/chepachet-village-trading-cards-chepachet,,not found,,
https://cardshows.io/shops/chesapeake-sports-cards-edgewater,https://www.chesapeakesportscards.com,guessed chesapeakesportscards.com,high,Chesapeake Sports Cards Online Shop | Trading Cards Store
https://cardshows.io/shops/chessie-games-crofton,https://www.chessiegames.com,guessed chessiegames.com,high,"Chessie Games | Crofton, MD"
https://cardshows.io/shops/chewys-cards-and-collectibles-indian-trail,https://www.chewyscardsandcollectibles.com,guessed chewyscardsandcollectibles.com,medium,Chewy's Cards and Collectibles
https://cardshows.io/shops/chez-boyz-cards-elgin,,not found,,
https://cardshows.io/shops/chimera-hobby-shop-inc-appleton,,not found,,
https://cardshows.io/shops/choose-me-tcg-oreland,,not found,,
https://cardshows.io/shops/chosen-sports-cards-bozeman,,not found,,
https://cardshows.io/shops/chromatic-dragon-games-somersworth,,not found,,
https://cardshows.io/shops/chrono-cosmo-fontana,,not found,,
https://cardshows.io/shops/chucks-field-of-dreams-albany,,not found,,
https://cardshows.io/shops/chucksters-sports-cards-sheffield,,not found,,
https://cardshows.io/shops/cigar-city-treasures-llc-tampa,,not found,,
https://cardshows.io/shops/cj-and-kz-cards-alpharetta,,not found,,
https://cardshows.io/shops/cj-sports-collectibles-more-albuquerque,,not found,,
https://cardshows.io/shops/ckcardsandmore-owensboro,,not found,,
https://cardshows.io/shops/clairemont-sportscards-san-diego,,not found,,
https://cardshows.io/shops/clarksville-sports-cards-and-collectibles-clarksville,,not found,,
https://cardshows.io/shops/classic-materials-sports-collectibles-san-francisco,,not found,,
https://cardshows.io/shops/classic-sportscards-collectables-west-pittston,,not found,,
https://cardshows.io/shops/clawtopia-killeen,,not found,,
https://cardshows.io/shops/clay-collects-chesapeake,https://claycollects.com,guessed claycollects.com,medium,Clay Collects: Veteran-Owned Pokémon Card Shop | Clay Collects
https://cardshows.io/shops/claytons-card-shop-nascar-diecast-roy,,not found,,
https://cardshows.io/shops/cle-sports-cards-collectibles-broadview-heights,,not found,,
https://cardshows.io/shops/clean-sheet-cards-munster,,not found,,
https://cardshows.io/shops/cobra-cards-dothan,,not found,,
https://cardshows.io/shops/coeur-d-alene-sports-cards-coeur-d-alene,,not found,,
https://cardshows.io/shops/cognizant-cards-collectibles-pembroke-pines,,not found,,
https://cardshows.io/shops/cognizant-cards-collectibles-pompano-beach,,not found,,
https://cardshows.io/shops/cohens-collectibles-more-swissvale,,not found,,
https://cardshows.io/shops/coinball-cards-stow,,not found,,
https://cardshows.io/shops/coins-n-cards-butte,,not found,,
https://cardshows.io/shops/cole-street-game-vault-enumclaw,https://www.colestreetgamevault.com,guessed colestreetgamevault.com,high,"Cole Street Game Vault | Enumclaw, WA"
https://cardshows.io/shops/coliseum-card-company-metairie,,not found,,
https://cardshows.io/shops/coliseum-of-comics-lakeland-lakeland,,not found,,
https://cardshows.io/shops/coliseum-trading-cards-collectibles-schertz,,not found,,
https://cardshows.io/shops/collect-702-llc-farmington,https://collect702.com,guessed collect702.com,high,Collect 702
https://cardshows.io/shops/collect-gg-st-petersburg,https://www.collect.com,guessed collect.com,medium,Collect.com
https://cardshows.io/shops/collected-your-pop-culture-headquarters-fort-worth-fort-worth,,not found,,
https://cardshows.io/shops/collectible-buyers-llc-duluth,https://www.collectiblebuyers.com,guessed collectiblebuyers.com,high,"Buying and Selling Collectibles in Duluth, MN | Collectible Buyers"
https://cardshows.io/shops/collectible-exchange-rancho-cucamonga,,not found,,
https://cardshows.io/shops/collectible-investments-hurst,,not found,,
https://cardshows.io/shops/collectible-lane-stamford,https://collectiblelane.com,guessed collectiblelane.com,medium,Buy & Sell Video Game Collectibles & Trading Cards | Collectible Lane
https://cardshows.io/shops/collectible-tags-manchester,,not found,,
https://cardshows.io/shops/collectibles-and-games-granite-quarry,https://collectiblesandgames.com,guessed collectiblesandgames.com,high,Collectibles and Games
https://cardshows.io/shops/collectibles-and-more-maryville,https://collectibles.com,guessed collectibles.com,medium,"Collectibles.com - Scan, identify and value all collectibles | Collectibles"
https://cardshows.io/shops/collectibles-cards-games-addison-addison,,not found,,
https://cardshows.io/shops/collectibles-cards-games-carrollton-carrollton,,not found,,
https://cardshows.io/shops/collectibles-galore-north-syracuse,https://collectibles.com,guessed collectibles.com,medium,"Collectibles.com - Scan, identify and value all collectibles | Collectibles"
https://cardshows.io/shops/collectiblexchange-yonkers,https://collectiblexchange.com,guessed collectiblexchange.com,medium,CollectibleXchange
https://cardshows.io/shops/collecting-hank-huntington,https://collecting.com,guessed collecting.com,medium,Watch Auctions | Buy & Sell Watches | Collecting.com
https://cardshows.io/shops/collecting-haven-appleton,https://collecting.com,guessed collecting.com,medium,Watch Auctions | Buy & Sell Watches | Collecting.com
https://cardshows.io/shops/collectingall-sports-cards-and-memorabilia-oceanside,,not found,,
https://cardshows.io/shops/collective-365-llc-lincoln,,not found,,
https://cardshows.io/shops/collective-american-traders-llc-schenectady,,not found,,
https://cardshows.io/shops/collective-sports-and-tcg-derry,,not found,,
https://cardshows.io/shops/collectizzles-highland,,not found,,
https://cardshows.io/shops/collectons-boulder,https://www.collectons.com,guessed collectons.com,high,Featured Specials - Coin Collecting Supplies & Collectible Coins - discounts Coin & Collecting Supplies
https://cardshows.io/shops/collector-card-diehards-salem,,not found,,
https://cardshows.io/shops/collector-cave-bronx,https://www.collectorcave.net,guessed collectorcave.net,medium,Collector cave
https://cardshows.io/shops/collector-cave-yonkers,https://www.collectorcave.net,guessed collectorcave.net,medium,Collector cave
https://cardshows.io/shops/collectormania-parker,,not found,,
https://cardshows.io/shops/collectors-alliance-lakewood,https://www.collectorsalliance.com,guessed collectorsalliance.com,medium,Collectors Alliance - retailer of collectible coins and currency
https://cardshows.io/shops/collectors-arena-chesterfield,https://collectorsarena.net,guessed collectorsarena.net,high,Collector's Arena – Collector's Arena
https://cardshows.io/shops/collectors-attic-inc-tallahassee,http://collectorsattic.com,guessed collectorsattic.com,high,The Collector's Attic
https://cardshows.io/shops/collectors-boutique-ny-mt-vernon,,not found,,
https://cardshows.io/shops/collectors-box-newark,https://collectorsbox.com,guessed collectorsbox.com,medium,"Collectibles App to Catalog, Value & Sell | Collector's Box"
https://cardshows.io/shops/collectors-campus-davenport,https://www.collectorscampus.com,guessed collectorscampus.com,medium,Collector's Campus
https://cardshows.io/shops/collectors-certified-llc-ontario,https://collectorscertifiedgrading.com,guessed collectorscertified.com,medium,CCG — Collectors Certified Grading | Grade. Protect. Collect.
https://cardshows.io/shops/collectors-choice-brewer,https://www.collectors.com,guessed collectors.com,medium,Collectors
https://cardshows.io/shops/collectors-club-by-juicedbyjr-san-antonio,,not found,,
https://cardshows.io/shops/collectors-club-miami,https://collectorsclub.com,guessed collectorsclub.com,high,Collectors Club – Sports & Pokémon Cards + Miami Wynwood Event Space
https://cardshows.io/shops/collectors-corner-charleston,https://www.collectors.com,guessed collectors.com,medium,Collectors
https://cardshows.io/shops/collectors-corner-cranston,https://collectorscorner.com,guessed collectorscorner.com,medium,Collectors Corner - The Collectibles Marketplace
https://cardshows.io/shops/collectors-corner-nw-bellevue-bellevue,https://collectorscornernw.com,guessed collectorscornernw.com,medium,Collector's Corner NW
https://cardshows.io/shops/collectors-corner-nw-seattle-seattle,https://collectorscornernw.com,guessed collectorscornernw.com,medium,Collector's Corner NW
https://cardshows.io/shops/collectors-corner-sports-cards-and-collectibles-mt-pleasant,,not found,,
https://cardshows.io/shops/collectors-cove-salisbury,https://collectorscove.com,guessed collectorscove.com,high,"Collector's Cove — Salisbury, NC"
https://cardshows.io/shops/collectors-cove-yorktown,https://collectorscove.com,guessed collectorscove.com,medium,"Collector's Cove — Salisbury, NC"
https://cardshows.io/shops/collectors-den-indianapolis,https://www.collectorsden.com,guessed collectorsden.com,medium,Collectors Den — Buy Graded Pokémon Cards & Play the Gacha Machine
https://cardshows.io/shops/collectors-destiny-madison,https://collectorsdestiny.com,guessed collectorsdestiny.com,high,Collector's Destiny – Collector's Destiny
https://cardshows.io/shops/collectors-edition-plano,http://collectors-edition.com,guessed collectors-edition.com,medium,Limited-edition museum-quality display models
https://cardshows.io/shops/collectors-emporium-noblesville,https://collectorsemporium.com,guessed collectorsemporium.com,medium,Home – Collectors Emporium NY
https://cardshows.io/shops/collectors-exchange-muncie,https://www.collectors.com,guessed collectors.com,medium,Collectors
https://cardshows.io/shops/collectors-hangout-llc-norwalk,https://www.collectors.com,guessed collectors.com,medium,Collectors
https://cardshows.io/shops/collectors-heaven-chesapeake,https://www.collectors.com,guessed collectors.com,medium,Collectors
https://cardshows.io/shops/collectors-hq-card-shop-fresno,,not found,,
https://cardshows.io/shops/collectors-hub-cheyenne,https://www.collectors.com,guessed collectors.com,medium,Collectors
https://cardshows.io/shops/collectors-hub-laramie-laramie,https://www.collectors.com,guessed collectors.com,medium,Collectors
https://cardshows.io/shops/collectors-lounge-cypress-cypress,https://www.collectors.com,guessed collectors.com,medium,Collectors
https://cardshows.io/shops/collectors-lounge-lakewood-lakewood,https://www.collectors.com,guessed collectors.com,medium,Collectors
https://cardshows.io/shops/collectors-paradise-fresno,https://www.collectors.com,guessed collectors.com,medium,Collectors
https://cardshows.io/shops/collectors-world-alabama-rogersville,https://www.collectors.com,guessed collectors.com,medium,Collectors
https://cardshows.io/shops/collectors-world-annandale,https://www.collectors.com,guessed collectors.com,medium,Collectors
https://cardshows.io/shops/collectxco-pelham,https://www.collectxco.com,guessed collectxco.com,high,CollectXCo
https://cardshows.io/shops/college-baseball-reference-hattiesburg,,not found,,
https://cardshows.io/shops/college-fanatics-columbus,,not found,,
https://cardshows.io/shops/collins-cards-collectibles-columbus,,not found,,
https://cardshows.io/shops/colorado-collectible-show-aurora,https://www.coloradocollectibleshow.com,guessed coloradocollectibleshow.com,high,Colorado Collectible Show
https://cardshows.io/shops/colosseum-games-kenosha,,not found,,
https://cardshows.io/shops/columbia-sports-card-and-more-vancouver,https://columbiasportscard.com,guessed columbiasportscard.com,medium,"Sports Cards, Pokémon, Singles & Supplies | Columbia Sports Cards"
https://cardshows.io/shops/columbus-card-shop-hilliard,https://columbuscardshop.com,guessed columbuscardshop.com,medium,Columbus Card Shop
https://cardshows.io/shops/columbus-sports-cards-columbus,https://www.columbussportscards.com,guessed columbussportscards.com,high,Columbus Sports Cards
https://cardshows.io/shops/comeback-sports-cards-twin-falls,,not found,,
https://cardshows.io/shops/constellation-collective-sacramento-sacramento,https://constellationcollective.net,guessed constellationcollective.net,medium,Buying Magic: The Gathering Collections | 30 Years of Expertise | Constellation Collective
https://cardshows.io/shops/conte-collectibles-durham,,not found,,
https://cardshows.io/shops/contes-card-castle-haddonfield,,not found,,
https://cardshows.io/shops/cool-cards-farmington,,not found,,
https://cardshows.io/shops/cool-stuff-games-augusta-augusta,,not found,,
https://cardshows.io/shops/cool-stuff-games-hollywood-hollywood,,not found,,
https://cardshows.io/shops/cool-stuff-games-jacksonville-jacksonville,,not found,,
https://cardshows.io/shops/cool-stuff-games-maitland-maitland,,not found,,
https://cardshows.io/shops/cool-stuff-games-miami-miami,,not found,,
https://cardshows.io/shops/cool-stuff-games-south-orlando-orlando,,not found,,
https://cardshows.io/shops/cool-stuff-games-tampa-tampa,,not found,,
https://cardshows.io/shops/cool-stuff-longmont-longmont,https://coolstufflongmont.com,guessed coolstufflongmont.com,high,Cool Stuff Longmont - Cool Stuff Longmont
https://cardshows.io/shops/cool-stuff-virginia-beach,,not found,,
https://cardshows.io/shops/cooper-sports-collectiblles-hammond,,not found,,
https://cardshows.io/shops/cooperstown-bound-sports-cards-collectables-llc-fayetteville,,not found,,
https://cardshows.io/shops/cooperstown-connection-private-collection-utica,,not found,,
https://cardshows.io/shops/cooperstown-connection-syracuse,https://cooperstown.com,guessed cooperstown.com,medium,cooperstown
https://cardshows.io/shops/coopersville-card-vault-coopersville,https://coopersvillecardvault.com,guessed coopersvillecardvault.com,high,"Sports Cards | Coopersville, MI | Coopersville Card Vault"
https://cardshows.io/shops/coops-collectibles-juneau,,not found,,
https://cardshows.io/shops/coopscardpullz-gilbert,,not found,,
https://cardshows.io/shops/copheavyrips-fort-wayne,,not found,,
https://cardshows.io/shops/core-collectibles-weare,,not found,,
https://cardshows.io/shops/core-tcg-pasadena,https://coretcg.com,guessed coretcg.com,high,CoreTCG
https://cardshows.io/shops/corner-stone-cards-dayton,,not found,,
https://cardshows.io/shops/cornersburg-cards-and-games-youngstown,,not found,,
https://cardshows.io/shops/cornholio-amarillo,,not found,,
https://cardshows.io/shops/corridor-cards-west-des-moines,https://corridorcards.com,guessed corridorcards.com,medium,Corridor Cards | Sports & Pokémon Trading Cards for Sale | Iowa
https://cardshows.io/shops/corys-sports-cards-memorabilia-kailua-kona,,not found,,
https://cardshows.io/shops/cosmic-card-shop-salem,https://cosmiccardshop.net,guessed cosmiccardshop.net,high,Cosmic Card Shop
https://cardshows.io/shops/cosmic-clash-collectibles-brownsville,https://www.cosmicclashcollectibles.com,guessed cosmicclashcollectibles.com,medium,Cosmic Clash Collectibles
https://cardshows.io/shops/cosmic-collectibles-monroe,http://cosmiccollectibles.com,guessed cosmiccollectibles.com,medium,Cosmic Collectibles
https://cardshows.io/shops/cosmic-collectibles-warr-acres,http://cosmiccollectibles.com,guessed cosmiccollectibles.com,medium,Cosmic Collectibles
https://cardshows.io/shops/cosmic-destroyers-collectibles-shorewood,,not found,,
https://cardshows.io/shops/cosmic-games-bellingham,https://www.cosmicgames.com,guessed cosmicgames.com,medium,Cosmic Games
https://cardshows.io/shops/cosmic-games-collectibles-lakeland,,not found,,
https://cardshows.io/shops/cosmic-hearth-games-concord,,not found,,
https://cardshows.io/shops/coulee-cards-and-gaming-cedar-falls-cedar-falls,,not found,,
https://cardshows.io/shops/coulee-cards-and-gaming-cedar-rapids,https://couleecards.com,guessed couleecardsandgaming.com,high,Home - Coulee Cards And Gaming
https://cardshows.io/shops/counter-spell-cards-and-games-lawton,,not found,,
https://cardshows.io/shops/counterspell-games-jacksonville,,not found,,
https://cardshows.io/shops/courtneys-sports-cards-colton,,not found,,
https://cardshows.io/shops/courtside-card-shop-cranston,,not found,,
https://cardshows.io/shops/courtside-collectibles-thornton,https://courtsidecollectibles.com,guessed courtsidecollectibles.com,high,Courtside Collectibles
https://cardshows.io/shops/crafty-coins-fort-wayne,https://crafty.net,guessed crafty.net,medium,Crafty.net | The Unlimited SVG Cut File Craft Membership
https://cardshows.io/shops/craigs-sports-cards-indian-land,,not found,,
https://cardshows.io/shops/cranks-sports-trading-gallery-ooltewah,,not found,,
https://cardshows.io/shops/cranks-trading-card-gallery-chattanooga,,not found,,
https://cardshows.io/shops/crapgame7cards-pasadena,,not found,,
https://cardshows.io/shops/crashn-bash-hobbies-cedar-rapids,https://crashnbashhobbies.com,guessed crashnbashhobbies.com,high,Crash N Bash | Crash’n Bash Hobbies
https://cardshows.io/shops/crave-collectibles-midvale,,not found,,
https://cardshows.io/shops/cribbage-king-fort-collins,https://www.cribbageking.com,guessed cribbageking.com,medium,Cribbage King | Custom Cribbage Boards & Resin River Tables Online
https://cardshows.io/shops/critical-hit-games-st-petersburg,,not found,,
https://cardshows.io/shops/critical-hits-tcg-simpsonville,https://www.criticalhitstcg.com,guessed criticalhitstcg.com,medium,Critical Hits TCG
https://cardshows.io/shops/criticalcatchcards-palm-bay,,not found,,
https://cardshows.io/shops/crobat-tcg-independence,,not found,,
https://cardshows.io/shops/croc-hunter-cards-choctaw,,not found,,
https://cardshows.io/shops/crocks-sports-emporium-clearwater,,not found,,
https://cardshows.io/shops/croma-tcg-slc-salt-lake-city,,not found,,
https://cardshows.io/shops/crossing-las-vegas-las-vegas,,not found,,
https://cardshows.io/shops/crossroad-collectibles-francis-e-warren-afb,,not found,,
https://cardshows.io/shops/crown-sports-memorabilia-and-cards-lenexa,,not found,,
https://cardshows.io/shops/crunch-time-sports-cards-raleigh,,not found,,
https://cardshows.io/shops/cts-hobbies-belvidere,https://ctshobbies.com,guessed ctshobbies.com,high,CT's Hobbies - Find Your Passion CT's Hobbies
https://cardshows.io/shops/cubs-den-south-bend,,not found,,
https://cardshows.io/shops/culture-shock-game-bros-la-porte,,not found,,
https://cardshows.io/shops/culver-collectibles-los-angeles,https://culvercollectibles.com,guessed culvercollectibles.com,medium,Home - Culver Collectibles
https://cardshows.io/shops/cuppow-collectibles-clarksville,,not found,,
https://cardshows.io/shops/curio-cavern-loisdale-rd-springfield,https://www.curiocavern.com,guessed curiocavern.com,medium,CurioCavern.com – Curio Cavern
https://cardshows.io/shops/curio-cavern-springfield-mall-springfield,https://www.curiocavern.com,guessed curiocavern.com,medium,CurioCavern.com – Curio Cavern
https://cardshows.io/shops/currys-sports-cards-and-gaming-kernersville,,not found,,
https://cardshows.io/shops/curtain-cards-fords,,not found,,
https://cardshows.io/shops/curveball-cards-goldsboro,,not found,,
https://cardshows.io/shops/cuse-collectables-solvay,,not found,,
https://cardshows.io/shops/cyber-sage-video-games-lakeland,,not found,,
https://cardshows.io/shops/d-ds-collectables-scranton,,not found,,
https://cardshows.io/shops/d-j-baseball-cards-halethorpe,,not found,,
https://cardshows.io/shops/d-js-sports-cards-oxford,https://djssportscards.com,guessed djssportscards.com,medium,DJ's Sportscards
https://cardshows.io/shops/d-p-cards-sacramento,,not found,,
https://cardshows.io/shops/d-squared-collectibles-lewiston,,not found,,
https://cardshows.io/shops/d-squared-collectibles-turner,,not found,,
https://cardshows.io/shops/dans-sports-cards-games-jacksonville,,not found,,
https://cardshows.io/shops/darbys-dungeon-jacksonville,https://darbysdungeon.com,guessed darbysdungeon.com,high,Darby's Dungeon – Darby's Dungeon
https://cardshows.io/shops/dark-castle-games-janesville,https://www.darkcastlegames.com,guessed darkcastlegames.com,medium,Tabletop Games | Dark Castle Games
https://cardshows.io/shops/dark-depths-games-philadelphia,https://www.darkdepthsgames.com/store,guessed darkdepthsgames.com,high,Dark Depths Games
https://cardshows.io/shops/dark-vassal-gaming-cedar-falls,,not found,,
https://cardshows.io/shops/darkhound-game-center-arlington,https://www.darkhoundgamecenter.com,guessed darkhoundgamecenter.com,high,Darkhound Game Center
https://cardshows.io/shops/darkninjagaming-lafayette,,not found,,
https://cardshows.io/shops/darkside-games-tcgs-las-vegas,https://darksidegames.com,guessed darksidegames.com,medium,Home | Darkside Games
https://cardshows.io/shops/darkstar-hobbies-hopkinsville,https://darkstar-hobbies.com,guessed darkstar-hobbies.com,high,"DarkStar Hobbies - Board Games, Action Figures, Model Kits and Supplies, Card Games, Action Figures, Board Games, Hobby "
https://cardshows.io/shops/dashop-new-york,,not found,,
https://cardshows.io/shops/dave-adams-new-york-city-new-york,,not found,,
https://cardshows.io/shops/dave-adams-retail-store-williamsville,,not found,,
https://cardshows.io/shops/daves-comics-collectibles-bakersfield,,not found,,
https://cardshows.io/shops/daves-sports-cards-roswell,,not found,,
https://cardshows.io/shops/davids-game-lounge-perris,,not found,,
https://cardshows.io/shops/davolis-house-of-cards-st-johns,https://www.davolishouseofcards.com,guessed davolishouseofcards.com,high,Davoli's House of Cards
https://cardshows.io/shops/day2-cards-and-games-amarillo,,not found,,
https://cardshows.io/shops/dc-sports-cards-and-collectables-parsons,,not found,,
https://cardshows.io/shops/dc-sports-cards-and-collectables-west-bountiful,,not found,,
https://cardshows.io/shops/dc-sports-sterling-heights,https://dcsports.com,guessed dcsports.com,medium,DC Sports offers products for most popular sport compact vehicles.
https://cardshows.io/shops/dd-collectables-madeira-beach,https://www.ddcollectables.store,guessed ddcollectables.net,medium,Use: Serial Shield 3D™ Currency Frames & Collectible Notes | DD Collectables.
https://cardshows.io/shops/ddrake-cards-tyrone,,not found,,
https://cardshows.io/shops/deals-bucket-llc-san-bernardino,,not found,,
https://cardshows.io/shops/deans-cards-cincinnati,https://www.deanscards.com,guessed deanscards.com,medium,Buying & Selling Baseball Cards - Dean's Cards
https://cardshows.io/shops/deans-dugout-naperville,https://www.deansdugout.com,guessed deansdugout.com,high,Home - Deans Dugout Deans Dugout
https://cardshows.io/shops/deckbusters-hammond,,not found,,
https://cardshows.io/shops/deckdropz-charleston,https://deckdropz.com,guessed deckdropz.com,high,Deckdropz: Trading Card Vending Machine in Charleston | DeckDropz
https://cardshows.io/shops/decked-trading-cards-rio-rancho,https://deckedtradingcards.com,guessed deckedtradingcards.com,high,Decked Trading Cards Rio Rancho NM
https://cardshows.io/shops/decks-dice-tournament-center-lakeland,,not found,,
https://cardshows.io/shops/dee1trading-miami,,not found,,
https://cardshows.io/shops/deer-valley-collectibles-anthem,https://www.deervalleycollectibles.com,guessed deervalleycollectibles.com,high,"Deer Valley Collectibles | Games, TCGs & Toys | Anthem, AZ"
https://cardshows.io/shops/defiant-fox-games-tacoma,https://www.defiantfoxgames.com,guessed defiantfoxgames.com,medium,Home - Game Store | Defiant Fox Games
https://cardshows.io/shops/degen-collectibles-san-jose,https://degencollectibles.com,guessed degencollectibles.com,high,Degen Collectibles | San Jose Card Shop
https://cardshows.io/shops/delta-cards-collectibles-temple-hills,,not found,,
https://cardshows.io/shops/denver-card-shop-arvada,https://denvercardshop.com,guessed denvercardshop.com,medium,"Denver Card Shops: Denver's #1 Spot for Sports Cards, Pokemon/TCG & More!"
https://cardshows.io/shops/denverautographs-lakewood,https://www.denverautographs.com,guessed denverautographs.com,medium,Denver Autographs
https://cardshows.io/shops/deseret-collectables-ogden,https://deseretcollectables.com,guessed deseretcollectables.com,medium,Homepage | Deseret Collectables
https://cardshows.io/shops/desert-breakers-sports-cards-scottsdale,,not found,,
https://cardshows.io/shops/destination-anime-middletown,https://www.destination.com,guessed destination.com,medium,destination.com | Explore the World
https://cardshows.io/shops/destination-tcg-baytown,https://destinationtcg.com,guessed destinationtcg.com,high,"Destination TCG - Premium Pokémon Cards in Baytown, Texas"
https://cardshows.io/shops/destine-fantasy-games-alameda,,not found,,
https://cardshows.io/shops/destiny-games-livonia,https://destinygames.com,guessed destinygames.com,medium,"Destiny Games - free and paid online games. Join us in our online, multiuser, RPG adventure!"
https://cardshows.io/shops/detroit-legends-sports-shelby-township,,not found,,
https://cardshows.io/shops/detroit-nation-collectibles-dearborn,,not found,,
https://cardshows.io/shops/detroit-sports-cards-collectibles-st-clair-shores,,not found,,
https://cardshows.io/shops/detroit-sports-collectibles-clawson,https://detroit-sports-collectibles.myshopify.com,guessed detroitsportscollectibles.com,medium,Not your ordinary sports collectible store. Keeping you connected – Detroit sports collectibles
https://cardshows.io/shops/devil-may-duel-grand-rapids,,not found,,
https://cardshows.io/shops/devinscardshow-fontana,,not found,,
https://cardshows.io/shops/dewayne7cxcards-killeen,,not found,,
https://cardshows.io/shops/dewolfs-sioux-city,,not found,,
https://cardshows.io/shops/dgn-sports-cards-orwigsburg,,not found,,
https://cardshows.io/shops/diamond-9-sports-cards-placentia,,not found,,
https://cardshows.io/shops/diamond-club-cards-collectibles-phelps,,not found,,
https://cardshows.io/shops/diamond-heroes-sports-memorabilia-collectibles-goose-creek,,not found,,
https://cardshows.io/shops/diamond-in-the-mall-lake-forest-park,,not found,,
https://cardshows.io/shops/diamond-king-sports-cards-greenland,,not found,,
https://cardshows.io/shops/diamond-legends-cranston,https://diamondlegends.com,guessed diamondlegends.com,medium,Diamond Legends Online
https://cardshows.io/shops/diamonddust-sports-cards-billings,,not found,,
https://cardshows.io/shops/diamonds-in-the-rough-tigard,,not found,,
https://cardshows.io/shops/dice-addiction-tulsa,https://diceaddiction.com,guessed diceaddiction.com,high,Dice Addiction | Tulsa | Oklahoma
https://cardshows.io/shops/dice-age-games-vancouver,https://www.diceagegames.com,guessed diceagegames.com,high,Dice Age Games – Games and Hobby Supplies
https://cardshows.io/shops/dice-city-games-silver-spring,,not found,,
https://cardshows.io/shops/dice-guys-colorado-springs,,not found,,
https://cardshows.io/shops/dick-janes-jacksonville,,not found,,
https://cardshows.io/shops/diecast-more-collectibles-lakeland,,not found,,
https://cardshows.io/shops/different-square-collectibles-covington,,not found,,
https://cardshows.io/shops/direct-damage-games-spokane-valley,,not found,,
https://cardshows.io/shops/dirks-tavern-springfield,https://www.dirkstavern.com,guessed dirkstavern.com,medium,Dirks Tavern | Join Our Gaming Community
https://cardshows.io/shops/dirt-dogs-sports-cards-hoquiam,,not found,,
https://cardshows.io/shops/dirtysouthsportzcards-tallahassee,,not found,,
https://cardshows.io/shops/disciples-card-shop-brooklyn-park,,not found,,
https://cardshows.io/shops/diversions-puzzles-games-portsmouth,,not found,,
https://cardshows.io/shops/diversions-puzzles-games-somersworth,,not found,,
https://cardshows.io/shops/diversions-tabletop-game-lounge-coralville,,not found,,
https://cardshows.io/shops/diversity-gaming-hooksett,https://diversity-gaming.com,guessed diversity-gaming.com,medium,Diversity Gaming
https://cardshows.io/shops/divine-realm-elyria,http://www.divine-realm.com/login.php,guessed divine-realm.com,medium,Divine Realm :: FREE Online WAR Spiritual Role Playing Game (MMORPG)
https://cardshows.io/shops/dj-collectibles-glendale,,not found,,
https://cardshows.io/shops/djs-cards-and-comics-north-haven,https://djscardsandcomics.com,guessed djscardsandcomics.com,medium,DJ's Cards & Comics – DJ's Cards and Comics
https://cardshows.io/shops/djs-coins-collectibles-coeur-dalene,,not found,,
https://cardshows.io/shops/djs-sportscards-renton,https://djssportscards.com,guessed djssportscards.com,high,DJ's Sportscards
https://cardshows.io/shops/djs-vintage-sports-cards-spokane-valley,,not found,,
https://cardshows.io/shops/dmz-collectibles-michiana-south,,not found,,
https://cardshows.io/shops/dna-cards-collectibles-phoenix,https://dnatradingcompany.com,guessed dnacardscollectibles.com,medium,DNA Cards & Collectibles – DNA Cards & Collectibles
https://cardshows.io/shops/do-big-things-collectibles-inc-new-castle,,not found,,
https://cardshows.io/shops/do-gooder-games-cafe-thornton,https://dogoodergames.com,guessed dogoodergamescafe.com,high,Do Gooder Games Cafe
https://cardshows.io/shops/do-we-collectibles-anaheim,https://www.dowecollectibles.com,guessed dowecollectibles.com,high,Home | Do-We Collectibles
https://cardshows.io/shops/docking-bay-94-comics-and-games-coconut-creek,,not found,,
https://cardshows.io/shops/docs-unique-collectibles-el-paso,https://docsuniquecollectibles.com,guessed docsuniquecollectibles.com,medium,Collector's Dream Shoppe | Doc's Unique Collectibles
https://cardshows.io/shops/dogs-of-war-gaming-palm-bay,,not found,,
https://cardshows.io/shops/dogtown-sports-collectibles-framing-st-louis,,not found,,
https://cardshows.io/shops/doki-doki-anime-kawaii-shop-lakewood,,not found,,
https://cardshows.io/shops/don-father-games-green-bay,https://www.donfathergames.com,guessed donfathergames.com,medium,"Don Father Games | Video Games, Board Games, PS1, Nintendo, Star Wars"
https://cardshows.io/shops/doodle-zoo-frederick,https://doodle.com/en,guessed doodle.com,medium,Free online meeting scheduling tool | Doodle
https://cardshows.io/shops/door-23-151-piece-meridian,,not found,,
https://cardshows.io/shops/dopeslabs-tcg-baton-rouge,,not found,,
https://cardshows.io/shops/double-dragon-ii-wahiawa,,not found,,
https://cardshows.io/shops/double-play-collectibles-scarborough,,not found,,
https://cardshows.io/shops/double-steve-cards-collectibles-portland,,not found,,
https://cardshows.io/shops/doubleplay-corpus-christi,https://www.doubleplay.com,guessed doubleplay.com,medium,DOUBLE PLAY WORD GAMES – Double Play Cards/App
https://cardshows.io/shops/down-the-line-cards-maple-shade,,not found,,
https://cardshows.io/shops/dr-cards-and-gaming-seymour,,not found,,
https://cardshows.io/shops/dr-comics-mr-games-oakland,,not found,,
https://cardshows.io/shops/dr-gs-brainworks-champaign,,not found,,
https://cardshows.io/shops/draft-town-sports-cards-sharpsburg,,not found,,
https://cardshows.io/shops/dragon-door-collectibles-mtg-pokemon-middleburg-heights,,not found,,
https://cardshows.io/shops/dragon-egg-games-billings,https://www.dragonegggames.com,guessed dragonegggames.com,high,Best Family Board Games | Dragon Egg Games
https://cardshows.io/shops/dragon-eye-gaming-paramus,https://dragoneyegaming.net,guessed dragoneyegaming.net,medium,Dragon Eye Gaming
https://cardshows.io/shops/dragon-parlor-games-llc-spokane-valley,https://dragonparlorgames.com,guessed dragonparlorgames.com,medium,Dragon Parlor Games
https://cardshows.io/shops/dragon-star-hobbies-athens,,not found,,
https://cardshows.io/shops/dragonfly-games-sumter,,not found,,
https://cardshows.io/shops/dragons-den-games-stockton,https://dragonsdengames.com,guessed dragonsdengames.com,medium,Dragons Den Games - Saskatoon's Premier Game Store – Dragon's Den Games
https://cardshows.io/shops/dragons-den-gaming-beckley,https://www.dragonsdengaming.com,guessed dragonsdengaming.com,medium,"Warhammer, Magic, Pokémon, Arcade, Legos, Squishables, and MORE | Dragon's Den Gaming"
https://cardshows.io/shops/dragons-den-gaming-sioux-falls,https://www.dragonsdengaming.com,guessed dragonsdengaming.com,medium,"Warhammer, Magic, Pokémon, Arcade, Legos, Squishables, and MORE | Dragon's Den Gaming"
https://cardshows.io/shops/dragons-guildhall-beavercreek,https://dragonsguildhall.biz,guessed dragonsguildhall.com,high,"Local Game Store | Beavercreek, OH - Dragon's Guildhall"
https://cardshows.io/shops/dragons-haunt-topeka,https://www.dragonshaunt.com,guessed dragonshaunt.com,high,Dragons Haunt
https://cardshows.io/shops/dragons-hoard-greensboro,https://www.dragonshoard.net,guessed dragonshoard.net,medium,Home | The Dragon's Hoard Games & Hobbies
https://cardshows.io/shops/dragons-hq-fort-worth,,not found,,
https://cardshows.io/shops/dragons-lair-berlin-berlin,https://sites.google.com/a/dragons-lair.com/dragon-s-lair/home,guessed dragons-lair.com,medium,Comics and Games
https://cardshows.io/shops/dragons-lair-comics-and-fantasy-austin,https://www.dlair.net,guessed dragonslaircomicsandfantasy.com,high,Game and Comic Book Store | Dragon's Lair Comics & Fantasy ®
https://cardshows.io/shops/dragons-lair-comics-and-fantasy-houston,https://www.dlair.net,guessed dragonslaircomicsandfantasy.com,medium,Game and Comic Book Store | Dragon's Lair Comics & Fantasy ®
https://cardshows.io/shops/dragons-lair-forest-grove,https://sites.google.com/a/dragons-lair.com/dragon-s-lair/home,guessed dragons-lair.com,medium,Comics and Games
https://cardshows.io/shops/dragons-lair-wallingford-wallingford,https://sites.google.com/a/dragons-lair.com/dragon-s-lair/home,guessed dragons-lair.com,medium,Comics and Games
https://cardshows.io/shops/dragons-pride-gaming-aberdeen,,not found,,
https://cardshows.io/shops/dragonslayer-games-tulsa,,not found,,
https://cardshows.io/shops/dream-collectors-quincy,,not found,,
https://cardshows.io/shops/dream-collectors-taunton,,not found,,
https://cardshows.io/shops/dream-wizards-rockville,https://www.dreamwizards.com,guessed dreamwizards.com,high,Dream Wizards
https://cardshows.io/shops/dream-world-collectibles-ventura,,not found,,
https://cardshows.io/shops/dreamers-vault-games-burnsville-burnsville,,not found,,
https://cardshows.io/shops/dreamers-vault-games-champlin,,not found,,
https://cardshows.io/shops/dreamers-vault-games-minneapolis-minneapolis,,not found,,
https://cardshows.io/shops/dreamers-vault-games-roseville-roseville,,not found,,
https://cardshows.io/shops/dreamers-vault-games-saint-louis-park-st-louis-park,,not found,,
https://cardshows.io/shops/dreamers-vault-games-south-saint-paul-south-st-paul,,not found,,
https://cardshows.io/shops/dreamz-sportscards-joliet,,not found,,
https://cardshows.io/shops/drhunters-tcg-mt-pleasant,,not found,,
https://cardshows.io/shops/drn-cards-bloomington,,not found,,
https://cardshows.io/shops/drn-cards-chandler,,not found,,
https://cardshows.io/shops/drn-cards-springfield,,not found,,
https://cardshows.io/shops/dual-threat-sports-cards-paden-city,,not found,,
https://cardshows.io/shops/ducks-dugout-marietta,https://ducksdugout.com,guessed ducksdugout.com,high,Duck's Dugout
https://cardshows.io/shops/dudes-card-shop-fort-atkinson,,not found,,
https://cardshows.io/shops/duel-haus-cards-collectibles-fontana,,not found,,
https://cardshows.io/shops/dueling-land-aurora,,not found,,
https://cardshows.io/shops/dugout-sports-cards-custom-framing-norman,,not found,,
https://cardshows.io/shops/dugoutzone-ellicott-city,https://dugoutzone.com,guessed dugoutzone.com,medium,DugoutZone
https://cardshows.io/shops/duke-city-games-devargas-center-santa-fe,,not found,,
https://cardshows.io/shops/duke-city-games-high-st-albuquerque,,not found,,
https://cardshows.io/shops/duke-city-games-rio-rancho-rio-rancho,,not found,,
https://cardshows.io/shops/duke-city-games-santa-fe-santa-fe,,not found,,
https://cardshows.io/shops/dukes-collectibles-shrewsbury,,not found,,
https://cardshows.io/shops/dukes-vault-rochester,,not found,,
https://cardshows.io/shops/duncans-sports-cards-jonesboro,,not found,,
https://cardshows.io/shops/dungeon-games-llc-fort-myers,,not found,,
https://cardshows.io/shops/dungeon-gaming-marion,,not found,,
https://cardshows.io/shops/dungeons-and-dugouts-llc-gillette,,not found,,
https://cardshows.io/shops/durdle-zone-aiea,https://www.durdlezone.com,guessed durdlezone.com,high,Durdle Zone
https://cardshows.io/shops/dustins-sports-cards-and-supplies-sioux-city,,not found,,
https://cardshows.io/shops/dynamic-grading-authority-corporation-east-peoria,https://dynamicgradingauthority.com,guessed dynamicgradingauthority.com,medium,Home | DYNAMIC GRADING AUTHORITY
https://cardshows.io/shops/dynamo-pokemon-cards-fort-myers,,not found,,
https://cardshows.io/shops/dynasty-sports-and-framing-northshore-mall-peabody,,not found,,
https://cardshows.io/shops/dzcollectibles-long-island-oceanside,,not found,,
https://cardshows.io/shops/e-4-cards-more-bend,https://e4cards.com,guessed e4cards.com,medium,"E4 Cards & More | Pokemon, Magic & YuGiOh in Bend, OR"
https://cardshows.io/shops/e-5-sports-west-allis,https://e5sports.com,guessed e5sports.com,high,E-5 Sports
https://cardshows.io/shops/e-and-j-boutique-brooklyn,,not found,,
https://cardshows.io/shops/e-and-k-sports-cards-moundsville,,not found,,
https://cardshows.io/shops/e-card-shop-pasadena,,not found,,
https://cardshows.io/shops/e-e-baseball-card-shop-rolesville,,not found,,
https://cardshows.io/shops/e-n-js-cards-derry,,not found,,
https://cardshows.io/shops/eagel-sports-promotions-inc-tuckahoe,,not found,,
https://cardshows.io/shops/eagles-baseball-card-shop-caldwell,,not found,,
https://cardshows.io/shops/eagles-baseball-card-shop-kent,,not found,,
https://cardshows.io/shops/earthworld-albany,,not found,,
https://cardshows.io/shops/east-carolina-collectibles-vintage-toys-comic-books-baseball-cards-robersonville,,not found,,
https://cardshows.io/shops/east-coast-card-collector-inc-hopewell-junction,https://eastcoastcardcollector.com,guessed eastcoastcardcollector.com,medium,East Coast Card Collector – East Coast Card Collector Inc.
https://cardshows.io/shops/east-coast-cards-and-nerds-palm-bay,,not found,,
https://cardshows.io/shops/east-coast-collectibles-card-shop-middletown,,not found,,
https://cardshows.io/shops/east-coast-collectibles-clifton-park,,not found,,
https://cardshows.io/shops/east-coast-gaming-cary,https://eastcoastgaming.com,guessed eastcoastgaming.com,medium,"East Coast Gaming – Bringing the latest in gaming news, rumors, tips, and information."
https://cardshows.io/shops/east-coast-lyndhurst,,not found,,
https://cardshows.io/shops/eastside-artifacts-austin,https://eastside.com,guessed eastside.com,medium,This Is For Everyone | Eastside Christian Church | Join Us!
https://cardshows.io/shops/easy-peasy-tcg-portland,https://www.easypeasytcg.com,guessed easypeasytcg.com,high,Easy Peasy
https://cardshows.io/shops/easy-surplus-llc-great,,not found,,
https://cardshows.io/shops/echantium-cards-pasadena,,not found,,
https://cardshows.io/shops/eclipse-cards-hobby-north-richland-hills,,not found,,
https://cardshows.io/shops/eds-card-shop-nevada,,not found,,
https://cardshows.io/shops/edubs-sports-collectibles-harrisburg,https://edubssportscollectibles.com,guessed edubssportscollectibles.com,high,Edub's Sports Collectibles
https://cardshows.io/shops/effortlex-tcg-reservation-required-new-york,,not found,,
https://cardshows.io/shops/eg-collectibles-bear,,not found,,
https://cardshows.io/shops/eh-cards-vintage-sports-cards-collectibles-westborough,,not found,,
https://cardshows.io/shops/el-cardboard-tcg-lounge-pawtucket,,not found,,
https://cardshows.io/shops/el-paso-collectibles-trading-cards-and-more-llc-el-paso,,not found,,
https://cardshows.io/shops/electric-city-comics-schenectady,,not found,,
https://cardshows.io/shops/elegant-octopus-games-tacoma,https://linktr.ee/ElegantOctopus,guessed elegantoctopusgames.com,medium,"ElegantOctopus Official: Instagram, Facebook | Linktree"
https://cardshows.io/shops/eli-card-box-stamford,,not found,,
https://cardshows.io/shops/elite-3-tcg-trading-cards-pokemon-cards-charlotte,,not found,,
https://cardshows.io/shops/elite-cardboard-gaming-durham,https://elitecardboardgaming.com,guessed elitecardboardgaming.com,high,Elite Cardboard Gaming: Your Hub for Sports Cards
https://cardshows.io/shops/elite-cards-and-collects-miami,,not found,,
https://cardshows.io/shops/elite-ink-bloomington,,not found,,
https://cardshows.io/shops/elite-memorabilia-collection-norwalk,,not found,,
https://cardshows.io/shops/elite-sports-cards-and-collectibles-llc-glendale,,not found,,
https://cardshows.io/shops/elite-sports-cards-and-comics-2-chicago,https://elitesportscardsandcomics2.com,guessed elitesportscardsandcomics2.com,high,"Elite Sports Cards And Comics #2 - Chicago, IL"
https://cardshows.io/shops/elite-sports-cards-and-comics-chicago,https://elitesportscardsandcomics.com,guessed elitesportscardsandcomics.com,high,"Elite Sports Cards and Comics - Chicago, IL"
https://cardshows.io/shops/elite-sports-cards-and-memorabilia-pearl,,not found,,
https://cardshows.io/shops/elite-sports-cards-philadelphia,,not found,,
https://cardshows.io/shops/elite-sportscards-massillon,,not found,,
https://cardshows.io/shops/elizabethtown-sports-cards-elizabethtown,,not found,,
https://cardshows.io/shops/elm-city-games-new-haven,,not found,,
https://cardshows.io/shops/elwerm-emporium-roswell,,not found,,
https://cardshows.io/shops/emerald-city-comics-games-toys-clearwater,,not found,,
https://cardshows.io/shops/empire-memorabilia-and-printing-new-orleans,https://empirememorabilia.com,guessed empirememorabilia.com,medium,Authentic Sports & Celebrity Memorabilia | Empire Vault
https://cardshows.io/shops/end-zone-hobby-center-clearfield,,not found,,
https://cardshows.io/shops/endlesstcg-pokemon-shop-north-las-vegas,,not found,,
https://cardshows.io/shops/endzone-collectibles-rochester,,not found,,
https://cardshows.io/shops/enexeo-llc-brookland,,not found,,
https://cardshows.io/shops/enterprise-games-noblesville,https://enterprisegames.com,guessed enterprisegames.com,medium,Enterprise Games :: Home
https://cardshows.io/shops/entertainmart-colorado-springs,,not found,,
https://cardshows.io/shops/entertainment-hobby-shop-jungle-anime-jungle-los-angeles,,not found,,
https://cardshows.io/shops/envy-cards-williston,,not found,,
https://cardshows.io/shops/epic-card-cave-toms-river,,not found,,
https://cardshows.io/shops/epic-card-quest-hagerstown,,not found,,
https://cardshows.io/shops/epic-collector-and-sports-cards-llc-tupelo,,not found,,
https://cardshows.io/shops/epic-loot-games-centerville,https://www.epiclootgames.com,guessed epiclootgames.com,high,"Epic Loot Games | Tabletop Games | 9130 Dayton Lebanon Pike, Dayton, OH, USA"
https://cardshows.io/shops/epic-trading-collectibles-springfield,https://www.epictradingcollectibles.com,guessed epictradingcollectibles.com,medium,Epic Trading Collectibles
https://cardshows.io/shops/epic-trading-collectibles-toms-river,https://www.epictradingcollectibles.com,guessed epictradingcollectibles.com,medium,Epic Trading Collectibles
https://cardshows.io/shops/epic-trading-collectibles-woodbridge,https://www.epictradingcollectibles.com,guessed epictradingcollectibles.com,medium,Epic Trading Collectibles
https://cardshows.io/shops/epic-xp-st-louis,,not found,,
https://cardshows.io/shops/erics-collectibles-pueblo,,not found,,
https://cardshows.io/shops/esco753sports-san-diego,,not found,,
https://cardshows.io/shops/esp-joes-sports-cards-little-falls-township,,not found,,
https://cardshows.io/shops/estate-sports-collectibles-mobile,https://estatesportscollectibles.com,guessed estatesportscollectibles.com,high,Home - Estate Sports Collectibles
https://cardshows.io/shops/eternal-games-warren,https://eternalgamesllc.com,guessed eternalgames.net,high,Home
https://cardshows.io/shops/ethans-sports-cards-and-more-lancaster,,not found,,
https://cardshows.io/shops/ettin-games-abq-albuquerque,https://ettingames.com,guessed ettingames.com,medium,Ettin Games
https://cardshows.io/shops/euphies-cards-and-collectibles-san-antonio,,not found,,
https://cardshows.io/shops/eureka-puzzles-games-brookline,,not found,,
https://cardshows.io/shops/ev-sports-maple-grove,https://ev-sports.com,guessed ev-sports.com,medium,"EVSports - EV Sports - Consultores de gestión deportiva en Cádiz, Andalucia"
https://cardshows.io/shops/evans-sports-cards-collectibles-voorhees-township,,not found,,
https://cardshows.io/shops/evansville-otters-team-store-evansville,,not found,,
https://cardshows.io/shops/evolution-collection-highland,https://www.evolution.com,guessed evolution.com,medium,"Evolution | B2B Live Casino, Slots, and Operator Tech"
https://cardshows.io/shops/evolution-empire-cards-and-collectibles-the-colony,,not found,,
https://cardshows.io/shops/evolution-games-annapolis,https://evolutiongames.com,guessed evolutiongames.com,medium,"Evolution Games – Lansing, MI"
https://cardshows.io/shops/evolution-games-fort-worth,https://evolutiongames.com,guessed evolutiongames.com,medium,"Evolution Games – Lansing, MI"
https://cardshows.io/shops/evolution-games-lansing,https://evolutiongames.com,guessed evolutiongames.com,high,"Evolution Games – Lansing, MI"
https://cardshows.io/shops/evolution-gaming-collectibles-clovis,,not found,,
https://cardshows.io/shops/evolutions-trading-killeen,,not found,,
https://cardshows.io/shops/evolve-card-shop-madison,https://evolvecardshop.com,guessed evolvecardshop.com,high,Evolve Card Shop
https://cardshows.io/shops/evolve-cards-and-collectibles-columbus,,not found,,
https://cardshows.io/shops/excalibur-sports-alaska-anchorage,https://excalibur-sports.com,guessed excalibur-sports.com,medium,Excalibur Sports - Sword Fencing Equipment
https://cardshows.io/shops/exploding6-gaming-supply-westport,,not found,,
https://cardshows.io/shops/express-tcg-harlem,https://expresstcg.com,guessed expresstcg.com,high,EXPRESS TCG
https://cardshows.io/shops/express-tcg-north-augusta,https://expresstcg.com,guessed expresstcg.com,high,EXPRESS TCG
https://cardshows.io/shops/ezacury-cards-and-games-yuma,,not found,,
https://cardshows.io/shops/ezgaming-greensboro,https://ezgaming.com,guessed ezgaming.com,medium,EZ Game
https://cardshows.io/shops/f-g-sportscards-elkhart,,not found,,
https://cardshows.io/shops/fabled-gaming-west-jordan,,not found,,
https://cardshows.io/shops/factory-fresh-tcg-alta-loma,,not found,,
https://cardshows.io/shops/fad-habits-miami,,not found,,
https://cardshows.io/shops/fallout-comics-tallahassee,https://falloutcomics.com,guessed falloutcomics.com,high,Home - Fallout Comics
https://cardshows.io/shops/family-cards-and-games-margate,,not found,,
https://cardshows.io/shops/family-pro-gaming-livonia,,not found,,
https://cardshows.io/shops/famous-faces-funnies-melbourne,,not found,,
https://cardshows.io/shops/fan-cave-indianapolis,https://www.fancave.com,guessed fancave.com,medium,"FanCave.com | Sports Cards, Trading Cards & Collectibles – Fan Cave"
https://cardshows.io/shops/fan-cave-stl-kirkwood,https://www.fancave.com,guessed fancave.com,medium,"FanCave.com | Sports Cards, Trading Cards & Collectibles – Fan Cave"
https://cardshows.io/shops/fan-favs-card-shop-hopkinsville,,not found,,
https://cardshows.io/shops/fan-hq-minnetonka,,not found,,
https://cardshows.io/shops/fan-zone-albany,,not found,,
https://cardshows.io/shops/fanaticnwasportcards-bentonville,,not found,,
https://cardshows.io/shops/fancy-way-moreno-valley,,not found,,
https://cardshows.io/shops/fans-only-sports-cards-lee-s-summit,https://fansonlysportscards.com,guessed fansonlysportscards.com,high,Fans Only Sports Cards | Lee's Summit Card Shop
https://cardshows.io/shops/fanstandrosedale-lake-elmo,,not found,,
https://cardshows.io/shops/fantastic-collectibles-manteca,,not found,,
https://cardshows.io/shops/fantasy-fortress-killeen,,not found,,
https://cardshows.io/shops/fantasy-games-south-bend,,not found,,
https://cardshows.io/shops/fantasy-sports-cards-bakersfield,,not found,,
https://cardshows.io/shops/fanzz-sports-apparel-cottonwood-albuquerque,,not found,,
https://cardshows.io/shops/fanzz-sports-apparel-lakewood,,not found,,
https://cardshows.io/shops/fanzz-sports-apparel-valley-fair-west-valley-city,,not found,,
https://cardshows.io/shops/far-harbor-gaming-wyoming,,not found,,
https://cardshows.io/shops/fargo-sports-cards-fargo,,not found,,
https://cardshows.io/shops/fast-break-trading-cards-st-cloud,https://fastbreaktradingcards.com,guessed fastbreaktradingcards.com,medium,Buy Trading Cards Australia | #1 Trading Cards Store | Fast Break Trading Cards
https://cardshows.io/shops/fastbreak-sports-springfield,https://fastbreaksports.com,guessed fastbreaksports.com,medium,New York's Youth Sports Specialists · Fastbreak Sports
https://cardshows.io/shops/fat-katz-sportscards-tcg-st-clair-shores,,not found,,
https://cardshows.io/shops/fat-packs-sports-card-hobby-amherst,,not found,,
https://cardshows.io/shops/father-and-son-sports-cards-and-memorbilia-llc-forked-river,,not found,,
https://cardshows.io/shops/father-son-sports-card-connection-llc-fort,,not found,,
https://cardshows.io/shops/father-son-sports-cards-and-collectibles-powell,,not found,,
https://cardshows.io/shops/fc-cards-coins-collectables-battle-creek,,not found,,
https://cardshows.io/shops/fearless-cards-collectibles-agawam,,not found,,
https://cardshows.io/shops/fearless-cards-toys-collectibles-east-granby,,not found,,
https://cardshows.io/shops/fenjet-sports-cards-fair-lawn,,not found,,
https://cardshows.io/shops/fenris-gaming-hall-hagerstown,https://fenrisgaminghall.com,guessed fenrisgaminghall.com,high,"Fenris Gaming | Tabletop Gaming Hall in Hagerstown, MD"
https://cardshows.io/shops/field-of-breaks-canton,https://fieldofbreaks.com,guessed fieldofbreaks.com,high,Field of Breaks | TCG & More! – Field Of Breaks
https://cardshows.io/shops/field-of-dreams-frisco,https://www.universalpicturesathome.com/movies/field-of-dreams,guessed fieldofdreams.com,medium,Field of Dreams | Universal Pictures At Home
https://cardshows.io/shops/field-of-dreams-sports-cards-hobby-shop-memorabilia-gibsonia,,not found,,
https://cardshows.io/shops/field-of-dreams-springfield,https://www.universalpicturesathome.com/movies/field-of-dreams,guessed fieldofdreams.com,medium,Field of Dreams | Universal Pictures At Home
https://cardshows.io/shops/fieldhouse-sports-cards-knoxville,,not found,,
https://cardshows.io/shops/filthbomb-breaks-sports-and-trading-cards-store-glen-cove,,not found,,
https://cardshows.io/shops/final-boss-cards-dickson-city-dickson-city,,not found,,
https://cardshows.io/shops/final-boss-games-springdale,https://finalbossgames.com,guessed finalbossgames.com,medium,Final Boss Games
https://cardshows.io/shops/final-form-cards-collectibles-dallas,,not found,,
https://cardshows.io/shops/final-form-cards-honolulu,https://www.finalformcards.com,guessed finalformcards.com,medium,Final Form Cards
https://cardshows.io/shops/final-round-game-shop-summerville,,not found,,
https://cardshows.io/shops/final-trade-arlington,,not found,,
https://cardshows.io/shops/finch-and-sparrow-games-signal-hill,https://finchandsparrowgames.com,guessed finchandsparrowgames.com,high,Finch and Sparrow Games - Southern California's Premier TCG Store
https://cardshows.io/shops/finders-keepers-cards-and-collectables-west-valley-city,,not found,,
https://cardshows.io/shops/finds-and-dives-collectibles-and-gaming-simpsonville,,not found,,
https://cardshows.io/shops/finnigans-sportscards-albany,,not found,,
https://cardshows.io/shops/fire-and-dice-trumbull,,not found,,
https://cardshows.io/shops/firefly-toys-games-columbia,,not found,,
https://cardshows.io/shops/firewall-trading-collectibles-lincoln,,not found,,
https://cardshows.io/shops/first-class-cards-st-joseph,https://www.firstclasscards.com,guessed firstclasscards.com,medium,First Class Cards - FCC First Class Cards
https://cardshows.io/shops/first-edition-finds-sterling-heights,https://first-edition.com,guessed first-edition.com,medium,Custom Screen Print & DTF Transfers | First Edition
https://cardshows.io/shops/first-form-toledo,https://www.firstform.com,guessed firstform.com,medium,First Form | Boutique Real Estate Developer & Investor
https://cardshows.io/shops/first-round-picks-canal-winchester,https://www.firstround.com,guessed firstround.com,medium,Home | First Round
https://cardshows.io/shops/first-up-sports-oxnard,,not found,,
https://cardshows.io/shops/fish-game-department-ketchikan,https://fishgame.com,guessed fishgame.com,medium,Home - FishGame
https://cardshows.io/shops/fishing-wax-south-miami,https://fishingwax.com,guessed fishingwax.com,medium,Basketball & Football Breaks - FishingWax Breaking 7 Days a Week
https://cardshows.io/shops/five-hole-franks-collection-lowell,,not found,,
https://cardshows.io/shops/five-kids-cards-collectibles-columbia,,not found,,
https://cardshows.io/shops/five-star-games-west-springfield-west-springfield,,not found,,
https://cardshows.io/shops/flagstaff-sports-cards-flagstaff,,not found,,
https://cardshows.io/shops/flamingo-fun-mart-tcg-hobby-riverdale,,not found,,
https://cardshows.io/shops/flashpoint-games-jonesville,https://flashpointgames.com,guessed flashpointgames.com,medium,FlashPoint Games
https://cardshows.io/shops/flat-earth-games-moreno-valley,,not found,,
https://cardshows.io/shops/fleets-sports-cards-collectibles-bridgeport,,not found,,
https://cardshows.io/shops/flights-2-games-hobbies-albany,,not found,,
https://cardshows.io/shops/flipside-gaming-clifton-park-clifton-park,,not found,,
https://cardshows.io/shops/flipside-gaming-east-greenbush-east-greenbush,,not found,,
https://cardshows.io/shops/florida-sports-cards-and-collectibles-boca-raton,,not found,,
https://cardshows.io/shops/flotsam-games-and-collectibles-perrysburg,,not found,,
https://cardshows.io/shops/flynns-hobby-shop-margate,,not found,,
https://cardshows.io/shops/foozetcg-harker-heights,,not found,,
https://cardshows.io/shops/for-love-of-the-hobby-sports-cards-pass-christian,,not found,,
https://cardshows.io/shops/for-the-hobby-sports-cards-eau-claire,,not found,,
https://cardshows.io/shops/forbidden-cards-and-games-oldsmar,,not found,,
https://cardshows.io/shops/forced-march-games-bentonville,,not found,,
https://cardshows.io/shops/fords-cards-coins-charlotte,,not found,,
https://cardshows.io/shops/foremantcg-collectables-palm-bay,,not found,,
https://cardshows.io/shops/forever-after-antiques-and-collectibles-bartlett,,not found,,
https://cardshows.io/shops/forever-games-columbus,https://forevergames.net,guessed forevergames.net,medium,Home - Outdoor Adventure
https://cardshows.io/shops/four-horsemen-comics-and-gaming-of-robinson-township-pittsburgh,,not found,,
https://cardshows.io/shops/four-sharp-corners-greenfield,,not found,,
https://cardshows.io/shops/fox-and-fable-games-bangor,https://foxandfablegames.com,guessed foxandfablegames.com,medium,Fox and Fable Games
https://cardshows.io/shops/fox-cities-cards-appleton,,not found,,
https://cardshows.io/shops/fp-trading-card-shop-st-petersburg,,not found,,
https://cardshows.io/shops/fragmented-nostalgia-maplewood,https://fragnos.com,guessed fragmentednostalgia.com,medium,"Fragmented Nostalgia - Remembering Yesterday, Tomorrow."
https://cardshows.io/shops/franklin-sports-cards-franklin,https://franklinsportscards.com,guessed franklinsportscards.com,high,Franklin Sports Cards Store in Franklin MA
https://cardshows.io/shops/franks-cool-stuff-salem,https://frankscoolstuff.net,guessed frankscoolstuff.net,high,_Franks Cool Stuff_
https://cardshows.io/shops/freddys-sports-cards-el-paso,,not found,,
https://cardshows.io/shops/freedom-card-grading-services-fcgs-meridian,,not found,,
https://cardshows.io/shops/freedom-hobby-and-gaming-north-canton,,not found,,
https://cardshows.io/shops/freemans-sports-cards-collectibles-huntington,,not found,,
https://cardshows.io/shops/freshpullz-sports-cards-memorabilia-peabody,,not found,,
https://cardshows.io/shops/frisson-gaming-clearfield,,not found,,
https://cardshows.io/shops/from-the-field-trading-co-helena,,not found,,
https://cardshows.io/shops/from-the-vault-liverpool,,not found,,
https://cardshows.io/shops/frontier-trading-company-tallahassee,https://frontier-trading.com,guessed frontier-trading.com,medium,"Agricultural Commodities, Ada, OK"
https://cardshows.io/shops/frost-sports-card-addicts-dickson,,not found,,
https://cardshows.io/shops/frozen-rope-sports-cards-and-memorabilia-hagerstown,,not found,,
https://cardshows.io/shops/fthobby-llc-elizabethtown,https://www.fthobby.com,guessed fthobby.com,medium,FTHobby LLC | Enhance Your Collection Today
https://cardshows.io/shops/full-art-tcg-collectibles-parma,,not found,,
https://cardshows.io/shops/fullartfiends-glendale,,not found,,
https://cardshows.io/shops/fun-stop-collectibles-trumbull,https://funstopcollectibles.com,guessed funstopcollectibles.com,medium,Fun Stop Collectibles
https://cardshows.io/shops/funagain-games-eugene,,not found,,
https://cardshows.io/shops/funky-town-collectibles-springfield,https://www.funkytownli.com,guessed funkytowncollectibles.com,high,"Funky Town | Pokémon Cards, Toys & Collectibles – Long Island"
https://cardshows.io/shops/funtime-cards-comics-collectables-llc-davenport,,not found,,
https://cardshows.io/shops/g-c-on-the-stax-greeneville,,not found,,
https://cardshows.io/shops/g-e-m-gaming-entertainment-master-stockton,,not found,,
https://cardshows.io/shops/g-rod-hobby-shop-plainfield,,not found,,
https://cardshows.io/shops/gabriella-collectibles-store-worcester,,not found,,
https://cardshows.io/shops/gainesville-collectables-gainesville,,not found,,
https://cardshows.io/shops/galactic-games-raleigh,,not found,,
https://cardshows.io/shops/galactic-plastic-toys-trading-cards-wichita,,not found,,
https://cardshows.io/shops/galaxy-games-llc-palm-bay,,not found,,
https://cardshows.io/shops/galaxy-gaming-houston,https://www.galaxygaming.com,guessed galaxygaming.com,medium,Innovative Table Games & Casino Solutions | Galaxy Gaming
https://cardshows.io/shops/galaxy-of-games-billings,,not found,,
https://cardshows.io/shops/galaxybustertcg-otisville,https://www.galaxybustertcg.com,guessed galaxybustertcg.com,high,"Buy Cheap TCG Singles | Galaxybustertcg - Otisville, MI"
https://cardshows.io/shops/gam3escape-hilo,,not found,,
https://cardshows.io/shops/gambit-cards-hobby-livonia,,not found,,
https://cardshows.io/shops/gambits-games-and-anime-portland,,not found,,
https://cardshows.io/shops/gambrillgaming-troy,https://gambrillgaming.com,guessed gambrillgaming.com,high,Home - Gambrill Gaming
https://cardshows.io/shops/game-chest-sioux-falls,,not found,,
https://cardshows.io/shops/game-citadel-bangor,https://www.gamecitadel.com,guessed gamecitadel.com,high,Game Citadel
https://cardshows.io/shops/game-corner-san-jose,https://gamecorner.com,guessed gamecorner.com,medium,Game Corner
https://cardshows.io/shops/game-corps-erie,https://kenburridge.com/top-level-domain-names-for-lease-or-purchase,guessed gamecorps.com,medium,Top Level Domain Names for Lease or Purchase - KenBurridge.com | KenBurridge.com
https://cardshows.io/shops/game-craze-cape-coral,https://www.game-craze.com,guessed game-craze.com,medium,Game Craze – www.game-craze.com
https://cardshows.io/shops/game-day-legends-huntington-beach,https://gamedaylegends.com,guessed gamedaylegends.com,medium,Game Day Legends
https://cardshows.io/shops/game-empire-san-diego,https://gameempire.com,guessed gameempire.com,high,Game Empire San Diego
https://cardshows.io/shops/game-exchange-north-little-rock,,not found,,
https://cardshows.io/shops/game-force-pokemon-card-store-aurora,,not found,,
https://cardshows.io/shops/game-grid-idaho-falls-idaho-falls,,not found,,
https://cardshows.io/shops/game-grid-layton-layton,,not found,,
https://cardshows.io/shops/game-grid-lehi-lehi,https://store.gglehi.com,guessed gamegridlehi.com,high,Game Grid Lehi - Home
https://cardshows.io/shops/game-grid-ogden-ogden,,not found,,
https://cardshows.io/shops/game-grove-hurricane,,not found,,
https://cardshows.io/shops/game-guys-tcg-houston,,not found,,
https://cardshows.io/shops/game-haven-herriman-herriman,https://yourgamehaven.com,guessed gamehaven.com,medium,Game Haven Home Page
https://cardshows.io/shops/game-haven-rochester,https://yourgamehaven.com,guessed gamehaven.com,medium,Game Haven Home Page
https://cardshows.io/shops/game-haven-sandy-sandy,https://yourgamehaven.com,guessed gamehaven.com,medium,Game Haven Home Page
https://cardshows.io/shops/game-haven-st-george-st-george,,not found,,
https://cardshows.io/shops/game-haven-west-jordan-west-jordan,,not found,,
https://cardshows.io/shops/game-heroes-arvada,,not found,,
https://cardshows.io/shops/game-kastle-austin-austin,https://gamekastle.com,guessed gamekastle.com,medium,Game Kastle
https://cardshows.io/shops/game-kastle-college-park-college-park,,not found,,
https://cardshows.io/shops/game-kastle-fremont-fremont,https://gamekastle.com,guessed gamekastle.com,medium,Game Kastle
https://cardshows.io/shops/game-kastle-greenville-taylors,https://gamekastle.com,guessed gamekastle.com,medium,Game Kastle
https://cardshows.io/shops/game-kastle-reno-reno,https://gamekastle.com,guessed gamekastle.com,medium,Game Kastle
https://cardshows.io/shops/game-kastle-santa-clara-santa-clara,,not found,,
https://cardshows.io/shops/game-knight-games-pueblo,,not found,,
https://cardshows.io/shops/game-knights-killeen,https://www.game-knights.com,guessed game-knights.com,medium,Home | Game Knights
https://cardshows.io/shops/game-master-rowlett,https://kenburridge.com/top-level-domain-names-for-lease-or-purchase,guessed gamemaster.com,medium,Top Level Domain Names for Lease or Purchase - KenBurridge.com | KenBurridge.com
https://cardshows.io/shops/game-masters-casper-casper,https://gamemasters.com,guessed gamemasters.com,medium,Front Page | GameMasters.com
https://cardshows.io/shops/game-masters-cheyenne,https://gamemasters.com,guessed gamemasters.com,medium,Front Page | GameMasters.com
https://cardshows.io/shops/game-n-trade-mania-silver-springs,https://www.gamentrademania.com,guessed gamentrademania.com,high,Home | Game N Trade Mania
https://cardshows.io/shops/game-nerdz-allen-allen,https://www.gamenerdz.com,guessed gamenerdz.com,medium,"Gamenerdz.com - Board Games, Magic The Gathering, Pokemon, Table Top Games, Dungeons & Dragons, Role Playing Games"
https://cardshows.io/shops/game-nerdz-richardson,https://www.gamenerdz.com,guessed gamenerdz.com,high,"Gamenerdz.com - Board Games, Magic The Gathering, Pokemon, Table Top Games, Dungeons & Dragons, Role Playing Games"
https://cardshows.io/shops/game-night-bartonville,,not found,,
https://cardshows.io/shops/game-nut-entertainment-mass-st-location-lawrence,,not found,,
https://cardshows.io/shops/game-nut-entertainment-topeka,https://gamenut.com,guessed gamenut.com,medium,"Game Nut Entertainment – Games, Music, Movies, and Comics"
https://cardshows.io/shops/game-o-storus-largo,https://gameostorus.com,guessed gameostorus.com,high,Game-O-Storus | Magic: The Gathering | Pokémon | Yu-Gi-Oh | TCG
https://cardshows.io/shops/game-of-cards-oviedo,https://gameofcards.com,guessed gameofcards.com,high,Game Of Cards - Homepage – Game of Cards
https://cardshows.io/shops/game-on-clifton,,not found,,
https://cardshows.io/shops/game-on-cottonwood,,not found,,
https://cardshows.io/shops/game-on-duluth,,not found,,
https://cardshows.io/shops/game-on-kearney,,not found,,
https://cardshows.io/shops/game-on-rochester,,not found,,
https://cardshows.io/shops/game-on-sports-memorabilia-southtowns-hamburg,,not found,,
https://cardshows.io/shops/game-on-warwick,,not found,,
https://cardshows.io/shops/game-outpost-mesa-mesa,https://gameoutpost.com,guessed gameoutpost.com,medium,Game Outpost
https://cardshows.io/shops/game-outpost-phoenix-phoenix,https://gameoutpost.com,guessed gameoutpost.com,medium,Game Outpost
https://cardshows.io/shops/game-outpost-tempe-tempe,https://gameoutpost.com,guessed gameoutpost.com,medium,Game Outpost
https://cardshows.io/shops/game-post-of-san-francisco-san-francisco,,not found,,
https://cardshows.io/shops/game-preserve-indianapolis,https://www.gamepreserve.com,guessed gamepreserve.com,medium,The Game Preserve
https://cardshows.io/shops/game-theory-duraleigh-raleigh,https://www.gametheory.net,guessed gametheory.net,medium,Game Theory .net - Resources for Learning and Teaching Strategy for Business and Life
https://cardshows.io/shops/game-time-cardz-winter-park,https://www.gametimecardz.com,guessed gametimecardz.com,high,Game Time Cardz Home Orlando Sports Cards
https://cardshows.io/shops/game-time-hobbies-opelika,https://gametimehobbies.com,guessed gametimehobbies.com,high,gametimehobbies.com
https://cardshows.io/shops/game-time-indianapolis,https://www.gametime.com,guessed gametime.com,medium,"GameTime | Commercial Playground Equipment, Outdoor Fitness Products, Custom Recreation Designs"
https://cardshows.io/shops/game-universe-brookfield-brookfield,https://www.game-universe.com,guessed game-universe.com,medium,Game Universe
https://cardshows.io/shops/game-vault-florida-tallahassee,,not found,,
https://cardshows.io/shops/game-vault-game-store-cafe-el-paso,,not found,,
https://cardshows.io/shops/game-x-change-brandon,https://www.gogamexchange.com,guessed gamexchange.com,medium,"Game X Change | Buy, Sell, and Trade Your Stuff"
https://cardshows.io/shops/game-x-change-conway,https://www.gogamexchange.com,guessed gamexchange.com,medium,"Game X Change | Buy, Sell, and Trade Your Stuff"
https://cardshows.io/shops/game-x-change-jackson,https://www.gogamexchange.com,guessed gamexchange.com,medium,"Game X Change | Buy, Sell, and Trade Your Stuff"
https://cardshows.io/shops/game-x-change-killeen,https://www.gogamexchange.com,guessed gamexchange.com,medium,"Game X Change | Buy, Sell, and Trade Your Stuff"
https://cardshows.io/shops/game-x-change-mckinney-mckinney,https://www.gogamexchange.com,guessed gamexchange.com,medium,"Game X Change | Buy, Sell, and Trade Your Stuff"
https://cardshows.io/shops/gamebound-video-games-llc-renton,,not found,,
https://cardshows.io/shops/gamechanger-sports-cards-fargo,,not found,,
https://cardshows.io/shops/gameday-scents-fridley,http://www.gameday.com,guessed gameday.com,medium,gameday.com
https://cardshows.io/shops/gameday-sports-cards-las-vegas-las-vegas,,not found,,
https://cardshows.io/shops/gameday-sports-cards-little-rock-little-rock,,not found,,
https://cardshows.io/shops/gameday-sports-cards-mavericks-las-vegas,,not found,,
https://cardshows.io/shops/gameday-sports-memorabilia-gresham,https://gamedaysportsmemorabilia.com,guessed gamedaysportsmemorabilia.com,medium,Gameday Sports Memorabilia | Authenticated Collectibles
https://cardshows.io/shops/gameday-sportscards-morgantown,,not found,,
https://cardshows.io/shops/gamefellas-trading-cards-and-video-games-austin,,not found,,
https://cardshows.io/shops/gamemaster-springfield,https://kenburridge.com/top-level-domain-names-for-lease-or-purchase,guessed gamemaster.com,medium,Top Level Domain Names for Lease or Purchase - KenBurridge.com | KenBurridge.com
https://cardshows.io/shops/gameology-upland,,not found,,
https://cardshows.io/shops/gameon-clinton-township,,not found,,
https://cardshows.io/shops/gameopolis-idaho-falls,,not found,,
https://cardshows.io/shops/gameplay-ontario-ontario,,not found,,
https://cardshows.io/shops/gamequest-amarillo,http://ww547.gamequestamarillo.com,guessed gamequestamarillo.com,medium,game quest amarillo
https://cardshows.io/shops/gamers-asylum-ogden,,not found,,
https://cardshows.io/shops/gamers-choice-long-island-city,https://gamerschoice.com,guessed gamerschoice.com,medium,Gamer's Choice
https://cardshows.io/shops/gamers-command-brandon,https://www.gamerscommand.com,guessed gamerscommand.com,medium,The Gamers' Command
https://cardshows.io/shops/gamers-corps-jacksonville-fl-fruit-cove,,not found,,
https://cardshows.io/shops/gamers-cove-phoenix,https://gamerscove.net,guessed gamerscove.net,medium,Gamers Cove
https://cardshows.io/shops/gamers-gauntlet-clinton-township,https://www.gamersgauntlet.net,guessed gamersgauntlet.net,high,Gamer's Gauntlet
https://cardshows.io/shops/gamers-getaway-kc-independence,https://gamersgetawaykc.com,guessed gamersgetawaykc.com,medium,Gamers Getaway KC
https://cardshows.io/shops/gamers-guild-az-tempe-tempe,https://www.gamersguildusa.com,guessed gamersguildaz.com,medium,"Gamers Guild USA - Board Games, Warhammer, Hobby, Pokemon, MTG, TCG – Gamers Guild AZ"
https://cardshows.io/shops/gamers-guild-boulder,,not found,,
https://cardshows.io/shops/gamers-guild-sc-hanahan,,not found,,
https://cardshows.io/shops/gamers-guild-spring-lake,,not found,,
https://cardshows.io/shops/gamers-haven-colorado-springs,,not found,,
https://cardshows.io/shops/gamers-haven-llc-jonesboro,,not found,,
https://cardshows.io/shops/gamers-haven-parma-heights,,not found,,
https://cardshows.io/shops/gamers-loot-indianapolis,,not found,,
https://cardshows.io/shops/gamers-n-geeks-mobile,https://gamersngeeks.com,guessed gamersngeeks.com,high,Gamers N Geeks | Gamers N Geeks
https://cardshows.io/shops/gamers-paradise-llc-baton-rouge,https://gamersparadise.com,guessed gamersparadise.com,medium,Gamers Paradise – Extreme Gaming Experience
https://cardshows.io/shops/gamers-rest-muncie,,not found,,
https://cardshows.io/shops/gamers-world-aurora,,not found,,
https://cardshows.io/shops/gamers-world-gurnee,,not found,,
https://cardshows.io/shops/gamers-xp-shreveport,,not found,,
https://cardshows.io/shops/gamerworld-stockton,,not found,,
https://cardshows.io/shops/games-1-davenport,,not found,,
https://cardshows.io/shops/games-4-less-tallahassee,https://games4.com,guessed games4.com,medium,Games4 - Play Free Online Games on Mobile and PC
https://cardshows.io/shops/games-and-cards-superstore-eagle-rock,,not found,,
https://cardshows.io/shops/games-by-james-air-traffic-toys-st-cloud,,not found,,
https://cardshows.io/shops/games-by-james-bloomington,https://gamesbyjames.com/index.php,guessed gamesbyjames.com,medium,Games By James | Home
https://cardshows.io/shops/games-by-james-eau-claire,https://gamesbyjames.com/index.php,guessed gamesbyjames.com,high,Games By James | Home
https://cardshows.io/shops/games-by-james-minnetonka,https://gamesbyjames.com/index.php,guessed gamesbyjames.com,medium,Games By James | Home
https://cardshows.io/shops/games-by-james-rochester,https://gamesbyjames.com/index.php,guessed gamesbyjames.com,medium,Games By James | Home
https://cardshows.io/shops/games-explosion-springdale,,not found,,
https://cardshows.io/shops/games-king-sioux-city,,not found,,
https://cardshows.io/shops/games-of-concord-concord,,not found,,
https://cardshows.io/shops/games-of-fremont-fremont,https://www.gamesoffremont.com,guessed gamesoffremont.com,high,Games of Fremont
https://cardshows.io/shops/games-unplugged-midlothian,,not found,,
https://cardshows.io/shops/games-workshop-franklin,,not found,,
https://cardshows.io/shops/games-workshop-kent,,not found,,
https://cardshows.io/shops/games4us-rialto,,not found,,
https://cardshows.io/shops/gamescape-mt-vernon,https://www.gamescape.com,guessed gamescape.com,medium,Gamescape
https://cardshows.io/shops/gamescape-san-francisco,https://www.gamescape.com,guessed gamescape.com,medium,Gamescape
https://cardshows.io/shops/gamescape-tallahassee,https://www.gamescape.com,guessed gamescape.com,medium,Gamescape
https://cardshows.io/shops/gamesirl-avon,https://gamesirl.com,guessed gamesirl.com,high,gamesIRL
https://cardshows.io/shops/gametime-authentics-corpus,https://www.gametime.com,guessed gametime.com,medium,"GameTime | Commercial Playground Equipment, Outdoor Fitness Products, Custom Recreation Designs"
https://cardshows.io/shops/gametime-fan-store-aurora,,not found,,
https://cardshows.io/shops/gametime-hobby-shop-santa-clara,https://gametimehobbyshop.com,guessed gametimehobbyshop.com,high,Collector’s Club | Collectibles | Trading Cards | TCG | Video Games |
https://cardshows.io/shops/gametime-sports-cards-collectables-albuquerque,,not found,,
https://cardshows.io/shops/gametown-waukesha,,not found,,
https://cardshows.io/shops/gamezenter-roseville,https://gamezenter.com,guessed gamezenter.com,medium,Gamezenter
https://cardshows.io/shops/gaming-underground-llc-archdale,https://gamingunderground.org,guessed gaming-underground.com,medium,GamingUnderground | The multi-game marketplace
https://cardshows.io/shops/gardi-zard-cards-waukegan,,not found,,
https://cardshows.io/shops/garys-shop-lemoyne,,not found,,
https://cardshows.io/shops/garys-sports-cards-scranton,,not found,,
https://cardshows.io/shops/gate-city-games-pocatello,https://gatecitygames.us,guessed gatecitygames.com,high,Gate City Games LLC
https://cardshows.io/shops/gate-city-geeks-kernersville,,not found,,
https://cardshows.io/shops/gatehouse-games-altoona,https://www.gatehouse-games.com,guessed gatehouse-games.com,medium,Gatehouse Games
https://cardshows.io/shops/gateway-games-ketchikan,https://www.gateway-games.com,guessed gateway-games.com,medium,Gateway Games
https://cardshows.io/shops/gather-game-buffalo,,not found,,
https://cardshows.io/shops/gather-round-games-fairlawn,https://www.gatherroundgames.com,guessed gatherroundgames.com,medium,Gather Round Games
https://cardshows.io/shops/gathering-games-and-hobbies-pocatello,,not found,,
https://cardshows.io/shops/gathering-grounds-portland,,not found,,
https://cardshows.io/shops/gatlinburg-sports-cards-gatlinburg,,not found,,
https://cardshows.io/shops/gatorpatch-gainesville,https://www.gatorpatch.com,guessed gatorpatch.com,medium,GatorPatch
https://cardshows.io/shops/gauntlet-games-lincoln,,not found,,
https://cardshows.io/shops/gayas-cradle-east-providence,https://www.gayascradle.com,guessed gayascradle.com,high,Game Store in East Providence RI | Gaya’s Cradle | Gaya's Cradle
https://cardshows.io/shops/gear-gaming-bentonville-bentonville,https://www.geargaming.com,guessed geargaming.com,medium,Gear Gaming – Gear Gaming Bham
https://cardshows.io/shops/gear-gaming-birmingham,https://www.geargaming.com,guessed geargaming.com,medium,Gear Gaming – Gear Gaming Bham
https://cardshows.io/shops/gear-gaming-fayetteville-fayetteville,https://www.geargaming.com,guessed geargaming.com,medium,Gear Gaming – Gear Gaming Bham
https://cardshows.io/shops/geek-city-games-north-liberty,,not found,,
https://cardshows.io/shops/geek-fortress-snohomish,,not found,,
https://cardshows.io/shops/geek-shack-las-cruces,,not found,,
https://cardshows.io/shops/geekadrome-games-and-comics-pittsburgh,,not found,,
https://cardshows.io/shops/geekd-orlando-orlando,,not found,,
https://cardshows.io/shops/geekery-games-flagstaff,https://geekerygames.com,guessed geekerygames.com,medium,"Geekery Games - MTG, Warhammer, Pokemon & More"
https://cardshows.io/shops/geekme-albany,,not found,,
https://cardshows.io/shops/geeksphere-wichita,,not found,,
https://cardshows.io/shops/geektopia-rochester,,not found,,
https://cardshows.io/shops/geeky-villain-tabletop-gaming-more-everett,,not found,,
https://cardshows.io/shops/geekz-haven-dothan,,not found,,
https://cardshows.io/shops/geezy-collects-phoenix,,not found,,
https://cardshows.io/shops/gem-10-card-shop-taylor,,not found,,
https://cardshows.io/shops/gem-city-collects-sports-cards-memorabilia-fairborn,,not found,,
https://cardshows.io/shops/gem-city-games-washington-township,https://www.gemcitygames.com,guessed gemcitygames.com,medium,"Gem City Games - Your Card Game Store Carrying Magic the Gathering in Dayton, Ohio"
https://cardshows.io/shops/gem-mint-cardhouse-sugar-land,https://www.gem-mint.com,guessed gem-mint.com,medium,Gem-Mint Collection and Displays – GemMint
https://cardshows.io/shops/gem-mint-el-paso,https://www.gem-mint.com,guessed gem-mint.com,medium,Gem-Mint Collection and Displays – GemMint
https://cardshows.io/shops/gem-mint-twins-sports-cards-wilmington,https://gemminttwinssportscards.com,guessed gemminttwinssportscards.com,high,Gem Mint Twins Sports Cards - Home
https://cardshows.io/shops/gemmint-com-davie,,not found,,
https://cardshows.io/shops/generation-otaku-wilmington,,not found,,
https://cardshows.io/shops/generation-sports-cards-and-more-muncie,https://generationsportscards.com,guessed generationsportscards.com,high,"Generation Sports Cards and More — Muncie, Indiana card shop"
https://cardshows.io/shops/generations-hobby-shop-superior,,not found,,
https://cardshows.io/shops/generationtcg-pompano-beach,https://generationtcg.com,guessed generationtcg.com,medium,GenerationTCG
https://cardshows.io/shops/geoff-games-maplewood,,not found,,
https://cardshows.io/shops/george-peps-baseball-cards-quincy,,not found,,
https://cardshows.io/shops/gergen-hobbies-albany,,not found,,
https://cardshows.io/shops/get-excited-cards-collectibles-billings,,not found,,
https://cardshows.io/shops/get-some-game-charlotte,https://www.getsomegame.com,guessed getsomegame.com,high,GetSomeGame — Charlotte's premium card shop.
https://cardshows.io/shops/get-your-fun-on-melbourne,https://getyourfunon.com,guessed getyourfunon.com,high,Home
https://cardshows.io/shops/gg-cards-breaks-syracuse,,not found,,
https://cardshows.io/shops/gg-hobby-card-aventura,https://gghobbycard.com,guessed gghobbycard.com,high,"GG Hobby — Pokemon & Sports Cards Shop | Aventura, FL"
https://cardshows.io/shops/ghost-events-and-gaming-denver,,not found,,
https://cardshows.io/shops/gi-card-shop-grand-island,,not found,,
https://cardshows.io/shops/giant-sports-cards-alpharetta,https://giantsportscards.com,guessed giantsportscards.com,high,Sports Card Store | Newest Releases | Giant Sports Cards
https://cardshows.io/shops/giant-sports-cards-gainesville,https://giantsportscards.com,guessed giantsportscards.com,high,Sports Card Store | Newest Releases | Giant Sports Cards
https://cardshows.io/shops/ginger-kid-collectibles-athens,,not found,,
https://cardshows.io/shops/ginza-marketplace-ann-arbor,,not found,,
https://cardshows.io/shops/gizmos-sportscards-rockford,https://www.gizmossportscards.com,guessed gizmossportscards.com,high,"Baseball Cards | Sports Collectibles | Rockford, IL"
https://cardshows.io/shops/glacier-games-anchorage,,not found,,
https://cardshows.io/shops/global-authentics-llc-carlsbad,https://globalauthentics.com,guessed globalauthentics.com,high,Global Authentics LLC - Autograph Authentication
https://cardshows.io/shops/globall-sports-jensen-beach,,not found,,
https://cardshows.io/shops/glorious-games-goods-shepherdsville,,not found,,
https://cardshows.io/shops/glory-dayz-sports-cards-broken-arrow,,not found,,
https://cardshows.io/shops/gmi-games-riverside,,not found,,
https://cardshows.io/shops/gnj-cards-modesto,,not found,,
https://cardshows.io/shops/gnome-games-appleton-east-appleton,https://gnomegames.com,guessed gnomegames.com,high,Gnome Games – Gnome Games
https://cardshows.io/shops/gnome-games-appleton-north-appleton,https://gnomegames.com,guessed gnomegames.com,medium,Gnome Games – Gnome Games
https://cardshows.io/shops/gnome-games-green-bay-east-green-bay,,not found,,
https://cardshows.io/shops/gnome-games-green-bay-west-green-bay,,not found,,
https://cardshows.io/shops/go-4-games-metairie,https://go4games.net,guessed go4games.net,medium,Go4Games Casino ™ - 200 FS + 200% Welcome Offer
https://cardshows.io/shops/go-yard-sports-cards-arvada,,not found,,
https://cardshows.io/shops/goalpost-sports-cards-wakefield,https://www.goalpostsportscards.com,guessed goalpostsportscards.com,high,Sports Cards | Goalpost Sports Cards | Wakefield
https://cardshows.io/shops/goat-chaser-cards-kaysville,,not found,,
https://cardshows.io/shops/goated-collectibles-peabody,https://goatedcollectibles.com,guessed goatedcollectibles.com,high,Goated Collectibles - Shop Vintage to Modern Comics and Funko Pops!
https://cardshows.io/shops/gob-retail-clawson,http://gobretail.com,guessed gobretail.com,high,GOB Retail - Michigan's Largest Game and Comic Store.
https://cardshows.io/shops/goback-gaming-fresno,https://www.gobackgaming.com,guessed gobackgaming.com,medium,GoBack Gaming
https://cardshows.io/shops/goblet-tcg-newport,https://goblettcg.com,guessed goblettcg.com,high,Goblet TCG
https://cardshows.io/shops/goblin-games-fair-haven,,not found,,
https://cardshows.io/shops/goblin-games-hobby-bolingbrook,,not found,,
https://cardshows.io/shops/goblin-games-manhattan,,not found,,
https://cardshows.io/shops/goblin-town-games-pocatello,https://www.goblintowngames.com,guessed goblintowngames.com,medium,Goblin Town Games - Goblin Town Games
https://cardshows.io/shops/goblins-of-the-gorge-gresham,https://www.troutdalegames.com/goblins-of-the-gorge,guessed goblinsofthegorge.com,high,Welcome to Goblins of the Gorge! - Goin' Gaming / Discs & Dice
https://cardshows.io/shops/gods-monsters-orlando,https://www.godsmonsters.com,guessed godsmonsters.com,medium,The Biblyon Broadsheet
https://cardshows.io/shops/goin-gaming-troutdale,https://goingaming.com,guessed goingaming.com,high,Goin’ Gaming | In-Store Gaming & Online Ordering | Troutdale
https://cardshows.io/shops/gold-record-outlet-cape-coral,https://goldrecordoutlet.com,guessed goldrecordoutlet.com,medium,Gold Record Outlet 24kt Gold Record and CD Display Plaques
https://cardshows.io/shops/gold-rush-coin-and-jewelry-dover,,not found,,
https://cardshows.io/shops/golden-gate-games-san-francisco,https://golden-gate-games.com,guessed golden-gate-games.com,high,Golden Gate Games
https://cardshows.io/shops/golden-glove-sports-cards-owensboro,,not found,,
https://cardshows.io/shops/golden-grading-baton,https://goldengrading.com,guessed goldengrading.com,medium,"Golden Grading – Premium card grading services, starting at just $3 a card."
https://cardshows.io/shops/golden-keep-game-co-louisville,,not found,,
https://cardshows.io/shops/golden-rhino-games-ypsilanti,https://goldenrhinogames.com,guessed goldenrhinogames.com,high,Golden Rhino Games
https://cardshows.io/shops/golden-state-tcg-roseville,,not found,,
https://cardshows.io/shops/goldenrod-city-collectibles-twin-lakes,,not found,,
https://cardshows.io/shops/golem-games-north-miami-beach,https://golemgames.co,guessed golemgames.net,high,Golem Games | Miami Game Shop | Buy Collectibles Online
https://cardshows.io/shops/gongaii-games-beaverton,,not found,,
https://cardshows.io/shops/good-game-cafe-flagstaff,https://www.goodgamestudios.com,guessed goodgame.com,medium,Goodgame Studios
https://cardshows.io/shops/good-game-collectibles-la-mirada,,not found,,
https://cardshows.io/shops/good-games-chicago-chicago,https://goodgames.com,guessed goodgames.com,medium,"Commercial Printing Company in Pascagoula, MS | Goodgames, Inc."
https://cardshows.io/shops/good-games-indianapolis-indianapolis,https://goodgames.com,guessed goodgames.com,medium,"Commercial Printing Company in Pascagoula, MS | Goodgames, Inc."
https://cardshows.io/shops/goodsports-sports-cards-memorabilia-edwardsville,,not found,,
https://cardshows.io/shops/goosepoop-games-portland,https://goosepoopgames.com,guessed goosepoopgames.com,medium,"Goosepoop Games | Indie Tabletop RPGs, Zines & Board Games"
https://cardshows.io/shops/gootzy-gaming-altoona,https://gootzygaming.com,guessed gootzygaming.com,high,"Gootzy Gaming - Tabletop Gaming Store - Altoona, PA"
https://cardshows.io/shops/gopher-games-urbana,https://gophergames.co,guessed gopher-games.com,medium,My Store
https://cardshows.io/shops/gotbaseballcards-sports-card-store-psa-grading-services-loganville,,not found,,
https://cardshows.io/shops/gotcha-anime-ripon-ripon,,not found,,
https://cardshows.io/shops/gotta-getem-collectables-virginia-beach,,not found,,
https://cardshows.io/shops/gotta-grab-em-all-card-disc-shop-forest,,not found,,
https://cardshows.io/shops/gotz-a-lot-of-games-parma,,not found,,
https://cardshows.io/shops/gp1-sports-arlington,,not found,,
https://cardshows.io/shops/gq-sports-rockford,https://www.gq.com/gqsports,guessed gqsports.com,medium,GQ Sports | GQ
https://cardshows.io/shops/graceful-gaming-clarksville,https://gracefulgaming.com,guessed gracefulgaming.com,high,Graceful Gaming
https://cardshows.io/shops/graded-vault-hagerstown,https://gradedvault.com,guessed gradedvault.com,high,"Graded Vault | Pokémon, Sports Cards, PSA Grading & TCG Collectibles"
https://cardshows.io/shops/graden-cards-llc-madison,https://gradencards.com,guessed gradencards.com,medium,Graden Cards | Premium Sports Cards & Grading
https://cardshows.io/shops/gradeplustrade-naperville,https://gradeplustrade.com,guessed gradeplustrade.com,medium,GradePlusTrade
https://cardshows.io/shops/graffiti-games-ozark,https://www.graffitigames.com,guessed graffitigames.com,medium,Graffiti Games – A global full-service video game publisher and distributor
https://cardshows.io/shops/grail-collectibles-chandler,https://grailcollectibles.com,guessed grailcollectibles.com,medium,"Grail Collectibles | Rare Sports Cards, Auctions & True Grails"
https://cardshows.io/shops/gramas-junque-shoppe-tallahassee,,not found,,
https://cardshows.io/shops/grand-grails-sports-evansville,,not found,,
https://cardshows.io/shops/grand-line-collectibles-blountville,https://grandlinecollectibles.com,guessed grandlinecollectibles.com,high,Home | Grand Line Collectibles - Your Hobby Store
https://cardshows.io/shops/grand-rapids-sports-cards-grand-rapids,,not found,,
https://cardshows.io/shops/grand-slam-cards-rock-hill-rock-hill,,not found,,
https://cardshows.io/shops/grand-slam-collectibles-murfreesboro,https://grandslamcollectibles.com,guessed grandslamcollectibles.com,medium,Grand Slam Collectibles
https://cardshows.io/shops/grand-slam-sports-cards-comic-loveland,,not found,,
https://cardshows.io/shops/grand-slam-sports-cards-games-athens,,not found,,
https://cardshows.io/shops/grand-slam-sports-cards-idaho-nampa,,not found,,
https://cardshows.io/shops/grand-slam-sports-shop-sterling-heights,,not found,,
https://cardshows.io/shops/grandads-cards-lexington,https://grandadscards.com,guessed grandadscards.com,medium,Home - Grandad's Cards
https://cardshows.io/shops/grandline-games-summerville,,not found,,
https://cardshows.io/shops/grandmaster-games-boulder-co-boulder,https://www.grandmastergames.net,guessed grandmastergames.net,medium,Grandmaster Games
https://cardshows.io/shops/grandmaster-games-indianapolis,https://www.grandmastergames.net,guessed grandmastergames.net,medium,Grandmaster Games
https://cardshows.io/shops/grannys-pokehutch-jackson,,not found,,
https://cardshows.io/shops/grave-troll-games-nashua,https://gravetrollgames.com,guessed gravetrollgames.com,medium,Grave-Troll Games
https://cardshows.io/shops/gravity-games-huntsville,https://gravitygames.net,guessed gravitygames.net,medium,Gravity Games
https://cardshows.io/shops/gray-gauntlet-games-indianapolis,https://graygauntletgames.com,guessed graygauntletgames.com,medium,Gray Gauntlet Games
https://cardshows.io/shops/gray-grading-service-owensboro,,not found,,
https://cardshows.io/shops/gray-knight-games-ogden,https://www.grayknightgames.com,guessed grayknightgames.com,medium,Gray Knight Games | Tabletop Games
https://cardshows.io/shops/graybos-sports-cards-richmond,https://graybos.co,guessed graybossportscards.com,high,Graybo's Sports Cards
https://cardshows.io/shops/great-american-sports-cards-bakersfield,https://www.greatamericansportscards.com,guessed greatamericansportscards.com,high,Great American Sports Cards
https://cardshows.io/shops/great-escape-games-inc-sacramento,,not found,,
https://cardshows.io/shops/great-escape-gaming-flint,,not found,,
https://cardshows.io/shops/great-lakes-sports-cards-buffalo,https://greatlakessportscards.com,guessed greatlakessportscards.com,medium,Great Lakes Sports Cards
https://cardshows.io/shops/great-lakes-trading-cards-st-paul,https://greatlakestradingcards.com,guessed greatlakestradingcards.com,medium,Great Lakes Trading Cards
https://cardshows.io/shops/great-river-collectibles-quincy,,not found,,
https://cardshows.io/shops/green-bay-city-cards-green-bay,,not found,,
https://cardshows.io/shops/green-dragon-inc-charleston,https://greendragon.com,guessed greendragon.com,medium,Green Dragon Dispensary | Best Colorado Cannabis Dispensary Locations
https://cardshows.io/shops/green-mountain-sports-cards-gaming-essex-junction,,not found,,
https://cardshows.io/shops/greenlight-cards-and-collectibles-clinton-township,,not found,,
https://cardshows.io/shops/greensquad-cards-collectibles-gary,,not found,,
https://cardshows.io/shops/greentree-sports-cards-pittsburgh,,not found,,
https://cardshows.io/shops/gregs-games-hamilton-township,https://www.gregsgames.com,guessed gregsgames.com,medium,Greg's Games - Greg's Games
https://cardshows.io/shops/gretna-sports-cards-gretna,https://www.gretnasportscards.com,guessed gretnasportscards.com,high,Home | Gretna Sports Cards
https://cardshows.io/shops/grey-duck-games-toys-maple-grove,,not found,,
https://cardshows.io/shops/griffons-lair-game-shop-ccg-rpgs-board-games-erie,,not found,,
https://cardshows.io/shops/griffons-lair-ii-wargames-miniatures-shop-erie,,not found,,
https://cardshows.io/shops/grimscrusade-gaming-jackson,,not found,,
https://cardshows.io/shops/grindcityripz-bartlett,,not found,,
https://cardshows.io/shops/grip-it-n-rip-it-west-bridgewater,,not found,,
https://cardshows.io/shops/gripnrip-kc-bonner-springs,https://www.gripnripkc.com,guessed gripnripkc.com,high,Hobby Shop | Grip’n’rip Kc | Bonner Springs
https://cardshows.io/shops/grognard-games-batavia-batavia,https://grognardgames.com,guessed grognardgames.com,medium,Grognard Games
https://cardshows.io/shops/ground-zero-comics-strongsville,https://www.groundzerocomics.com,guessed groundzerocomics.com,medium,Ground Zero Comics – More awesome than your browser has room for
https://cardshows.io/shops/grubbmasters-card-shop-bowling-green,,not found,,
https://cardshows.io/shops/guardian-games-aloha-aloha,https://www.guardiangames.com,guessed guardiangames.com,medium,Guardian Games
https://cardshows.io/shops/guardian-games-kennewick,https://www.guardiangames.com,guessed guardiangames.com,high,Guardian Games
https://cardshows.io/shops/guild-gaming-jacksonville,,not found,,
https://cardshows.io/shops/guild-vault-games-clarksville,,not found,,
https://cardshows.io/shops/guildhall-anime-game-lounge-coconut-creek,,not found,,
https://cardshows.io/shops/guildhall-games-durham,,not found,,
https://cardshows.io/shops/gulf-coast-cards-sports-biloxi,,not found,,
https://cardshows.io/shops/gulf-coast-cards-sports-cards-comic-books-magic-cards-hattiesburg,,not found,,
https://cardshows.io/shops/gulf-coast-cards-sports-mobile,,not found,,
https://cardshows.io/shops/gulf-coast-hobby-spanish-fort-spanish-fort,,not found,,
https://cardshows.io/shops/guubuu-hobby-snellville,https://guubuuhobby.com,guessed guubuuhobby.com,medium,GuuBuu Hobby
https://cardshows.io/shops/guy-on-the-couch-cards-gaming-monroeville,,not found,,
https://cardshows.io/shops/guys-with-hats-llc-stamford,,not found,,
https://cardshows.io/shops/gxgamers-los-angeles,,not found,,
https://cardshows.io/shops/h-r-sports-cards-comics-sacramento,,not found,,
https://cardshows.io/shops/h-town-games-more-jacinto-city,,not found,,
https://cardshows.io/shops/hadleys-cards-coins-springfield,,not found,,
https://cardshows.io/shops/haha-anime-and-games-mid-rivers-mall-st-peters,,not found,,
https://cardshows.io/shops/haiku-pop-gaming-collectibles-moreno-valley,,not found,,
https://cardshows.io/shops/halcyon-games-spring,,not found,,
https://cardshows.io/shops/halflings-hideout-pittsburgh,,not found,,
https://cardshows.io/shops/halftime-cards-llc-iselin,,not found,,
https://cardshows.io/shops/hall-of-fame-cards-collectibles-potomac,,not found,,
https://cardshows.io/shops/hall-of-fame-collectibles-mesa,,not found,,
https://cardshows.io/shops/hall-of-frames-sports-collectibles-utica,,not found,,
https://cardshows.io/shops/halucha-hobbies-ferndale,,not found,,
https://cardshows.io/shops/ham-house-sports-wilmington,https://www.mattham.com/hamhousesports,guessed hamhousesports.com,medium,Ham House Sports - Matt Ham
https://cardshows.io/shops/hammerhead-games-sacramento,https://www.hammerheadgames.net,guessed hammerheadgames.net,high,"Hammerhead Games, Sacramento's Premier Local Game Store"
https://cardshows.io/shops/hangar-18-hobbies-cary,,not found,,
https://cardshows.io/shops/hapas-collectibles-haven-llc-dba-the-fan-stand-north-las-vegas,,not found,,
https://cardshows.io/shops/happy-8-collectibles-gurnee,,not found,,
https://cardshows.io/shops/happy-face-trends-collectables-los-angeles,,not found,,
https://cardshows.io/shops/harpers-bazaar-oakland,https://www.harpersbazaar.com,guessed harpersbazaar.com,medium,"Harper's BAZAAR - Your Source for Fashion Trends, Beauty Tips, Pop Culture News, and Celebrity Style"
https://cardshows.io/shops/hartville-sports-cards-hartville,,not found,,
https://cardshows.io/shops/hasbeen-collectible-toys-comics-wilbraham,,not found,,
https://cardshows.io/shops/hass-thrift-collectibles-quincy,,not found,,
https://cardshows.io/shops/hastur-games-midvale,https://www.hasturgames.com,guessed hasturgames.com,high,Hastur Games
https://cardshows.io/shops/hasty-goblin-games-bloomfield,https://www.hastygoblingames.com,guessed hastygoblingames.com,medium,Hasty Goblin Games – Hasty Goblin Games
https://cardshows.io/shops/haven-games-nixa,https://haven-games.com,guessed haven-games.com,high,Haven Games
https://cardshows.io/shops/hawkazon-trading-co-waterloo,,not found,,
https://cardshows.io/shops/hawkeye-fan-shop-iowa-city,https://hawkeyefanshop.com,guessed hawkeyefanshop.com,medium,Welcome to the Official Hawkeye Fan Shop
https://cardshows.io/shops/hb-cards-valparaiso,,not found,,
https://cardshows.io/shops/hbz-sports-cards-kingsport,,not found,,
https://cardshows.io/shops/hdlegacy-erie,,not found,,
https://cardshows.io/shops/headleys-card-shop-tupelo,,not found,,
https://cardshows.io/shops/headline-sports-houston,,not found,,
https://cardshows.io/shops/health-points-tcg-fresno,,not found,,
https://cardshows.io/shops/heart-of-the-game-buffalo,https://www.heartofthegame.net,guessed heartofthegame.net,medium,Home | First Aid Training S
https://cardshows.io/shops/hearthside-games-west-jordan,,not found,,
https://cardshows.io/shops/heavens-draw-garland,,not found,,
https://cardshows.io/shops/heavy-meta-gaming-louisville,,not found,,
https://cardshows.io/shops/hellspawn-toys-n-collectibles-bakersfield,https://hellspawntoysncollectibles.com,guessed hellspawntoysncollectibles.com,high,Hellspawn Toys N Collectibles
https://cardshows.io/shops/heroes-and-games-columbus,https://heroesandgames.com,guessed heroesandgames.com,high,Heroes and Games
https://cardshows.io/shops/heroes-and-horrors-games-windsor,https://www.heroesandhorrorsgames.com,guessed heroesandhorrorsgames.com,high,Welcome to Heroes and Horrors Games and Comics! - Heroes & Horrors Games
https://cardshows.io/shops/heroes-collectables-houston,https://heroescollectables.com,guessed heroescollectables.com,high,"Heroes Collectables - Trading Card Games - Houston, Texas"
https://cardshows.io/shops/heroes-hideout-of-sumter-sumter,,not found,,
https://cardshows.io/shops/heroes-hideout-san-antonio,https://heroes.com,guessed heroes.com,medium,"HEROES.com | Tumblers, Coffee, Hats & Wellness Gear | Give Back"
https://cardshows.io/shops/heroes-magic-and-sports-cards-rapid-city,,not found,,
https://cardshows.io/shops/heros-journey-mt-jackson,https://hero.darrenhardy.com,guessed herosjourney.com,medium,Hero's Journey
https://cardshows.io/shops/hex-holo-gaming-martins-ferry,,not found,,
https://cardshows.io/shops/hextechsupply-hartford,,not found,,
https://cardshows.io/shops/hey-its-a-card-shop-jackson,,not found,,
https://cardshows.io/shops/hey-wanna-play-inc-plantation,,not found,,
https://cardshows.io/shops/hi-5-cards-and-memorabilia-des-moines,,not found,,
https://cardshows.io/shops/hi5-cards-and-collectibles-bloomington,,not found,,
https://cardshows.io/shops/hicollector-honolulu,https://www.hicollector.com,guessed hicollector.com,high,www.hicollector.com – Specialists in all things collectibles – from comics and sportscards to Action Figures and Barbies
https://cardshows.io/shops/hidden-alley-gaming-allegan,,not found,,
https://cardshows.io/shops/hidden-collectibles-cypress,,not found,,
https://cardshows.io/shops/hidden-collectibles-orange,,not found,,
https://cardshows.io/shops/hidden-collectibles-ripon,,not found,,
https://cardshows.io/shops/hidden-discoveries-stockton,https://hiddendiscoveries.com,guessed hiddendiscoveries.com,medium,Hidden Discoveries
https://cardshows.io/shops/hidden-gem-sports-collectibles-hackettstown,,not found,,
https://cardshows.io/shops/hidden-gems-card-shop-shelby-township,https://www.hiddengemscardshop.com,guessed hiddengemscardshop.com,high,"Hidden Gems Sports Cards, TCG and Memorabilia – Hidden Gems Card Shop"
https://cardshows.io/shops/hidden-tcg-cards-killeen,,not found,,
https://cardshows.io/shops/hidden-treasure-gaming-gresham,https://www.hiddentreasuregaming.com,guessed hiddentreasuregaming.com,medium,Hidden Treasure Gaming
https://cardshows.io/shops/hidden-treasures-lombard,,not found,,
https://cardshows.io/shops/hidden-vault-games-rogers,https://hiddenvaultgames.com,guessed hiddenvaultgames.com,medium,Hidden Vault Games
https://cardshows.io/shops/high-roller-football-cards-columbus,,not found,,
https://cardshows.io/shops/high-score-trading-nampa,,not found,,
https://cardshows.io/shops/high-tide-sports-tuscaloosa,,not found,,
https://cardshows.io/shops/highplains-trading-cards-cheyenne,,not found,,
https://cardshows.io/shops/hill-city-collectibles-lynchburg,https://hillcitycollectibles.com,guessed hillcitycollectibles.com,medium,Hill City Collectibles | Hill City Collectibles HOME
https://cardshows.io/shops/hill-top-tcg-ogden,,not found,,
https://cardshows.io/shops/hilltop-card-haven-hampstead,,not found,,
https://cardshows.io/shops/hilltop-comics-sportscards-killen,,not found,,
https://cardshows.io/shops/hilltop-gifts-fremont,https://hilltopgifts.com,guessed hilltopgifts.com,medium,"Hilltop Gifts | Personalized Gifts, Keepsakes and Custom Apparel"
https://cardshows.io/shops/hit-kings-sports-cards-cincinnati,,not found,,
https://cardshows.io/shops/hit-n-run-sports-cards-and-pokemon-purcellville,https://hitnrunsportscards.com,guessed hitnrunsportscards.com,medium,Hit N Run Sports Cards
https://cardshows.io/shops/hit-parade-tonawanda,,not found,,
https://cardshows.io/shops/hit-seekers-sports-cards-fort-mitchell,,not found,,
https://cardshows.io/shops/hitbypitchcards-gainesville,,not found,,
https://cardshows.io/shops/hitman-rips-sports-cards-las-vegas,,not found,,
https://cardshows.io/shops/hitmen-sports-cards-collectibles-forest-hill,,not found,,
https://cardshows.io/shops/hitnruncards-meridian,,not found,,
https://cardshows.io/shops/hits-and-holos-watertown,https://hitsandholos.com,guessed hitsandholos.com,high,Hits and Holos
https://cardshows.io/shops/hm50-hit-machine-50-kapolei,,not found,,
https://cardshows.io/shops/hoard-kemah,,not found,,
https://cardshows.io/shops/hobby-box-sports-card-shop-oswego,,not found,,
https://cardshows.io/shops/hobby-bunker-inc-wakefield,https://hobbybunker.com,guessed hobbybunker.com,high,Hobby Bunker - Your One Stop Toy & Hobby Shop
https://cardshows.io/shops/hobby-card-shop-jupiter,https://www.hobbycardshop.com,guessed hobbycardshop.com,high,Hobby Card Shop
https://cardshows.io/shops/hobby-etc-hobby-shop-and-raceway-manchester,,not found,,
https://cardshows.io/shops/hobby-haven-pawtucket,https://www.hobbyhaven.com,guessed hobbyhaven.com,medium,"RC Vehicles and Trains | Hobby Haven | Urbandale, IA"
https://cardshows.io/shops/hobby-hits-cards-collectibles-west-monroe,,not found,,
https://cardshows.io/shops/hobby-hole-montgomery,https://hobby-hole.com,guessed hobby-hole.com,high,Best Miniatures Hobby Store for Tabletop Gaming Enthusiasts
https://cardshows.io/shops/hobby-homies-card-shop-encinitas,,not found,,
https://cardshows.io/shops/hobby-house-sports-card-shop-westminster,,not found,,
https://cardshows.io/shops/hobby-legends-card-shop-brea,,not found,,
https://cardshows.io/shops/hobby-quest-elk-grove,,not found,,
https://cardshows.io/shops/hobby-rising-iowa-city,https://hobbyrising.com,guessed hobbyrising.com,medium,Home - Hobby Rising
https://cardshows.io/shops/hobby-shop-omaha-bellevue,https://www.hobbyshopomaha.com,guessed hobbyshopomaha.com,medium,Hobby Shop Omaha | trading cards
https://cardshows.io/shops/hobby-spirit-williamsville,https://hobbyspirit.com,guessed hobbyspirit.com,medium,Home - Hobby Spirit
https://cardshows.io/shops/hobby-sports-com-portage,https://hobby-sports.com,guessed hobby-sports.com,medium,Hobby Sports – Best Radio Controlled (R/C) Hobby Store
https://cardshows.io/shops/hobby-vault-maple-shade,https://hobbyvault.com,guessed hobbyvault.com,medium,Hobby Vault USA
https://cardshows.io/shops/hobbypark-cards-crystal-lake,https://hobbyparkcards.com,guessed hobbyparkcards.com,medium,Hobby Park Cards — Professional Checklists for Breakers
https://cardshows.io/shops/hobbytown-bowling-green,,not found,,
https://cardshows.io/shops/hobbytown-evansville,,not found,,
https://cardshows.io/shops/hobbytown-fairfield,,not found,,
https://cardshows.io/shops/hobbytown-johnson-city,,not found,,
https://cardshows.io/shops/hobbytown-kennewick,,not found,,
https://cardshows.io/shops/hobbytown-lincoln,,not found,,
https://cardshows.io/shops/hobbytown-mobile,,not found,,
https://cardshows.io/shops/hobbytown-north-little-rock,,not found,,
https://cardshows.io/shops/hobbytown-toms-river-toms-river,https://www.hobbytowntomsriver.com,guessed hobbytowntomsriver.com,high,Hobbytown Toms River
https://cardshows.io/shops/hobbytown-tukwila,,not found,,
https://cardshows.io/shops/hobbytown-westminster,,not found,,
https://cardshows.io/shops/hobii-house-madeira,https://hobiihouse.com,guessed hobiihouse.com,high,"Cincinnati TCG Shop | Pokemon, Magic, Yu-Gi-Oh & More | Hobii House"
https://cardshows.io/shops/hokages-cards-collectibles-iselin,,not found,,
https://cardshows.io/shops/hollywood-collectibles-dania-beach,https://hollywoodcollectibles.com,guessed hollywoodcollectibles.com,high,Hollywood Collectibles Sports Memorabilia
https://cardshows.io/shops/holo-haven-phenix-city,https://holohaven.com,guessed holohaven.com,medium,Holo Haven - Cards | Games | Collectibles
https://cardshows.io/shops/holo-horse-games-llc-hallsville,https://www.holohorsegames.com,guessed holohorsegames.com,medium,Holo Horse Games LLC
https://cardshows.io/shops/holy-grail-tcg-san-francisco,,not found,,
https://cardshows.io/shops/home-and-more-legends-sparks,,not found,,
https://cardshows.io/shops/home-field-hobby-shop-coral-springs,https://homefieldhobbyshop.com,guessed homefieldhobbyshop.com,high,Home Field Hobby Shop – Home Field Hobby Shop
https://cardshows.io/shops/home-plate-sports-cards-phoenix,https://www.homeplatesportscards.com,guessed homeplatesportscards.com,medium,HOME | HomePlateSportsCards
https://cardshows.io/shops/home-stretch-cards-collectibles-dover,,not found,,
https://cardshows.io/shops/home-team-collectibles-barrington,https://hometeamcollectibles.com,guessed hometeamcollectibles.com,high,Home Team Collectibles
https://cardshows.io/shops/home-team-sports-collectibles-reno,,not found,,
https://cardshows.io/shops/home-team-sportz-cards-kearney,,not found,,
https://cardshows.io/shops/home-town-cards-collectibles-austin,,not found,,
https://cardshows.io/shops/homer-collectibles-dayton,https://homercollectibles.com,guessed homercollectibles.com,medium,"Made to Order NFL, CFB, MLB, & NHL Mini Helmet Organizers. Custom made your way!"
https://cardshows.io/shops/hometown-hits-mckinney,https://www.hometown.com,guessed hometown.com,medium,"Hometown | School Events, Ticketing & Fundraising"
https://cardshows.io/shops/hometown-hobby-sports-cards-and-more-new-castle,,not found,,
https://cardshows.io/shops/hometown-huddle-sports-collectibles-artistic-creations-plain-city,,not found,,
https://cardshows.io/shops/hometown-sports-collectables-dover,,not found,,
https://cardshows.io/shops/hometown-trading-cards-and-collectables-davison,,not found,,
https://cardshows.io/shops/honey-hole-collectibles-escondido,,not found,,
https://cardshows.io/shops/honey-hole-collectibles-san-diego,,not found,,
https://cardshows.io/shops/honeybee-games-glendale,,not found,,
https://cardshows.io/shops/honorablementionstrawhat-lowell,,not found,,
https://cardshows.io/shops/hoobz-card-co-orange,,not found,,
https://cardshows.io/shops/hoodie-cat-game-lounge-north-charleston,,not found,,
https://cardshows.io/shops/hoodys-collectibles-beaverton,,not found,,
https://cardshows.io/shops/hoodys-collectibles-bend-bend,,not found,,
https://cardshows.io/shops/hookers-sportscards-eugene,,not found,,
https://cardshows.io/shops/hoosier-daddies-cards-games-and-more-bedford,,not found,,
https://cardshows.io/shops/hoovs-hangout-alexandria,https://hoovshangout.com,guessed hoovshangout.com,high,Hoovs Hangout Card Shop – Hoov's Hangout
https://cardshows.io/shops/hot-corner-315-auburn,,not found,,
https://cardshows.io/shops/hot-corner-cards-and-collectibles-kearney,,not found,,
https://cardshows.io/shops/hot-corner-collectibles-joliet,,not found,,
https://cardshows.io/shops/hot-corner-sports-cards-mesa,https://hotcornersportscards.com,guessed hotcornersportscards.com,high,"Hot Corner Sports Cards — Mesa, AZ Sports Card Shop Since 1994"
https://cardshows.io/shops/hot-hand-sports-cards-roswell,,not found,,
https://cardshows.io/shops/hot-potato-cards-highlands-ranch,,not found,,
https://cardshows.io/shops/house-divided-sports-cards-collectibles-tulsa,,not found,,
https://cardshows.io/shops/house-maranto-games-santa-fe,,not found,,
https://cardshows.io/shops/house-of-breaks-new-salem-borough,https://houseofbreaks.com,guessed houseofbreaks.com,medium,"House of Breaks, LLC | House of Breaks"
https://cardshows.io/shops/house-of-cards-and-collectibles-san-antonio,,not found,,
https://cardshows.io/shops/house-of-cards-and-toys-west-melbourne,,not found,,
https://cardshows.io/shops/house-of-cards-collectables-portland,,not found,,
https://cardshows.io/shops/house-of-cards-cranston,https://www.houseofcardsusa.com,guessed houseofcards.net,medium,"Wholesale Business Cards | Thermography | Foil | Emboss | Anaheim, CA"
https://cardshows.io/shops/house-of-cards-el-paso,https://www.houseofcardsusa.com,guessed houseofcards.net,medium,"Wholesale Business Cards | Thermography | Foil | Emboss | Anaheim, CA"
https://cardshows.io/shops/house-of-cards-lebanon,https://www.houseofcardsusa.com,guessed houseofcards.net,medium,"Wholesale Business Cards | Thermography | Foil | Emboss | Anaheim, CA"
https://cardshows.io/shops/house-of-cards-nola-metairie,https://www.houseofcardsusa.com,guessed houseofcards.net,medium,"Wholesale Business Cards | Thermography | Foil | Emboss | Anaheim, CA"
https://cardshows.io/shops/house-of-cards-silver-spring,https://www.houseofcardsusa.com,guessed houseofcards.net,medium,"Wholesale Business Cards | Thermography | Foil | Emboss | Anaheim, CA"
https://cardshows.io/shops/house-of-cards-sports-cards-collectibles-sandy,,not found,,
https://cardshows.io/shops/house-of-cards-winston-salem,https://www.houseofcardsusa.com,guessed houseofcards.net,medium,"Wholesale Business Cards | Thermography | Foil | Emboss | Anaheim, CA"
https://cardshows.io/shops/house-of-cars-hot-wheels-riverside-riverside,,not found,,
https://cardshows.io/shops/house-of-packs-bordentown,,not found,,
https://cardshows.io/shops/house-of-reeves-elbridge,https://houseofreeves.com,guessed houseofreeves.com,medium,"Sofas, Beds, Bedrooms House Of Reeves furniture retailer in London – House of Reeves"
https://cardshows.io/shops/house-of-timepass-edison,https://www.houseoftimepass.com,guessed houseoftimepass.com,high,House of Timepass | Desi Party Card Games & Gifts – House Of Timepass
https://cardshows.io/shops/houston-sports-connection-houston,http://houstonsportsconnection.net,guessed houstonsportsconnection.net,high,Houston Sports Connection
https://cardshows.io/shops/hp-guild-games-lakeland,https://www.hpguildgames.com,guessed hpguildgames.com,medium,Tabletop Game Store Main Page | HP Guild Games
https://cardshows.io/shops/huddle-sport-shack-anchorage,,not found,,
https://cardshows.io/shops/hybrid-technology-solutions-brownsville,https://www.toyota-europe.com/electrification/hev,guessed hybrid-technology.com,medium,Toyota Hybrid Electric Vehicles | Toyota Europe
https://cardshows.io/shops/hyped-cards-collectibles-sterling-heights,,not found,,
https://cardshows.io/shops/hyper-beam-tcg-gaming-los-angeles,,not found,,
https://cardshows.io/shops/hyper-relic-burlington,https://www.hyperrelic.com,guessed hyperrelic.com,medium,Hyper Relic | Sports Memorabilia and More!
https://cardshows.io/shops/hyperion-games-mesa,,not found,,
https://cardshows.io/shops/hyperion-games-taylor,,not found,,
https://cardshows.io/shops/hzd-cards-collectibles-council-bluffs,,not found,,
https://cardshows.io/shops/i-75-sports-cards-and-gaming-llc-sylvania,,not found,,
https://cardshows.io/shops/i-got-cards-silver-lake,https://igotcards.com,guessed igotcards.com,medium,I Got Cards !
https://cardshows.io/shops/ibedlam-moore,,not found,,
https://cardshows.io/shops/icg-hobbies-and-games-niles,https://icg-hobbies-and-games.myshopify.com,guessed icghobbiesandgames.com,medium,ICG Hobbies and Games
https://cardshows.io/shops/ichooseyou-tcgs-andover,,not found,,
https://cardshows.io/shops/iconic-games-hobbies-mesa,,not found,,
https://cardshows.io/shops/icons-and-legends-memorabilia-mesa,https://iconsandlegendsmemorabilia.com,guessed iconsandlegendsmemorabilia.com,high,ICONS AND LEGENDS MEMORABILIA
https://cardshows.io/shops/icustom-oaks-mall-gainesville,,not found,,
https://cardshows.io/shops/icy-vault-minot,https://icyvault.com,guessed icyvault.com,medium,Icy Vault — Trading Cards
https://cardshows.io/shops/ideal-808-honolulu,https://www.ideal808.com,guessed ideal808.com,high,"Ideal808 Inc. - Specializing in all your favorite Trading Card Games like Yu-Gi-Oh!, Magic the Gathering, Cardfight!! Va"
https://cardshows.io/shops/ideal-baseball-cards-cincinnati,,not found,,
https://cardshows.io/shops/ideal-cards-and-memorabilia-terryville,,not found,,
https://cardshows.io/shops/ignition-sports-cards-wilmington,https://www.ignitionsportscards.com,guessed ignitionsportscards.com,high,"Ignition Sports Cards | Wilmington, NC"
https://cardshows.io/shops/ihc-cards-collectibles-hamilton-township,,not found,,
https://cardshows.io/shops/illusions-sports-cards-and-memorabilia-yuma,,not found,,
https://cardshows.io/shops/illustrious-cards-and-games-llc-fords,,not found,,
https://cardshows.io/shops/ilm-inc-livonia,,not found,,
https://cardshows.io/shops/im-board-games-family-fun-madison-monroe-st-madison,,not found,,
https://cardshows.io/shops/im-board-games-family-fun-middleton-middleton,,not found,,
https://cardshows.io/shops/immaculate-cards-newtown,,not found,,
https://cardshows.io/shops/immaculate-trading-cards-reading,,not found,,
https://cardshows.io/shops/impact-sports-cards-colorado-springs,https://impactsportscards.com,guessed impactsportscards.com,high,Impact Sports Cards & Collectibles
https://cardshows.io/shops/imperial-games-west-allis,,not found,,
https://cardshows.io/shops/imperial-gaming-collectibles-wallingford,,not found,,
https://cardshows.io/shops/imperium-collectibles-san-francisco,,not found,,
https://cardshows.io/shops/impulse-collectibles-olive-branch,,not found,,
https://cardshows.io/shops/in-the-zone-gaming-erie,,not found,,
https://cardshows.io/shops/indiana-hoosiers-team-store-bloomington,,not found,,
https://cardshows.io/shops/indiana-sportscard-guys-milford,https://www.indianasportscardguys.com,guessed indianasportscardguys.com,high,Indiana Sportscard Guys
https://cardshows.io/shops/indy-card-exchange-indianapolis,https://indycardexchange.com,guessed indycardexchange.com,high,Indy Card Exchange
https://cardshows.io/shops/infernos-house-of-cards-albuquerque,,not found,,
https://cardshows.io/shops/infinite-heroes-games-nampa,https://infiniteheroesgames.com,guessed infiniteheroesgames.com,high,Infinite Heroes Games
https://cardshows.io/shops/infinite-tcg-fort-wayne,,not found,,
https://cardshows.io/shops/infinity-game-lounge-clarksville,https://infinitygamelounge.com,guessed infinitygamelounge.com,high,"Infinity Game Lounge — WPN Premium Stores in Clarksville, TN"
https://cardshows.io/shops/inkys-trading-post-elizabeth,,not found,,
https://cardshows.io/shops/integrity-card-company-pocatello,,not found,,
https://cardshows.io/shops/internet-hobby-supply-oceanside,,not found,,
https://cardshows.io/shops/interstate-sports-gifts-pooler,https://www.interstatesports.com,guessed interstatesports.com,medium,"Interstate Sports NFL, MLB, NASCAR, NHL & NCAA Licensed Sports Merch"
https://cardshows.io/shops/into-the-retroverse-colton,,not found,,
https://cardshows.io/shops/into-the-wild-tcg-wilmington,,not found,,
https://cardshows.io/shops/invasiontoys-carlsbad,https://invasiontoys.com,guessed invasiontoys.com,medium,Invasion Toys: Collectible Designer Toys & Vinyl Figures
https://cardshows.io/shops/investacard-fort-lauderdale,,not found,,
https://cardshows.io/shops/invicta-gaming-collectibles-commerce,,not found,,
https://cardshows.io/shops/irish-connection-sports-cards-memorabilia-granger,,not found,,
https://cardshows.io/shops/irish-nostalgia-south-bend,https://irishnostalgia.com,guessed irishnostalgia.com,high,Notre Dame Gifts & Licensed Accessories | Irish Nostalgia
https://cardshows.io/shops/irl-cards-tucson,https://irlcards.com,guessed irlcards.com,high,IRL Cards - Home
https://cardshows.io/shops/iron-city-games-birmingham,,not found,,
https://cardshows.io/shops/iron-horse-hobby-house-reading,http://www.ironhorsehobby.com,guessed ironhorsehobby.com,high,Iron Horse Hobby House – Reading PA's Premier Hobby Shop
https://cardshows.io/shops/iron-lion-collectibles-colorado-springs,,not found,,
https://cardshows.io/shops/island-card-vault-kaneohe,,not found,,
https://cardshows.io/shops/isle-of-games-tucson,,not found,,
https://cardshows.io/shops/isle-of-misfits-el-mirage,https://isleofmisfits.com,guessed isleofmisfits.com,medium,"Isle of misfits – come, all ye square pegs…"
https://cardshows.io/shops/iso-collectibles-st-petersburg,,not found,,
https://cardshows.io/shops/its-a-sports-thing-rogers,,not found,,
https://cardshows.io/shops/its-gametime-los-angeles,https://www.itsgametime.com,guessed itsgametime.com,medium,Live Scores & Social Sports News Updates | Itsgametime
https://cardshows.io/shops/its-your-move-games-oakland,,not found,,
https://cardshows.io/shops/its-your-move-lakewood,,not found,,
https://cardshows.io/shops/its-your-move-lone-tree,,not found,,
https://cardshows.io/shops/ivans-cards-st,,not found,,
https://cardshows.io/shops/ivy-league-cards-collectibles-forsyth,,not found,,
https://cardshows.io/shops/iwingames-waipahu,https://iwingames.net,guessed iwingames.net,medium,iwin games – Cổng Game Cá Cược Trực Tuyến Hàng Đầu Việt Nam
https://cardshows.io/shops/izzis-gym-part-store-part-clubhouse-all-community-sioux-falls,,not found,,
https://cardshows.io/shops/j-a-vintage-cape-coral,,not found,,
https://cardshows.io/shops/j-and-j-gaming-factory-glendale,https://jandjgamingfactory.com,guessed jandjgamingfactory.com,high,J and J Gaming Factory
https://cardshows.io/shops/j-c-comics-cards-cuyahoga-falls,,not found,,
https://cardshows.io/shops/j-c-sports-cards-and-collectibles-virginia-beach,,not found,,
https://cardshows.io/shops/j-g-sport-cards-and-memorabilia-york,,not found,,
https://cardshows.io/shops/j-g-sports-cards-fort-collins,https://jgsportscards.com,guessed jgsportscards.com,medium,JG sports cards and collectibles
https://cardshows.io/shops/j-j-games-n-hobbies-fountain,,not found,,
https://cardshows.io/shops/j-js-antiques-toys-baseball-cards-red-lion,,not found,,
https://cardshows.io/shops/j-k-trading-cards-and-collectibles-minden,,not found,,
https://cardshows.io/shops/j-m-sports-cards-and-toy-collectibles-el-paso,,not found,,
https://cardshows.io/shops/j-s-collectibles-san-bernardino,,not found,,
https://cardshows.io/shops/j-s-sports-cards-lafayette,,not found,,
https://cardshows.io/shops/j-tronicks-salt-lake-city,,not found,,
https://cardshows.io/shops/j-youngs-sports-cards-collectibles-greenwood,,not found,,
https://cardshows.io/shops/jacksonville-sports-cards-jacksonville,http://jacksonvillesportscards.com,guessed jacksonvillesportscards.com,high,"Jacksonville Sports Cards, Trading Cards, Jaguars,"
https://cardshows.io/shops/jackybgoodtcg-littleton,,not found,,
https://cardshows.io/shops/jags-corner-trading-cards-sports-memorabilia-mobile,,not found,,
https://cardshows.io/shops/jaimies-field-of-dreams-monroe,,not found,,
https://cardshows.io/shops/jam-sports-cards-collectibles-staten-island,,not found,,
https://cardshows.io/shops/janda-cards-collectibles-kansas-city,,not found,,
https://cardshows.io/shops/japan-imports-florence,https://japan-imports.com,guessed japan-imports.com,medium,Import into Japan from 140 Countries | Japan-Imports.com
https://cardshows.io/shops/jasons-sports-cards-thomasville,,not found,,
https://cardshows.io/shops/jaspys-sports-cards-collectibles-torrance,,not found,,
https://cardshows.io/shops/javas-cards-and-collectibles-wake-forest,https://javascardsandcollectibles.com,guessed javascardsandcollectibles.com,high,"Java's Cards & Collectibles – Pokemon cards for sale in Wake Forest, North Carolina"
https://cardshows.io/shops/jawbreakers-card-shop-utica-utica,,not found,,
https://cardshows.io/shops/jay-st-video-games-albany,,not found,,
https://cardshows.io/shops/jayedax-trading-post-iowa-city,,not found,,
https://cardshows.io/shops/jays-cd-and-hobby-west-des-moines,https://www.jaystoysandgames.com,guessed jayscdandhobby.com,high,"Jay's Toys And Games | Buy Action Figures, TCG, Collectibles & More | Jay's Toys"
https://cardshows.io/shops/jb-sportscards-and-memorabilia-milford,,not found,,
https://cardshows.io/shops/jc-backyard-games-parma,,not found,,
https://cardshows.io/shops/jc-card-vault-chicopee,,not found,,
https://cardshows.io/shops/jc-hobby-elkhorn,https://jchobby.com,guessed jchobby.com,medium,"Nebraska's Trading Card Store – Pokémon, Magic, PSA Cards | JC Hobby – JC HOBBY"
https://cardshows.io/shops/jc-hobby-norfolk,https://jchobby.com,guessed jchobby.com,high,"Nebraska's Trading Card Store – Pokémon, Magic, PSA Cards | JC Hobby – JC HOBBY"
https://cardshows.io/shops/jcl-sports-cards-memorabilia-mukilteo,,not found,,
https://cardshows.io/shops/jcs-card-games-to-go-madison,,not found,,
https://cardshows.io/shops/jcs-cards-and-collectibles-rapid-city,,not found,,
https://cardshows.io/shops/jcs-cards-and-collectibles-spencerport,,not found,,
https://cardshows.io/shops/jcs-house-of-cards-madison,,not found,,
https://cardshows.io/shops/jdm-trading-cards-edmond,,not found,,
https://cardshows.io/shops/jeff-smith-magic-cards-naperville,,not found,,
https://cardshows.io/shops/jeffs-sports-inc-brookfield,https://www.jeffssports.com,guessed jeffssports.com,high,"Milwaukee Sports Memorabilia | Wisconsin Sports Autographs, Custom Framing, Sports Card Hobby Supplies .:. Jeff's Sports"
https://cardshows.io/shops/jekk-sportscards-bellingham,,not found,,
https://cardshows.io/shops/jemtcgtradepost-york,,not found,,
https://cardshows.io/shops/jerm4cards-kaysville,,not found,,
https://cardshows.io/shops/jerrys-rookie-shop-boise,,not found,,
https://cardshows.io/shops/jersey-card-company-hawthorne,,not found,,
https://cardshows.io/shops/jersey-fanadicts-roanoke,https://www.jersey.com,guessed jersey.com,medium,"Visit Jersey: UK Breaks & Holidays | Jersey, Channel Islands"
https://cardshows.io/shops/jerseys-cards-comics-llc-hampton,,not found,,
https://cardshows.io/shops/jerseys-cards-comics-llc-yorktown,,not found,,
https://cardshows.io/shops/jim-cards-burlington,,not found,,
https://cardshows.io/shops/jim-steves-sportscards-waukegan,,not found,,
https://cardshows.io/shops/jims-sports-south-burlington,https://jimssports.com,guessed jimssports.com,medium,"Jim's Sports Center – Athletics, Archery, Fly Shop, Fishing, Screen Printing and Embroidery."
https://cardshows.io/shops/jj-collectibles-406-great-falls,https://jjcollectibles.com,guessed jjcollectibles.com,medium,Home - J&J Collectibles
https://cardshows.io/shops/jjck-collectibles-port-st-lucie,https://jjckcollectibles.com,guessed jjckcollectibles.com,high,"JJCK Collectibles | Sports Cards, Pokémon, One Piece & More in Treasure Coast"
https://cardshows.io/shops/jjs-collectibles-garden-grove,,not found,,
https://cardshows.io/shops/jks-cards-and-collectibles-farmington,,not found,,
https://cardshows.io/shops/jl-cards-philadelphia,,not found,,
https://cardshows.io/shops/jlsportscards207-standish,,not found,,
https://cardshows.io/shops/jm-east-coast-cards-warwick,,not found,,
https://cardshows.io/shops/jmcards-carmel,,not found,,
https://cardshows.io/shops/jml-collectibles-deals-aberdeen,,not found,,
https://cardshows.io/shops/jna-collectibles-corporation-stockton,,not found,,
https://cardshows.io/shops/jnc-collectibles-bethlehem,,not found,,
https://cardshows.io/shops/jockos-toybox-wichita,http://sprintparts.com,guessed jockos.com,medium,Sprint Car Parts
https://cardshows.io/shops/jocks-and-socks-branson,,not found,,
https://cardshows.io/shops/jocks-nitch-hawk-zone-lawrence,,not found,,
https://cardshows.io/shops/joes-card-shop-vandalia,,not found,,
https://cardshows.io/shops/joes-sports-cards-comic-books-bellingham,,not found,,
https://cardshows.io/shops/joes-trading-card-and-coffee-shop-lutz,,not found,,
https://cardshows.io/shops/joeybagocardz-warwick,,not found,,
https://cardshows.io/shops/joeys-dream-card-shop-claremont,,not found,,
https://cardshows.io/shops/johnny-ford-sports-cards-memorabilia-grand-rapids,,not found,,
https://cardshows.io/shops/johnnybs-cards-comics-sports-lakeland,,not found,,
https://cardshows.io/shops/johnnys-card-shop-tacoma,https://johnnyscardshop.com,guessed johnnyscardshop.com,medium,Johnny's Card Shop – Johnny's Card Shop
https://cardshows.io/shops/jojos-bazaar-los-angeles,,not found,,
https://cardshows.io/shops/jordans-sportscards-onawa,,not found,,
https://cardshows.io/shops/joshs-cards-kansas-city,https://joshscards.com,guessed joshscards.com,medium,Josh's Cards
https://cardshows.io/shops/joshs-toys-games-manchester,,not found,,
https://cardshows.io/shops/joyful-toad-tcg-anaheim,,not found,,
https://cardshows.io/shops/joysticks-d20s-gardendale,,not found,,
https://cardshows.io/shops/jp-sports-collectibles-inc-cape-coral,,not found,,
https://cardshows.io/shops/jrs-sports-cards-tulsa,,not found,,
https://cardshows.io/shops/js-hall-of-fame-cards-canton,,not found,,
https://cardshows.io/shops/jsquared-cards-collectibles-fan-stand-kiosk-penn-square-oklahoma-city,,not found,,
https://cardshows.io/shops/jt-sports-collectibles-marietta,https://jtsportscollectibles.com,guessed jtsportscollectibles.com,high,JT Sports Collectibles
https://cardshows.io/shops/juice-box-cards-collectibles-huntington-beach,,not found,,
https://cardshows.io/shops/junejunes-sports-cards-and-collectibles-llc-allentown,,not found,,
https://cardshows.io/shops/juniata-cards-altoona,,not found,,
https://cardshows.io/shops/junk-wax-sal-sports-cards-prospect,,not found,,
https://cardshows.io/shops/junkyard-cards-long-beach,,not found,,
https://cardshows.io/shops/just-collect-inc-summit,https://justcollect.app,guessed justcollect.net,medium,
https://cardshows.io/shops/just-flip-tcg-san-jose,,not found,,
https://cardshows.io/shops/just-for-fun-peoria,,not found,,
https://cardshows.io/shops/just-games-rochester-rochester,,not found,,
https://cardshows.io/shops/just-roll-with-it-cards-and-games-spring-hill,,not found,,
https://cardshows.io/shops/justins-clubhouse-fayetteville,https://www.justins.com,guessed justins.com,medium,Home | JUSTIN'S® Brand
https://cardshows.io/shops/jww-sports-cards-gaming-fargo,https://jwwcards.com,guessed jwwsportscardsgaming.com,high,JWW Sports Cards & Gaming
https://cardshows.io/shops/k-b-international-trading-corporation-coral-springs,,not found,,
https://cardshows.io/shops/k-d-collectables-amarillo,,not found,,
https://cardshows.io/shops/k-ds-sports-memorabilia-longmont,,not found,,
https://cardshows.io/shops/k-l-cards-greenwood,,not found,,
https://cardshows.io/shops/k-m-sports-card-retailers-warner,,not found,,
https://cardshows.io/shops/k-maddilac-kard-shop-limited-centennial,,not found,,
https://cardshows.io/shops/k-p-trading-anchorage,,not found,,
https://cardshows.io/shops/k0s-card-shop-avon,https://k0scardshop.com,guessed k0scardshop.com,high,"k0s Card Shop - Indiana's Premier TCG Destination | Avon, IN"
https://cardshows.io/shops/k1ngp4nd4-cards-edmond,,not found,,
https://cardshows.io/shops/kab-sports-cards-collectables-billings,,not found,,
https://cardshows.io/shops/kaboom-virginia-beach,,not found,,
https://cardshows.io/shops/kaleido-tcg-jersey-city,https://kaleidotcg.com,guessed kaleidotcg.com,high,Kaleido TCG - Trading Card Game Store
https://cardshows.io/shops/kame-game-grand-prairie,,not found,,
https://cardshows.io/shops/kannons-cards-fort-collins,,not found,,
https://cardshows.io/shops/kansas-collectibles-ottawa,https://kansascollectibles.com,guessed kansascollectibles.com,medium,Kansas Collectibles: Pokémon Online Store & Events – Kansas TCG LLC
https://cardshows.io/shops/kansas-diecast-hot-wheels-slot-cars-3d-printing-collectibles-topeka,,not found,,
https://cardshows.io/shops/kanto-power-pokemon-tcg-store-lawrenceville,,not found,,
https://cardshows.io/shops/kaos-gamer-lounge-margate,https://kaosgamerlounge.com,guessed kaosgamerlounge.com,high,Kaos Gamer Lounge
https://cardshows.io/shops/kaptain-fish-collectibles-tujunga,,not found,,
https://cardshows.io/shops/kard-krazy-sports-cards-decatur,,not found,,
https://cardshows.io/shops/kardboardink-sports-cards-memorabilia-broken-arrow,,not found,,
https://cardshows.io/shops/kardsharkz-sports-cards-princeton,,not found,,
https://cardshows.io/shops/karma-coconuts-cape-coral,,not found,,
https://cardshows.io/shops/kaskade-games-brownsville,https://kaskadegames.com,guessed kaskadegames.com,high,"Kaskade Games | Premier Trading Card Game Store – Pokémon, Magic: The Gathering, TCG Events & More – Your Ultimate TCG H"
https://cardshows.io/shops/kassars-games-morgantown,https://kassarsgames.com,guessed kassarsgames.com,high,Kassar's Games
https://cardshows.io/shops/katy-cards-and-collectibles-katy,,not found,,
https://cardshows.io/shops/kc-cards-memorabilia-overland-park,,not found,,
https://cardshows.io/shops/kcm-collectibles-carlsbad,,not found,,
https://cardshows.io/shops/kcs-cards-collectibles-exchange-coats,,not found,,
https://cardshows.io/shops/kcs-nerd-shack-yuma,,not found,,
https://cardshows.io/shops/kcs-sports-cards-and-memorabilia-quincy,,not found,,
https://cardshows.io/shops/kellez-cards-cuts-el-paso,,not found,,
https://cardshows.io/shops/kennys-collectibles-of-austin-llc-austin,,not found,,
https://cardshows.io/shops/kens-cards-and-collectibles-kensington,,not found,,
https://cardshows.io/shops/kens-sports-cards-and-collectibles-indian-trail,,not found,,
https://cardshows.io/shops/kentucky-card-vault-smiths-grove,https://www.kentuckycardvault.com,guessed kentuckycardvault.com,medium,Home - Kentucky Card Vault - Your one-stop destination for rare and valuable sports cards
https://cardshows.io/shops/kentucky-derby-sports-memorabilia-mt-washington,,not found,,
https://cardshows.io/shops/kentucky-roadshow-lexington,,not found,,
https://cardshows.io/shops/ketchum-trading-company-fort-wayne,,not found,,
https://cardshows.io/shops/kevins-cards-greencastle,https://kevinscards.com,guessed kevinscards.com,medium,Kevin's Cards
https://cardshows.io/shops/key-items-collectibles-lancaster,,not found,,
https://cardshows.io/shops/key-items-collectibles-wyomissing,,not found,,
https://cardshows.io/shops/keycards-llc-jeffersonville,,not found,,
https://cardshows.io/shops/khangtcg-collectibles-osseo,,not found,,
https://cardshows.io/shops/khromeaddikt-sportscards-prattville,,not found,,
https://cardshows.io/shops/kid-motors-pokemon-fair-lawn,https://kidmotorscorse.fr,guessed kid-motors.com,medium,Kid Motors spécialiste des sports mécanique
https://cardshows.io/shops/kidds-korner-sports-cards-and-collectibles-kearney,,not found,,
https://cardshows.io/shops/kidforce-collectibles-berea,https://kidforcecollectibles.com,guessed kidforcecollectibles.com,high,"Kidforce Collectibles - Comics, Games, Toys , and More!"
https://cardshows.io/shops/kinems-sports-cards-erie,,not found,,
https://cardshows.io/shops/king-shrimp-tcg-plymouth,https://kingshrimptcg.com,guessed kingshrimptcg.com,medium,King Shrimp TCG
https://cardshows.io/shops/king-slayer-cards-miami,https://kingslayercards.com,guessed kingslayercards.com,high,King Slayer Cards
https://cardshows.io/shops/king-stevens-games-st,,not found,,
https://cardshows.io/shops/king-street-cards-malvern,,not found,,
https://cardshows.io/shops/kingdom-cardz-collectibles-st-joseph,,not found,,
https://cardshows.io/shops/kingdom-come-cards-fishers,https://kingdomcomecards.com,guessed kingdomcomecards.com,medium,Kingdom Come Cards: Hobby Like It Matters
https://cardshows.io/shops/kingpin-comics-gaming-tonawanda,,not found,,
https://cardshows.io/shops/kings-baseball-cards-berkeley,https://www.kingsbaseballcards.com,guessed kingsbaseballcards.com,high,"King's Baseball Cards - Berkeley, San Francisco Bay Area"
https://cardshows.io/shops/kings-landing-games-waterbury,,not found,,
https://cardshows.io/shops/kings-table-games-missoula,https://kingstablegames.com,guessed kingstablegames.com,high,King's Table Games – King's Table Games
https://cardshows.io/shops/kingslayer-games-fountain-valley,https://www.kingslayergames.com,guessed kingslayergames.com,high,Kingslayer Games - Kingslayer Games
https://cardshows.io/shops/kingslayer-games-lake-forest,https://www.kingslayergames.com,guessed kingslayergames.com,high,Kingslayer Games - Kingslayer Games
https://cardshows.io/shops/kingslayer-games-oceanside,https://www.kingslayergames.com,guessed kingslayergames.com,high,Kingslayer Games - Kingslayer Games
https://cardshows.io/shops/kips-hobby-shop-sports-cards-and-collectibles-los-altos,,not found,,
https://cardshows.io/shops/kira-kira-collectibles-tucson,,not found,,
https://cardshows.io/shops/kirkland-sports-cards-kirkland,,not found,,
https://cardshows.io/shops/kitastrophiecreates-shreveport,,not found,,
https://cardshows.io/shops/kitchen-table-cards-games-hurricane,,not found,,
https://cardshows.io/shops/kitchen-table-games-pinellas-park,,not found,,
https://cardshows.io/shops/kk-sportscards-largo,https://www.kksportscards.com,guessed kksportscards.com,medium,"KK Sportscards – The Ultimate Home for Cards, In-Store and Online"
https://cardshows.io/shops/knight-day-games-las-vegas,https://knightanddaygames.com,guessed knightdaygames.com,high,Knight & Day Games
https://cardshows.io/shops/knoxville-cards-and-collectibles-knoxville,,not found,,
https://cardshows.io/shops/knucklebones-games-hobby-hagerstown,,not found,,
https://cardshows.io/shops/koalaty-games-franklin-park,,not found,,
https://cardshows.io/shops/kokoro-anime-killeen,,not found,,
https://cardshows.io/shops/kollect-korner-chadwicks,https://www.kollectkorner.com,guessed kollectkorner.com,medium,"Buy Pokémon TCG, Yu-Gi-Oh! Cards & Collectibles Online"
https://cardshows.io/shops/kollectible-kings-virginia-beach,https://kollectiblekings.com,guessed kollectiblekings.com,high,Kollectible Kings Sports Cards & Authorized Funko Retailer
https://cardshows.io/shops/kollector-kids-eight-mile,,not found,,
https://cardshows.io/shops/korka-comics-miami,https://www.korkacomics.com,guessed korkacomics.com,high,Korka Comics | South Florida Comics and Collectibles
https://cardshows.io/shops/korka-comics-pembroke-pines,https://www.korkacomics.com,guessed korkacomics.com,high,Korka Comics | South Florida Comics and Collectibles
https://cardshows.io/shops/korner-cards-kindred,https://www.kornercards.com,guessed kornercards.com,medium,Korner Cards
https://cardshows.io/shops/kozees-emporium-altoona,https://www.kozeesemporium.com,guessed kozeesemporium.com,high,Kozee's Sports Emporium | Shop Now for Sports Gear & Memorabilia
https://cardshows.io/shops/kracked-trading-cards-more-bosque-farms,,not found,,
https://cardshows.io/shops/krakenhits-fridley,https://krakenhits.com,guessed krakenhits.com,medium,krakenhits
https://cardshows.io/shops/krantopia-bismarck,,not found,,
https://cardshows.io/shops/krave-cardz-ringgold,,not found,,
https://cardshows.io/shops/krychs-sports-card-plus-ravenna,,not found,,
https://cardshows.io/shops/kryptic-collections-cinnaminson,https://kryptic.com,guessed kryptic.com,medium,Kryptic - Your Web 3 Decentralized Crypto Wallet
https://cardshows.io/shops/kryptonite-kollectibles-janesville,https://kryptonitekollectibles.com,guessed kryptonitekollectibles.com,medium,"Kryptonite Kollectibles, your home for all things gaming!"
https://cardshows.io/shops/ksquaredcollects-kaneohe,,not found,,
https://cardshows.io/shops/ktd-sports-cards-marshfield,,not found,,
https://cardshows.io/shops/kulshan-cards-bellingham,https://kulshancards.com,guessed kulshancards.com,medium,"Trading Card Supplies, Display Cases & Accessories - Kulshan Cards"
https://cardshows.io/shops/kulture-shock-collectibles-brownsville,,not found,,
https://cardshows.io/shops/kumosks-poke-kollections-birmingham,,not found,,
https://cardshows.io/shops/kurts-cards-akron,,not found,,
https://cardshows.io/shops/kurtz-kardz-highlands-ranch,,not found,,
https://cardshows.io/shops/l-j-cards-and-collectibles-chattanooga,,not found,,
https://cardshows.io/shops/l-k-sportscards-more-des-moines,,not found,,
https://cardshows.io/shops/l-t-s-hobbies-games-flint,,not found,,
https://cardshows.io/shops/la-sports-cards-burbank,https://lasportscards.com,guessed lasportscards.com,high,"LA Sports Cards | Sports Cards, Pokémon & TCG Shop – Burbank & Glendale"
https://cardshows.io/shops/la-sports-cards-glendale,https://lasportscards.com,guessed lasportscards.com,high,"LA Sports Cards | Sports Cards, Pokémon & TCG Shop – Burbank & Glendale"
https://cardshows.io/shops/lab-20-sports-cards-st-paul,,not found,,
https://cardshows.io/shops/lafav-cards-hype-los-angeles,,not found,,
https://cardshows.io/shops/lair-of-dragons-johnson-city,,not found,,
https://cardshows.io/shops/lake-country-cards-oconomowoc,https://www.lakecountrycards.com,guessed lakecountrycards.com,high,Grading | Lake Country Cards | Oconomowoc
https://cardshows.io/shops/lake-hartwell-collectibles-cards-hartwell,,not found,,
https://cardshows.io/shops/lakeside-sports-cards-collectibles-henrico,,not found,,
https://cardshows.io/shops/lamontinc-tryrings-llc-sioux-city,,not found,,
https://cardshows.io/shops/laramie-sons-cards-and-collectibles-rossford,,not found,,
https://cardshows.io/shops/laramie-sons-sports-cards-and-collectibles-holland,,not found,,
https://cardshows.io/shops/laramies-sportz-shoppe-temperance,,not found,,
https://cardshows.io/shops/larger-than-life-clay,,not found,,
https://cardshows.io/shops/larrys-game-store-olathe,https://www.larrysgamestore.com,guessed larrysgamestore.com,medium,Larry's Game Store
https://cardshows.io/shops/last-lap-memorabilia-roanoke,,not found,,
https://cardshows.io/shops/last-pack-magic-orlando,https://lastpackmagic.net/password,guessed lastpackmagic.net,medium,Last Pack Magic
https://cardshows.io/shops/latitude-sports-memorabilia-centennial,https://latitudesm.com,guessed latitudesportsmemorabilia.com,high,Latitude Sports Memorabilia (Formerly Latitude Sports Marketing)
https://cardshows.io/shops/laughing-crow-collectibles-modesto,,not found,,
https://cardshows.io/shops/laughing-dragon-mtg-issaquah,http://www.laughingdragongames.com,guessed laughing-dragon.com,medium,Bows & Swords vs. Evil
https://cardshows.io/shops/lawd-prizm-sports-cards-memorabilia-riverside,,not found,,
https://cardshows.io/shops/layton-gaming-altamonte-springs,https://laytongaming.com,guessed laytongaming.com,high,Layton Gaming - Hobby shop specializing in Trading Cards & Live Breaks
https://cardshows.io/shops/layton-sports-cards-altamonte-springs,https://laytonsportscards.com,guessed laytonsportscards.com,high,Layton Sports Cards - Specializing in Sports Cards & Live Case Breaks
https://cardshows.io/shops/lazarus-games-harrisburg,https://lazarus-games.com,guessed lazarusgames.com,high,Lazarus Games
https://cardshows.io/shops/lc-cards-st-joseph,,not found,,
https://cardshows.io/shops/lcg-signatures-newport-beach,https://lcgsignatures.com,guessed lcgsignatures.com,high,Signed Memorabilia of Sports Stars & Collectibles Newport Beach CA
https://cardshows.io/shops/leaguelineup-frisco,,not found,,
https://cardshows.io/shops/lees-legacy-collectibles-yukon,,not found,,
https://cardshows.io/shops/leftovers-lounge-renton,,not found,,
https://cardshows.io/shops/leftys-sports-card-store-burlingame,,not found,,
https://cardshows.io/shops/legacy-card-co-ames,https://legacy-card.com,guessed legacy-card.com,medium,Tienda online de cartas y productos Pokémon en Legacy Card | Legacy Card
https://cardshows.io/shops/legacy-collectibles-toys-watertown,,not found,,
https://cardshows.io/shops/legacy-comics-and-cards-glendale,,not found,,
https://cardshows.io/shops/legacy-games-webster,https://legacygames.com,guessed legacygames.com,medium,"Amazing Games, Amazing Value - Legacy Games"
https://cardshows.io/shops/legacy-gaming-company-llc-syracuse,,not found,,
https://cardshows.io/shops/legacy-sports-cards-las-vegas,,not found,,
https://cardshows.io/shops/legacy-sports-cards-saco,,not found,,
https://cardshows.io/shops/legacy-sports-east-rutherford,https://www.legacysports.com,guessed legacysports.com,medium,Home - Legacy Sports International – The Most Trusted Name in the Shooting Industry
https://cardshows.io/shops/legacy-trading-cards-las-vegas,,not found,,
https://cardshows.io/shops/legend-story-curios-fairbanks,https://legendstory.com,guessed legendstory.com,medium,Legend Story Studios – NZ Trading Card Game Creators
https://cardshows.io/shops/legendary-cards-llc-lake-mills,,not found,,
https://cardshows.io/shops/legendary-games-lexington-lexington,https://legendary-games.com,guessed legendary-games.com,medium,Legendary Games -
https://cardshows.io/shops/legendary-promotions-llc-overland-park,https://www.legendary.com,guessed legendary.com,medium,Legendary
https://cardshows.io/shops/legendary-sports-collectibles-sutton,,not found,,
https://cardshows.io/shops/legends-cards-and-collectables-oakdale,,not found,,
https://cardshows.io/shops/legends-of-the-game-huntsville,https://legendsofthegame.com,guessed legendsofthegame.com,medium,"Legends of the Game - Custom Framing, Jersey Framing, Picture Frames"
https://cardshows.io/shops/legends-sports-cards-of-lake-elsinore-lake-elsinore,,not found,,
https://cardshows.io/shops/legends-sports-games-grand-rapids,,not found,,
https://cardshows.io/shops/legion-tabletop-gaming-knoxville,,not found,,
https://cardshows.io/shops/leones-collectibles-rochester,,not found,,
https://cardshows.io/shops/leonor-toys-collectibles-pasadena,,not found,,
https://cardshows.io/shops/leos-cards-and-collectibles-overland,,not found,,
https://cardshows.io/shops/less-sportscards-birch-run,,not found,,
https://cardshows.io/shops/lets-play-collectibles-and-things-llc-concord,,not found,,
https://cardshows.io/shops/lets-play-collectibles-and-things-llc-hooksett-hooksett,,not found,,
https://cardshows.io/shops/letsripit-hialeah,,not found,,
https://cardshows.io/shops/level-1-gamers-sandy,https://level-1.com,guessed level-1.com,medium,"Home - Level-1 Global Solutions, LLC"
https://cardshows.io/shops/level-one-game-shop-kansas-city,https://levelonegameshop.com,guessed levelonegameshop.com,high,Level One Game Shop - Kansas City's Board Game and Table Top Store
https://cardshows.io/shops/level-two-games-avon,https://leveltwogames.com,guessed leveltwogames.com,high,Home
https://cardshows.io/shops/level-up-games-athens-athens,,not found,,
https://cardshows.io/shops/level-up-games-collectibles-grand-prairie,,not found,,
https://cardshows.io/shops/level-up-games-duluth,,not found,,
https://cardshows.io/shops/level-up-games-glen-burnie,,not found,,
https://cardshows.io/shops/level-up-games-hastings,,not found,,
https://cardshows.io/shops/level-up-games-johns-creek-alpharetta,,not found,,
https://cardshows.io/shops/level-up-games-minneapolis,,not found,,
https://cardshows.io/shops/level-up-lounge-st-george,https://www.levelup.com:443,guessed levelup.com,medium,LevelUp
https://cardshows.io/shops/level-up-saint-paul-st-paul,,not found,,
https://cardshows.io/shops/level-up-superior-superior,https://levelupsuperior.com,guessed levelupsuperior.com,high,"Level UP Superior | Superior, WI"
https://cardshows.io/shops/leveled-up-cards-aberdeen,,not found,,
https://cardshows.io/shops/lewtons-sports-cards-and-collectibles-clawson,,not found,,
https://cardshows.io/shops/liberty-hound-cards-collectibles-virginia-beach,,not found,,
https://cardshows.io/shops/liberty-sports-cards-burlington,,not found,,
https://cardshows.io/shops/lightside-collectibles-redlands,https://lightsidecollectibles.com,guessed lightsidecollectibles.com,medium,Lightside Collectibles – Follow the light to great collectibles!
https://cardshows.io/shops/limitless-games-arlington,,not found,,
https://cardshows.io/shops/lincoln-sports-cards-benbrook,,not found,,
https://cardshows.io/shops/linden-cards-games-iowa-city,,not found,,
https://cardshows.io/shops/linkuptcg-pawtucket,https://www.linkuptcg.com,guessed linkuptcg.com,high,"LinkUpTCG | TCG Store | Pawtucket, RI"
https://cardshows.io/shops/liquid-sports-cards-llc-cincinnati,https://homebasecardshop.com,guessed liquidsportscards.com,high,Liquid Sports Cards
https://cardshows.io/shops/little-big-wars-fargo,https://littlebigwars.com,guessed littlebigwars.com,high,"Little Big Wars!, Live, Create, and Play Epic Moments"
https://cardshows.io/shops/little-shop-of-cards-white-house,,not found,,
https://cardshows.io/shops/little-spectacles-cards-collectibles-las-vegas,,not found,,
https://cardshows.io/shops/little-wars-baton-rouge,https://littlewars.com,guessed littlewars.com,high,Little Wars | ROLEPLAYING | WARGAMES | MINIATURES
https://cardshows.io/shops/littleroot-games-columbus,,not found,,
https://cardshows.io/shops/livingston-tcg-livingston,,not found,,
https://cardshows.io/shops/ljs-card-shop-columbus,https://ljscardshop.com,guessed ljscardshop.com,high,LJ's Sport Cards and Collectibles – LJ's Card Shop
https://cardshows.io/shops/lobocards-orlando,https://www.lobocards.com,guessed lobocards.com,high,"Lobo Cards Orlando | TCG Shop – Buy, Sell, Trade & Play | Lobo Cards"
https://cardshows.io/shops/lock-city-sports-cards-memorabilia-hilliard,,not found,,
https://cardshows.io/shops/lockbox-cards-huntsville,,not found,,
https://cardshows.io/shops/locker-room-legends-cedar-rapids,,not found,,
https://cardshows.io/shops/locker-sports-cards-tcg-minnetonka,,not found,,
https://cardshows.io/shops/lodestone-coffee-and-games-llc-minnetonka,https://lodestonegames.com,guessed lodestonecoffeeandgames.com,high,"Lodestone Coffee and Games – Drinks, games, and community"
https://cardshows.io/shops/logans-sports-collectibles-easton,,not found,,
https://cardshows.io/shops/lonestar-pack-breaks-store-carrollton,,not found,,
https://cardshows.io/shops/longwinggaming-bismarck,https://www.longwinggaming.com,guessed longwinggaming.com,high,Home | Longwing Gaming
https://cardshows.io/shops/loot-card-shop-whitmore-lake,https://lootcardshop.com,guessed lootcardshop.com,high,Loot Card Shop – Loot Card Shop
https://cardshows.io/shops/lord-rush-collectibles-frisco,https://www.lordrushcollectibles.com,guessed lordrushcollectibles.com,high,"High-Quality Pokémon Cards & TCG Collectibles in Frisco, TX | Lord Rush Collectibles"
https://cardshows.io/shops/lori-ferber-collectibles-scottsdale,https://www.loriferber.com,guessed loriferbercollectibles.com,medium,Presidential Memorabilia & Collectibles
https://cardshows.io/shops/lost-legacy-collectibles-fuquay-varina,,not found,,
https://cardshows.io/shops/lost-legion-games-comics-the-rifleman-south-charleston,,not found,,
https://cardshows.io/shops/lost-levels-card-shop-claremont,https://lostlevelscardshop.com,guessed lostlevelscardshop.com,high,Lost Levels | Sports Card Shop + TCG
https://cardshows.io/shops/lot-of-cards-merrimack,https://lotofcards.com,guessed lotofcards.com,medium,Top Sports Card Store for Rookie Cards & Collectibles
https://cardshows.io/shops/lotus-games-evergreen,,not found,,
https://cardshows.io/shops/lotus-grounds-games-chatham,,not found,,
https://cardshows.io/shops/lotus-guild-games-coeur-d-alene,,not found,,
https://cardshows.io/shops/louies-sports-cards-thornton,,not found,,
https://cardshows.io/shops/louisville-sports-cards-louisville,https://louisvillesportscards.com,guessed louisvillesportscards.com,high,"Louisville Sports Cards - Card Shop in Louisville, KY – LSC"
https://cardshows.io/shops/lounge-around-games-co-wyomissing,,not found,,
https://cardshows.io/shops/lp-gaming-west-melbourne,,not found,,
https://cardshows.io/shops/lpcardcorner-owensboro,,not found,,
https://cardshows.io/shops/ltd-cards-and-games-yukon,https://www.cardsgames.net,guessed cardsgames.net,medium,Cardsgames | free card games
https://cardshows.io/shops/ltd-sports-new-bedford,https://www.sports.net,guessed sports.net,medium,Sports.Net | Get Your Game On
https://cardshows.io/shops/luck-factory-games-concord,,not found,,
https://cardshows.io/shops/luckbox-sportscards-billings,,not found,,
https://cardshows.io/shops/luckiest-man-sports-cards-orange-park,,not found,,
https://cardshows.io/shops/lucky-7-cards-and-collectibles-llc-austin,,not found,,
https://cardshows.io/shops/lucky-box-sports-cards-cornelius,,not found,,
https://cardshows.io/shops/lucky-break-cards-collectibles-kenner,,not found,,
https://cardshows.io/shops/lucky-breaks-sports-cards-vancouver,,not found,,
https://cardshows.io/shops/lucky-dice-games-huntsville,https://luckydicegames.com,guessed luckydicegames.com,medium,Lucky Dice Games
https://cardshows.io/shops/lucky-paws-card-shop-sacramento,https://www.luckypawscardshop.com,guessed luckypawscardshop.com,medium,Lucky Paws Card Shop | Online Trading Card Store
https://cardshows.io/shops/lucky-seven-games-placentia,https://www.luckysevengames.com,guessed luckysevengames.com,medium,Lucky Seven Games
https://cardshows.io/shops/lucky-vault-los-angeles,,not found,,
https://cardshows.io/shops/luckypokebids-rochester,,not found,,
https://cardshows.io/shops/lv-collectibles-las-vegas,https://lvcollectables.com,guessed lvcollectibles.com,high,LV Collectibles
https://cardshows.io/shops/lvl-1-gaming-lafayette-lafayette,,not found,,
https://cardshows.io/shops/lvl-1-gaming-lake-charles-lake-charles,,not found,,
https://cardshows.io/shops/lvlup-gaming-tcg-los-angeles,https://lvlupgamingtcg.com,guessed lvlupgamingtcg.com,medium,Home | LVLUP GAMING TCG
https://cardshows.io/shops/lw-sports-cards-of-nc-spring-lake,,not found,,
https://cardshows.io/shops/m-and-s-sports-cards-blue-springs,https://www.mandssportscards.com,guessed mandssportscards.com,medium,Sport Trading Cards | M&S Sports Cards
https://cardshows.io/shops/m-m-sports-cards-kenosha,,not found,,
https://cardshows.io/shops/m-m-video-games-tampa-tampa,,not found,,
https://cardshows.io/shops/mad-cards-and-collectables-boardman,https://madcardsandcollectables.com,guessed madcardsandcollectables.com,medium,Mad Cards and Collectables
https://cardshows.io/shops/madcards-davie,,not found,,
https://cardshows.io/shops/madhouse-gaming-hobby-north-tonawanda,,not found,,
https://cardshows.io/shops/madpandagaming-utica,,not found,,
https://cardshows.io/shops/magelings-games-columbia,https://magelingsgames.crystalcommerce.com,guessed magelingsgames.com,high,Magelings Games
https://cardshows.io/shops/mages-sanctum-austin,https://magessanctum.com,guessed magessanctum.com,high,Mage's Sanctum - Austin's Premier Table Top and TCG Gaming Store!!!
https://cardshows.io/shops/magic-city-collectibles-birmingham,,not found,,
https://cardshows.io/shops/magic-city-sports-cards-akron,,not found,,
https://cardshows.io/shops/magic-monsters-mission-viejo,,not found,,
https://cardshows.io/shops/magikids-rochester,,not found,,
https://cardshows.io/shops/magitek-games-milpitas,,not found,,
https://cardshows.io/shops/magnatimmon-murfreesboro,,not found,,
https://cardshows.io/shops/magnobrain-pembroke-pines,,not found,,
https://cardshows.io/shops/mahtgician-games-cheyenne,https://mahtgiciangames.com,guessed mahtgiciangames.com,medium,"Mahtgician Games | Board Games & Tabletop Games – Mahtgician Games, LLC"
https://cardshows.io/shops/main-drag-vintage-collectibles-north-st-paul,,not found,,
https://cardshows.io/shops/main-phase-games-mt-sterling,,not found,,
https://cardshows.io/shops/main-phase-one-evansville,https://www.mainphaseone.com,guessed mainphaseone.com,high,"Card Shop and Playspace in Evansville, IN | Main Phase One"
https://cardshows.io/shops/main-street-collectibles-san-diego,https://mainstreetcollectibles.com,guessed mainstreetcollectibles.com,high,mainstreetcollectibles.com | About Mainstreet Collectibles
https://cardshows.io/shops/main-street-magic-miniatures-more-ames,https://www.mainstreetmagic.com,guessed mainstreetmagic.com,medium,Main Street Magic – Free Disney Vacation Planning by Authorized Experts
https://cardshows.io/shops/main-street-sports-cards-williston,,not found,,
https://cardshows.io/shops/main-street-sportscards-ames,,not found,,
https://cardshows.io/shops/main-street-what-not-llc-williston,,not found,,
https://cardshows.io/shops/maine-vintage-toys-south-portland,,not found,,
https://cardshows.io/shops/majestic-collectibles-des-moines,https://majesticcollectibles.com,guessed majesticcollectibles.com,medium,"Majestic Collectibles – Comics, Collectibles, Action Figures, and More"
https://cardshows.io/shops/major-sports-cards-mineola,https://majorsportscards.com,guessed majorsportscards.com,high,"Major Sports Cards – Baseball Cards, Football Cards"
https://cardshows.io/shops/make-breaking-great-again-biloxi,,not found,,
https://cardshows.io/shops/make-it-rain-tcg-shreveport,,not found,,
https://cardshows.io/shops/makpak-tcg-kenner,https://www.makpaktcg.com,guessed makpaktcg.com,medium,Home | MakPak TCG Store
https://cardshows.io/shops/man-cave-cards-and-collectibles-gilbert,,not found,,
https://cardshows.io/shops/man-cave-store-columbia,https://www.mancavestore.com,guessed mancavestore.com,medium,"Man Cave Store Atlanta | Hot Tubs, Pool Tables & Patio"
https://cardshows.io/shops/mana-bar-north-tonawanda,,not found,,
https://cardshows.io/shops/mana-core-providence-providence,,not found,,
https://cardshows.io/shops/mana-dork-cards-games-online-retailer-appointment-only-woodbury,,not found,,
https://cardshows.io/shops/mana-mart-erie,https://manamart.net,guessed manamart.net,medium,SLOT GACOR X MANAMART : Link Slot Gacor Berlisensi Menang Besar
https://cardshows.io/shops/mana-rock-fayetteville,https://manarock.com,guessed manarock.com,medium,Home — Manarock Entertainment Website
https://cardshows.io/shops/manathril-cards-and-collectibles-williamston,,not found,,
https://cardshows.io/shops/mancave-store-concord,https://www.mancavestore.com,guessed mancavestore.com,medium,"Man Cave Store Atlanta | Hot Tubs, Pool Tables & Patio"
https://cardshows.io/shops/maneki-tcg-kansas-city,,not found,,
https://cardshows.io/shops/mantel-collectibles-minneapolis,,not found,,
https://cardshows.io/shops/manticore-game-shop-o-fallon,,not found,,
https://cardshows.io/shops/many-realms-arena-las-vegas,https://manyrealms.com,guessed manyrealms.com,medium,Many Realms
https://cardshows.io/shops/many-realms-las-vegas,https://manyrealms.com,guessed manyrealms.com,medium,Many Realms
https://cardshows.io/shops/marbleheads-games-kenosha,https://marbleheadsgames.com,guessed marbleheadsgames.com,high,"Marblehead's Games In Kenosha, Wisconsin%"
https://cardshows.io/shops/marcdown-collectibles-manahawkin,,not found,,
https://cardshows.io/shops/markets-at-michaels-des-moines,,not found,,
https://cardshows.io/shops/marks-card-shop-downers-grove,https://www.markscardshop.com,guessed markscardshop.com,high,Marks Card Shop – Mark's Card Shop
https://cardshows.io/shops/marvelous-cards-collectibles-cape-coral,,not found,,
https://cardshows.io/shops/marzcardz-shop-brunswick,,not found,,
https://cardshows.io/shops/mascaras-rivarz-san-jose,,not found,,
https://cardshows.io/shops/master-novelties-aransas-pass,,not found,,
https://cardshows.io/shops/mastermind-gaming-huntsville,,not found,,
https://cardshows.io/shops/matrix-tcg-inglewood,https://matrixtcg.com,guessed matrixtcg.com,medium,"MatrixTCG - Buy Sports, Dragon Ball Super, & One Piece – TCG SHOP"
https://cardshows.io/shops/matteson-cards-clarksville,,not found,,
https://cardshows.io/shops/matts-card-shop-blue-ash,,not found,,
https://cardshows.io/shops/matts-dugout-wellington,https://mattsdugout.com,guessed mattsdugout.com,high,Matt’s Dugout Sports Cards-Top Sports Card Store in Palm Beach County
https://cardshows.io/shops/maui-sports-cards-kahului,https://mauisportscards.com,guessed mauisportscards.com,high,Maui Sports Cards
https://cardshows.io/shops/max-rarity-valley-stream,,not found,,
https://cardshows.io/shops/maximum-sports-modesto,,not found,,
https://cardshows.io/shops/maximus-collectibles-pequannock-township,https://maximuscollectibles.com,guessed maximuscollectibles.com,medium,Maximus Collectibles – Madabelia Collectibles
https://cardshows.io/shops/maxtcg-jersey,,not found,,
https://cardshows.io/shops/maxx-cards-gaming-turlock,,not found,,
https://cardshows.io/shops/maze-collectibles-rochester,,not found,,
https://cardshows.io/shops/mbm-gaming-fort-lauderdale,,not found,,
https://cardshows.io/shops/mcnultys-sports-cards-memorabilia-llc-stuart,,not found,,
https://cardshows.io/shops/meatballs-mystery-pack-edmond,https://www.meatballsmysterypack.com,guessed meatballsmysterypack.com,medium,Meatball's MYSTERY PACK - Win in EVERY PACK – Meatball's MYSTERY PACK - Win in EVERY PACK
https://cardshows.io/shops/med-city-sports-cards-rochester,https://medcitysportscards.com,guessed medcitysportscards.com,high,Find the Best Sports Card Shops Near You
https://cardshows.io/shops/media-men-cards-collectibles-new-orleans,,not found,,
https://cardshows.io/shops/medieval-starship-somerset,https://medievalstarship.com,guessed medievalstarship.com,high,Medieval Starship
https://cardshows.io/shops/meelypops-sc-spartanburg,https://www.meelypops.com,guessed meelypops.com,medium,"Meelypops Shop – Shop for Sports Cards, Breaks, Pokemon & More"
https://cardshows.io/shops/meep-meepletons-world-of-fun-madison,,not found,,
https://cardshows.io/shops/meeple-valley-board-game-cafe-llc-modesto,,not found,,
https://cardshows.io/shops/meeples-family-anaheim,https://meeples.com.my,guessed meeples.com,medium,Meeples European Board Game Cafe - First European Boardgame Only Boardgame Cafe in Malaysia
https://cardshows.io/shops/mega-box-cards-coral-springs,https://megaboxcards.com,guessed megaboxcards.com,high,Sports & Pokemon super store
https://cardshows.io/shops/mega-city-2-bakersfield,,not found,,
https://cardshows.io/shops/mega-replay-evansville,,not found,,
https://cardshows.io/shops/megafun-tcg-pokemon-shop-collectibles-croydon,,not found,,
https://cardshows.io/shops/meh-games-greenwood-village,,not found,,
https://cardshows.io/shops/mellenade-memphis,https://mellenade.com,guessed mellenade.com,high,Home - Mellenade
https://cardshows.io/shops/memorabilia-madness-mcminnville,,not found,,
https://cardshows.io/shops/memorabilia-magic-tampa,https://www.memorabiliamagic.com,guessed memorabiliamagic.com,high,Memorabilia Magic
https://cardshows.io/shops/menagerie-games-mt-pleasant,,not found,,
https://cardshows.io/shops/merch-by-beverly-gaithersburg,https://merchbybeverly.com,guessed merchbybeverly.com,medium,Merch By Beverly
https://cardshows.io/shops/merlion-games-san-carlos,https://www.merliongames.com,guessed merliongames.com,high,Merlion Games
https://cardshows.io/shops/mero-games-oxnard,https://www.merogames.com,guessed merogames.com,high,"Mero Games | Pokemon, Retro Video Game & Collectible Store"
https://cardshows.io/shops/meta-games-unlimited-inc-springfield,https://www.mguinc.com,guessed metagamesunlimited.com,high,Meta-Games Unlimited – Meta-Games
https://cardshows.io/shops/meta-tcg-arlington,https://metatcg.com,guessed metatcg.com,medium,Home | Meta TCG
https://cardshows.io/shops/metro-retro-tacoma,,not found,,
https://cardshows.io/shops/mets-official-team-store-port-st-lucie,,not found,,
https://cardshows.io/shops/mgh-collectibles-wall-township,https://www.mghcollectibles.com,guessed mghcollectibles.com,medium,Home | MGH Collectibles | Pokémon TCG
https://cardshows.io/shops/miami-card-supply-inc-miami,https://miamicard.com,guessed miamicard.com,medium,Miami Card — Miami's platform network | MiamiCard.com
https://cardshows.io/shops/michiana-sports-cards-granger,https://www.michianasportscards.com,guessed michianasportscards.com,high,Home | Michiana Sports Cards
https://cardshows.io/shops/mid-america-raceway-hobbies-bloomington,,not found,,
https://cardshows.io/shops/mid-south-hobbies-memphis,https://midsouthhobbies.com,guessed midsouthhobbies.com,high,"Mid-South Hobbies Memphis, TN - R/C Cars, Games, Models, & Kits"
https://cardshows.io/shops/middle-tennessee-gaming-nashville,https://middletennesseegaming.com,guessed middletennesseegaming.com,high,Middle Tennessee Gaming
https://cardshows.io/shops/midgar-market-tcg-benbrook,,not found,,
https://cardshows.io/shops/midgard-hobbies-and-games-inc-derry,https://www.midgardhobbiesandgames.com,guessed midgardhobbiesandgames.com,high,"Midgard Hobbies and Games | Game Store in Derry New Hampshire | 55 Crystal Avenue, Derry, NH, United States"
https://cardshows.io/shops/midnight-moose-trading-cards-anchorage,,not found,,
https://cardshows.io/shops/midview-card-vault-grafton,,not found,,
https://cardshows.io/shops/midwest-card-hub-coon-rapids,https://www.midwestcard.com,guessed midwestcard.com,medium,Midwest Card and ID Solutions
https://cardshows.io/shops/midwest-cards-columbus,https://www.midwestcards.com,guessed midwestcards.com,high,Sports Card Boxes & Cases | Midwest Cards
https://cardshows.io/shops/midwest-collectables-davenport,https://midwestcollectables.com,guessed midwestcollectables.com,medium,"Pokémon Cards, Booster Boxes, Graded & Vintage Singles"
https://cardshows.io/shops/midwestholos-sioux-falls,,not found,,
https://cardshows.io/shops/mike-taylors-card-shop-wentzville,,not found,,
https://cardshows.io/shops/mike-x-collectibles-gaithersburg,https://www.mikexcollectibles.com,guessed mikexcollectibles.com,medium,Mike X Collectibles | Newest Online TCG Store in the DMV Area
https://cardshows.io/shops/mikes-stadium-sportscards-aurora,,not found,,
https://cardshows.io/shops/mile-high-vault-llc-draper,,not found,,
https://cardshows.io/shops/miles-to-adventure-gulfport,https://miles-to.com,guessed miles-to.com,medium,Convert Miles To Multiple Units
https://cardshows.io/shops/mill-creek-sports-mill-creek,https://www.millcreeksports.com,guessed millcreeksports.com,high,Autographed Sports Memorabilia & Trading Cards | Mill Creek Sports
https://cardshows.io/shops/millers-sports-cards-and-collectibles-mt-pleasant,,not found,,
https://cardshows.io/shops/miltons-collectibles-farmers-branch,https://miltonscollectibles.com,guessed miltonscollectibles.com,high,Milton's Collectibles
https://cardshows.io/shops/mind-benders-puzzles-games-whiting,,not found,,
https://cardshows.io/shops/mind-full-games-tacoma,,not found,,
https://cardshows.io/shops/mind-games-llc-west-valley-city,https://www.mindgames.com,guessed mindgames.com,medium,Mind Games
https://cardshows.io/shops/mind-goblin-games-aurora,https://www.mind-goblin-games.com,guessed mind-goblin-games.com,medium,"Mind Goblin Games - No nuts, only games."
https://cardshows.io/shops/mindgames-and-magic-a-comic-and-game-store-lee-s-summit,,not found,,
https://cardshows.io/shops/mindsight-gaming-kenosha,,not found,,
https://cardshows.io/shops/mindtaker-miniatures-vancouver,,not found,,
https://cardshows.io/shops/mineral-city-cards-llc-martinsville,,not found,,
https://cardshows.io/shops/miniature-market-rock-hill-st-louis,,not found,,
https://cardshows.io/shops/minnesota-elite-sports-cards-plymouth,,not found,,
https://cardshows.io/shops/mint-10-collectibles-ridgeland,https://mint10collectibles.com,guessed mint10collectibles.com,high,Mint 10 Collectibles
https://cardshows.io/shops/mint-city-collectibles-charlotte,https://mintcitycollectibles.com,guessed mintcitycollectibles.com,medium,Mint City Collectibles
https://cardshows.io/shops/mint-models-albany,https://mintmodels.com,guessed mintmodels.com,high,Mint Models
https://cardshows.io/shops/mintcardsfast-mckinney,,not found,,
https://cardshows.io/shops/minted-tcg-dacula,https://www.mintedtcg.com,guessed mintedtcg.com,medium,Minted | TCG • Tabletop Games • Events – Minted TCG
https://cardshows.io/shops/minty-collectibles-cape-coral,,not found,,
https://cardshows.io/shops/minty-gem-trading-cards-collectibles-shawnee,,not found,,
https://cardshows.io/shops/misellaneous-collectibles-north-liberty,,not found,,
https://cardshows.io/shops/mishap-games-roanoke,,not found,,
https://cardshows.io/shops/missingno-games-appleton,https://missingnogames.com,guessed missingnogames.com,high,MissingNo. Games
https://cardshows.io/shops/mission-board-games-kc-north-kansas-city,,not found,,
https://cardshows.io/shops/mission-board-games-mission-mission,https://www.missionboardgames.com,guessed missionboardgames.com,medium,Mission: Board Games
https://cardshows.io/shops/mistscape-gaming-and-collectibles-dequincy,,not found,,
https://cardshows.io/shops/misty-mountain-games-madison,https://www.mistymountaingames.com,guessed mistymountaingames.com,high,Misty Mountain Games | Madison | Wisconsin
https://cardshows.io/shops/mitchs-sports-cards-collectibles-mequon,,not found,,
https://cardshows.io/shops/mixed-breaks-sports-tcg-hobby-shop-gahanna,,not found,,
https://cardshows.io/shops/mjs-corner-boutique-and-collectibles-auburndale,,not found,,
https://cardshows.io/shops/mm7-sportscards-moore,,not found,,
https://cardshows.io/shops/mn-sportscards-monticello,https://mnsportscards.com,guessed mnsportscards.com,high,Sports Trading Cards & Pokemon Card Sets | MN Sports Cards
https://cardshows.io/shops/mnp-collectz-fayetteville,https://mnpcollectz.com,guessed mnpcollectz.com,high,MNP Collectz – My Store
https://cardshows.io/shops/mo-cards-collectibles-fargo,,not found,,
https://cardshows.io/shops/modern-athlete-cards-lowell,,not found,,
https://cardshows.io/shops/mojobreak-sports-cards-santa-clara,,not found,,
https://cardshows.io/shops/momintum-cards-collectibles-san-antonio,,not found,,
https://cardshows.io/shops/momma-tried-sports-cards-avon-avon,https://mommatriedsportscards.com,guessed mommatriedsportscards.com,medium,Home -
https://cardshows.io/shops/monarch-comics-toledo,https://www.monarchcomics.com,guessed monarchcomics.com,medium,MonarchComics | home
https://cardshows.io/shops/money-card-auctions-beachwood,https://money-card.com,guessed money-card.com,medium,Money Card — Smart Entity | MoneyCard.com
https://cardshows.io/shops/monmouth-cards-deptford,https://monmouthcards.com,guessed monmouthcards.com,medium,Monmouth Sports Cards
https://cardshows.io/shops/monmouth-cards-east-brunswick,https://monmouthcards.com,guessed monmouthcards.com,medium,Monmouth Sports Cards
https://cardshows.io/shops/monmouth-cards-livingston,https://monmouthcards.com,guessed monmouthcards.com,medium,Monmouth Sports Cards
https://cardshows.io/shops/monmouth-cards-mays-landing,https://monmouthcards.com,guessed monmouthcards.com,medium,Monmouth Sports Cards
https://cardshows.io/shops/monmouth-cards-midland-park,https://monmouthcards.com,guessed monmouthcards.com,medium,Monmouth Sports Cards
https://cardshows.io/shops/monmouth-cards-stamford,https://monmouthcards.com,guessed monmouthcards.com,medium,Monmouth Sports Cards
https://cardshows.io/shops/monmouth-cards-wall-township,https://monmouthcards.com,guessed monmouthcards.com,medium,Monmouth Sports Cards
https://cardshows.io/shops/monmouth-cards-west-long-branch,https://monmouthcards.com,guessed monmouthcards.com,medium,Monmouth Sports Cards
https://cardshows.io/shops/monmouth-trading-cards-marlton,,not found,,
https://cardshows.io/shops/monster-games-highland-heights,,not found,,
https://cardshows.io/shops/monsterbreaks-card-company-chandler,,not found,,
https://cardshows.io/shops/monsters-mayhem-games-reno,,not found,,
https://cardshows.io/shops/monsterwax-tallahassee,https://monsterwax.com,guessed monsterwax.com,medium,Monsterwax Trading Cards
https://cardshows.io/shops/montasy-comics-nyc-new-york,https://www.montasycomicsnyc.com,guessed montasycomicsnyc.com,high,MONTASY COMICS NYC - Events and Activities
https://cardshows.io/shops/moon-dragon-games-everett,https://www.moon-dragon-games.com,guessed moon-dragon-games.com,medium,Moon Dragon Games
https://cardshows.io/shops/mooncards-collectibles-montclair,,not found,,
https://cardshows.io/shops/moonshot-games-noblesville,https://moonshotgames.com,guessed moonshotgames.com,medium,Home - Moonshot Games
https://cardshows.io/shops/moonwake-games-springville,,not found,,
https://cardshows.io/shops/more-collectibles-shop-camarillo,,not found,,
https://cardshows.io/shops/more-flips-sports-trading-cards-salem,,not found,,
https://cardshows.io/shops/more-fun-sports-cards-dyer,https://morefunsportscards.com,guessed morefunsportscards.com,high,More Fun Sportscards Store
https://cardshows.io/shops/more-shiny-cardboard-gulfport,,not found,,
https://cardshows.io/shops/more-than-sports-sandy,https://www.morethansports.com,guessed morethansports.com,medium,Creating The Ultimate Fan Experience-Autographed Memorabilia
https://cardshows.io/shops/morningstar-games-savannah,,not found,,
https://cardshows.io/shops/morricals-memorabilia-llc-fort,,not found,,
https://cardshows.io/shops/mortal-kard-houston,,not found,,
https://cardshows.io/shops/mossettes-sports-cards-fresno,,not found,,
https://cardshows.io/shops/motor-city-gaming-clinton-township,https://gamezillamedia.com,guessed motorcitygaming.com,medium,GameZilla Media
https://cardshows.io/shops/motu-unlimited-lawton,,not found,,
https://cardshows.io/shops/mouas-cards-and-collectibles-sacramento,,not found,,
https://cardshows.io/shops/mountain-state-cards-collctibles-summersville,,not found,,
https://cardshows.io/shops/mountain-top-trading-post-falls,,not found,,
https://cardshows.io/shops/mountaineer-zone-morgantown,https://mountaineer.com,guessed mountaineer.com,medium,"The Mountaineer - Keene Valley, NY"
https://cardshows.io/shops/movies-games-galore-pasadena,,not found,,
https://cardshows.io/shops/mox-archives-and-games-new-bedford,https://moxarchivesandgames.com,guessed moxarchivesandgames.com,high,Mox Archives and Games | New Bedford Game Store
https://cardshows.io/shops/mox-boarding-house-chandler,https://www.moxboardinghouse.com,guessed moxboardinghouse.com,high,"Mox Boarding House | Board Game Stores, Restaurants & Event Spaces"
https://cardshows.io/shops/mox-gaming-collectibles-janesville,,not found,,
https://cardshows.io/shops/mox-mania-llc-madison,https://www.moxmania.com,guessed moxmania.com,high,Mox Mania
https://cardshows.io/shops/moxie-card-shop-des-moines,https://moxiecardshop.com,guessed moxiecardshop.com,high,Your international card shop! 🌎 TCG exclusives from around the world. – Moxie Card Shop
https://cardshows.io/shops/mp-sports-cards-carver,https://www.mpsportscards.com,guessed mpsportscards.com,medium,"MP Sports Cards | Sports Cards, Pokémon, Hobby Boxes & PSA Grading"
https://cardshows.io/shops/mr-dales-tradin-cards-llc-eaton-rapids,,not found,,
https://cardshows.io/shops/mr-es-sports-cards-orem,,not found,,
https://cardshows.io/shops/mr-jims-cards-raleigh,,not found,,
https://cardshows.io/shops/mr-magic-elyria,,not found,,
https://cardshows.io/shops/mt-moon-collectibles-mckinney-mckinney,,not found,,
https://cardshows.io/shops/mt-penn-sports-cards-we-serve-memories-every-day-reading,,not found,,
https://cardshows.io/shops/mtgplayersclub-gresham,,not found,,
https://cardshows.io/shops/mugu-games-everett,https://www.mugugames.com,guessed mugugames.com,high,MuGu Games
https://cardshows.io/shops/mulligans-trading-cards-collectibles-richmond,,not found,,
https://cardshows.io/shops/multi-media-card-trading-midwest,,not found,,
https://cardshows.io/shops/munchies-tcg-fremont,,not found,,
https://cardshows.io/shops/murphs-card-town-chepachet,https://murphscardtown.com,guessed murphscardtown.com,high,Murph's Card Town – Murph's Card Town
https://cardshows.io/shops/murphs-trading-cards-collectibles-lexington,,not found,,
https://cardshows.io/shops/music-sports-collectors-world-appleton,,not found,,
https://cardshows.io/shops/mustang-sports-cards-grimes,,not found,,
https://cardshows.io/shops/mvp-collects-los-angeles,,not found,,
https://cardshows.io/shops/mvp-sports-cards-collectibles-sebastian,,not found,,
https://cardshows.io/shops/mvp-sports-cards-laguna-hills,https://mvpsportscards.com,guessed mvpsportscards.com,medium,MVP Sports Cards & More
https://cardshows.io/shops/mvp-sports-cards-more-bettendorf,https://mvpsportscards.com,guessed mvpsportscards.com,medium,MVP Sports Cards & More
https://cardshows.io/shops/mvp-sports-cards-of-brevard-melbourne,https://mvpsportscards.com,guessed mvpsportscards.com,medium,MVP Sports Cards & More
https://cardshows.io/shops/mvp-sports-cards-treasure-coast-jensen-beach,,not found,,
https://cardshows.io/shops/mvp-sportscards-pleasant-hill,https://mvpsportscards.com,guessed mvpsportscards.com,medium,MVP Sports Cards & More
https://cardshows.io/shops/my-4-sons-comics-cards-and-games-henderson,,not found,,
https://cardshows.io/shops/my-d-pins-collectibles-anaheim,,not found,,
https://cardshows.io/shops/my-hobby-sports-cards-more-st-petersburg,,not found,,
https://cardshows.io/shops/my-team-store-greenville,,not found,,
https://cardshows.io/shops/myextracards-st-johns,https://myextracards.com,guessed myextracards.com,high,Autographed/Signed Sports Trading Cards – Hobby Boxes Sports Trading Cards - MyExtraCards
https://cardshows.io/shops/mystery-cards-games-plano,,not found,,
https://cardshows.io/shops/mystic-falls-cardboard-company-covington,https://mysticfallscardboardcompany.com,guessed mysticfallscardboardcompany.com,medium,Mystic Falls Cardboard Company
https://cardshows.io/shops/mystic-games-cards-alabaster,,not found,,
https://cardshows.io/shops/mystic-snow-trading-san-jose,,not found,,
https://cardshows.io/shops/mystic-tcg-chesterfield,https://mystictcg.com,guessed mystictcg.com,high,Mystic TCG
https://cardshows.io/shops/mystical-adventures-games-sumter,,not found,,
https://cardshows.io/shops/mystify-games-waterloo,,not found,,
https://cardshows.io/shops/mystigemstcg-amarillo,,not found,,
https://cardshows.io/shops/mythic-cards-and-collectibles-miamisburg,,not found,,
https://cardshows.io/shops/mythic-cards-games-pinson,,not found,,
https://cardshows.io/shops/mythic-forge-gaming-madison-heights,,not found,,
https://cardshows.io/shops/mythic-games-littleton,,not found,,
https://cardshows.io/shops/mythic-hall-lynchburg,https://www.mythichall.com,guessed mythichall.com,medium,Mythic Hall Game Space for Immersive Roleplaying Adventures
https://cardshows.io/shops/mythic-hobbies-miami,https://mythic-hobbies.com,guessed mythic-hobbies.com,high,Mythic Hobbies | Miami Card Shop | Collectibles & More
https://cardshows.io/shops/mythic-horizons-essex,,not found,,
https://cardshows.io/shops/mythic-mercantile-duluth,https://mythicmercantile.com,guessed mythicmercantile.com,high,Home Page - Mythic Mercantile
https://cardshows.io/shops/n-a-casper,,not found,,
https://cardshows.io/shops/n-a-high-point,,not found,,
https://cardshows.io/shops/nahstaljic-collectibles-store-pearl,,not found,,
https://cardshows.io/shops/naismith-memorial-basketball-hall-of-fame-store-springfield,,not found,,
https://cardshows.io/shops/narusamurai-gaming-lakeland,https://narusamuraigaming.com,guessed narusamuraigaming.com,medium,NaruSamurai | Cardfight and TCG Accessories – NaruSamurai Gaming
https://cardshows.io/shops/nashcards-brentwood,https://nashcards.com,guessed nashcards.com,high,Homepage - Nashcards
https://cardshows.io/shops/nashcards-cordova,https://nashcards.com,guessed nashcards.com,high,Homepage - Nashcards
https://cardshows.io/shops/nashcards-mt-juliet,https://nashcards.com,guessed nashcards.com,high,Homepage - Nashcards
https://cardshows.io/shops/national-card-investors-inc-northborough,https://www.nationalcardinvestors.com,guessed nationalcardinvestors.com,medium,Welcome to National Card Investors – NationalCardInvestors
https://cardshows.io/shops/nationwides-vault-tcg-more-wilmington,,not found,,
https://cardshows.io/shops/natural-20-works-clarksville,https://natural20.com,guessed natural20.com,medium,Natural 20 — AI News in Real-Time | The Bloomberg Terminal for AI
https://cardshows.io/shops/natural-twenty-games-henderson,,not found,,
https://cardshows.io/shops/nav-toys-and-collectibles-huntington-beach,https://www.navtoysandcollectibles.com/password,guessed navtoysandcollectibles.com,medium,NAV Toys and Collectibles
https://cardshows.io/shops/neamo-sports-cards-and-collectibles-paragould,,not found,,
https://cardshows.io/shops/needful-toys-collectibles-llc-houston,,not found,,
https://cardshows.io/shops/neighborhood-card-shop-lodi,,not found,,
https://cardshows.io/shops/neko-collectibles-millcreek,,not found,,
https://cardshows.io/shops/neo-collector-cleveland,,not found,,
https://cardshows.io/shops/nerd-friendly-d-iberville,https://banitaford.wixsite.com/nerdfriendly,guessed nerdfriendly.net,medium,"Home | Nerd Friendly - tabletop gaming store for D&D, MTG, and board games. Join tournaments, play for free, and shop mi"
https://cardshows.io/shops/nerd-hq-davenport,,not found,,
https://cardshows.io/shops/nerd-is-the-word-llc-parkersburg,,not found,,
https://cardshows.io/shops/nerdheim-savannah,,not found,,
https://cardshows.io/shops/nerdvana-cards-collectibles-webster,,not found,,
https://cardshows.io/shops/nerdy-related-long-beach,,not found,,
https://cardshows.io/shops/nerdzilly-huntsville,,not found,,
https://cardshows.io/shops/nerdzkingdom-showcase-aurora,https://www.nerdzkingdomshowcase.com,guessed nerdzkingdomshowcase.com,high,The Nerdzkingdom Showcase | Join the Card Game Revolution Now
https://cardshows.io/shops/neuhart-cards-delaware,https://www.neuhartcards.com,guessed neuhartcards.com,high,Home | Neuhart Cards
https://cardshows.io/shops/never-bored-games-norwalk,,not found,,
https://cardshows.io/shops/new-castle-coins-collectibles-chesapeake,,not found,,
https://cardshows.io/shops/new-concept-sports-card-and-hobby-medford,,not found,,
https://cardshows.io/shops/new-england-picture-nashua,https://newenglandpicture.com,guessed newenglandpicture.com,medium,New England Picture Sports Collectibles and Memorabilia
https://cardshows.io/shops/new-england-sportscards-amherst,https://newenglandsportscards.com,guessed newenglandsportscards.com,high,New England Sports Cards - Box Breaks and Card Shows
https://cardshows.io/shops/new-game-plus-farr-west,,not found,,
https://cardshows.io/shops/new-horizon-games-plano,,not found,,
https://cardshows.io/shops/new-mexico-sports-cards-albuquerque,,not found,,
https://cardshows.io/shops/new-orleans-playing-card-company-new-orleans,,not found,,
https://cardshows.io/shops/new-world-gaming-little-elm,https://www.newworldgaming.com,guessed newworldgaming.com,medium,Home | New World Gaming & Collectibles
https://cardshows.io/shops/new-york-roadshow-bronxville,,not found,,
https://cardshows.io/shops/next-gen-games-los-angeles,,not found,,
https://cardshows.io/shops/next-level-cards-ashland,,not found,,
https://cardshows.io/shops/next-level-games-llc-muncie,https://nextlevelgames.com,guessed nextlevelgames.com,medium,Homepage - Next Level Games
https://cardshows.io/shops/nexus-games-olathe-olathe,https://nexusgames.com,guessed nexusgames.com,medium,Nexus Games — Building and Measuring Collaborative Intelligence Through Games
https://cardshows.io/shops/nexus-tcg-collectibles-danbury,,not found,,
https://cardshows.io/shops/ngamedrip-knoxville,https://linktr.ee/ngamedrip,guessed ngamedrip.com,high,". Official: TikTok, Instagram, X, Facebook, Threads | Linktree"
https://cardshows.io/shops/nick-nacks-harrisburg,,not found,,
https://cardshows.io/shops/nicks-sports-cards-dallas,,not found,,
https://cardshows.io/shops/nicky-migz-collectibles-waukesha,https://nickymigzcollectibles.com,guessed nickymigzcollectibles.com,high,"Nicky Migz Collectibles, Buy Pokémon, Yu-Gi-Oh!, and MTG Cards"
https://cardshows.io/shops/night-dragon-games-baton-rouge,,not found,,
https://cardshows.io/shops/nihon-trading-company-stockton,,not found,,
https://cardshows.io/shops/nikco-sports-chesterfield,https://nikcosports.com,guessed nikcosports.com,high,Nikco Sports Memorabilia and Sports Collectibles
https://cardshows.io/shops/nine-realms-comics-and-gaming-akron,,not found,,
https://cardshows.io/shops/nine8-comics-and-games-west-sacramento,,not found,,
https://cardshows.io/shops/ninjaxchange-collectible-expo-carlsbad,,not found,,
https://cardshows.io/shops/nite-day-sports-cards-and-collectibles-brookfield,,not found,,
https://cardshows.io/shops/nittwitt-sports-cards-collectibles-palmyra,,not found,,
https://cardshows.io/shops/no-limit-gaming-kettering,,not found,,
https://cardshows.io/shops/nocturnal-tcg-collectibles-honolulu,,not found,,
https://cardshows.io/shops/nola-collects-sports-cards-new,,not found,,
https://cardshows.io/shops/nola-sports-rookie-new-orleans,,not found,,
https://cardshows.io/shops/nomad-games-and-hobbies-edmonds,,not found,,
https://cardshows.io/shops/norcal-sports-cards-collectibles-folsom,,not found,,
https://cardshows.io/shops/norcal-sports-cards-collectibles-roseville,,not found,,
https://cardshows.io/shops/nordin-collectibles-jacksonville,,not found,,
https://cardshows.io/shops/norsegoat-collectibles-jonesboro,,not found,,
https://cardshows.io/shops/north-star-trading-and-sports-sartell,,not found,,
https://cardshows.io/shops/north-tampa-collectibles-lutz,https://ntcollects.com,guessed northtampacollectibles.com,high,NT Collects | North Tampa Collectibles
https://cardshows.io/shops/northeast-collectibles-brewer,https://northeastcollectibles.net,guessed northeastcollectibles.net,high,"Comic Book Store, Video Game Store | Gaming Store | Brewer, ME | Northeast Collectibles"
https://cardshows.io/shops/northeast-games-hobbies-feeding-hills,,not found,,
https://cardshows.io/shops/northeastbreakers-falmouth,,not found,,
https://cardshows.io/shops/northern-collectibles-wasilla,,not found,,
https://cardshows.io/shops/northern-realms-trading-cards-minnesota-llc-hibbing,,not found,,
https://cardshows.io/shops/northland-baseball-cards-collectibles-gladstone,,not found,,
https://cardshows.io/shops/northland-hobbies-flagstaff,https://northlandhobbies.com,guessed northlandhobbies.com,high,Northland Hobbies
https://cardshows.io/shops/northside-collectibles-inc-loves-park,,not found,,
https://cardshows.io/shops/northwest-card-company-pacific,https://northwestcardco.com,guessed northwestcardcompany.com,medium,Northwest Card Company | Shop Sports Cards & Trading Cards
https://cardshows.io/shops/northwest-sportscards-game-center-tacoma,,not found,,
https://cardshows.io/shops/northwest-sportscards-tacoma,,not found,,
https://cardshows.io/shops/nostalgia-world-sports-cards-jonesboro,,not found,,
https://cardshows.io/shops/nova-games-osbornville,https://www.novagames.com/en,guessed novagames.com,medium,Nova Games | Home
https://cardshows.io/shops/nowheres-store-of-forgotten-lore-springfield,,not found,,
https://cardshows.io/shops/nu-yeer-games-hobart,https://www.nuyeergames.com,guessed nuyeergames.com,high,Nu Yeer Games
https://cardshows.io/shops/nvimax-collectibles-garden-grove,,not found,,
https://cardshows.io/shops/nwa-sports-cards-bentonville,https://nwasportscards.com,guessed nwasportscards.com,high,NWA Sports Cards
https://cardshows.io/shops/nxt-legaci-gaming-new-york,https://www.nxtlegacigaming.com,guessed nxtlegacigaming.com,medium,Nxt Legaci Gaming | NYC’s Stage for Gamers & Collectors
https://cardshows.io/shops/nxt-legaci-new-york,https://nxtlegaci.com,guessed nxtlegaci.com,high,"NXT Legaci | Shop Pokémon, TCG, Graded Collectibles & Accessories – Nxt Legaci"
https://cardshows.io/shops/nygn-games-llc-novi,https://nygngames.com,guessed nygngames.com,medium,Gaming - Nygn Games
https://cardshows.io/shops/oak-city-sports-cards-raleigh,https://oakcitycards.com,guessed oakcitysportscards.com,high,Oak City Sports Cards Home Page
https://cardshows.io/shops/oasis-games-salt-lake-city,,not found,,
https://cardshows.io/shops/oath-forged-games-loveland,,not found,,
https://cardshows.io/shops/oblivion-games-tampa,,not found,,
https://cardshows.io/shops/oc-sports-cards-memorabilia-brighton,,not found,,
https://cardshows.io/shops/ocean-view-sports-cards-collectibles-ocean-view,,not found,,
https://cardshows.io/shops/ocsc-sports-cards-llc-crestwood,https://ocscsportscards.com,guessed ocscsportscards.com,high,Buy Sports Cards Online | OCSC Sports Cards
https://cardshows.io/shops/odyssey-games-kalamazoo,,not found,,
https://cardshows.io/shops/odyssey-games-pasadena-pasadena,,not found,,
https://cardshows.io/shops/off-the-rails-gaming-opelika,https://offtherailsgaming.com,guessed offtherailsgaming.com,high,Off The Rails Gaming
https://cardshows.io/shops/off-the-wall-games-west-springfield,,not found,,
https://cardshows.io/shops/offcourt-tcg-arlington,https://offcourttcg.com,guessed offcourttcg.com,high,Trading card games – OffCourtTCG
https://cardshows.io/shops/oh-wow-augusta,,not found,,
https://cardshows.io/shops/ohio-card-exchange-centerville,https://ohiocardexchange.com,guessed ohiocardexchange.com,high,Ohio Card Exchange
https://cardshows.io/shops/old-black-mountain-games-and-toys-johnson-city,,not found,,
https://cardshows.io/shops/old-brooklyn-sports-cards-cleveland,,not found,,
https://cardshows.io/shops/old-fort-cards-collectibles-fort-smith,,not found,,
https://cardshows.io/shops/old-gold-collectibles-alameda,,not found,,
https://cardshows.io/shops/old-newport-cards-collectibles-newport-beach,,not found,,
https://cardshows.io/shops/old-rod-collectibles-virginia-beach,,not found,,
https://cardshows.io/shops/old-school-gaming-maumee,,not found,,
https://cardshows.io/shops/old-town-hobbies-and-games-albuquerque,https://www.oldtownhobbiesandgames.com,guessed oldtownhobbiesandgames.com,high,Home | Old Town Hobbies 1
https://cardshows.io/shops/old-world-games-scottsdale,,not found,,
https://cardshows.io/shops/olivers-sports-wichita,https://www.oliverssports.com,guessed oliverssports.com,high,"Oliver's Sports | Sports Cards and Memorabilia in Wichita, Kansas"
https://cardshows.io/shops/olympus-games-cheyenne,,not found,,
https://cardshows.io/shops/omaha-sports-cards-omaha,,not found,,
https://cardshows.io/shops/omdur2025-grand-prairie,,not found,,
https://cardshows.io/shops/omega-card-games-columbus,,not found,,
https://cardshows.io/shops/omega-gaming-houston,,not found,,
https://cardshows.io/shops/omega-level-gaming-washington,https://www.omegalevelgaming.com,guessed omegalevelgaming.com,high,"Omega Level Gaming youre one stop shop for all TCG, TTG, and Comic needs! | Explore Games & Join the Action Today"
https://cardshows.io/shops/omni-cards-and-comics-wethersfield,,not found,,
https://cardshows.io/shops/omniscience-cards-games-las-vegas,,not found,,
https://cardshows.io/shops/omnisource-games-westport,https://www.omnisourcegames.com,guessed omnisourcegames.com,high,OmniSource Games | Discover Gaming Fun
https://cardshows.io/shops/on-deck-greensboro,https://www.ondeck.com,guessed ondeck.com,medium,Small Business Lending That's Fast & Easy | OnDeck
https://cardshows.io/shops/on-the-level-collectors-tcg-llc-stoughton,,not found,,
https://cardshows.io/shops/on-the-marq-sports-cards-kennewick,,not found,,
https://cardshows.io/shops/on-the-rise-cards-and-collectibles-st-charles,,not found,,
https://cardshows.io/shops/on-the-side-comics-llc-portsmouth,,not found,,
https://cardshows.io/shops/once-upon-a-memory-treasures-palmer,,not found,,
https://cardshows.io/shops/one-drop-game-shop-wichita,https://onedropgameshop.com,guessed onedropgameshop.com,high,One Drop Game Shop – Learn – Play – Compete
https://cardshows.io/shops/one-for-all-games-peoria,,not found,,
https://cardshows.io/shops/one-more-pack-tcg-fayetteville,,not found,,
https://cardshows.io/shops/one-more-tcg-collectibles-huntington,,not found,,
https://cardshows.io/shops/one-of-one-sports-memorabilia-and-cards-gresham,,not found,,
https://cardshows.io/shops/one-piece-card-game-official-shop-gurnee-il-gurnee,,not found,,
https://cardshows.io/shops/one-up-tcg-flowood,,not found,,
https://cardshows.io/shops/one-up-tcg-mendenhall,,not found,,
https://cardshows.io/shops/one-up-tcg-tuscaloosa,https://oneuptcg.crystalcommerce.com,guessed oneuptcg.com,medium,One Up TCG
https://cardshows.io/shops/onestoptcg-trading-cards-collectibles-addison,,not found,,
https://cardshows.io/shops/only-gamez-vernon-hills,,not found,,
https://cardshows.io/shops/only-sell-mint-spanish-fork,,not found,,
https://cardshows.io/shops/opal-grove-games-detroit,https://www.opalgrovegames.com,guessed opalgrovegames.com,high,Opal Grove Games
https://cardshows.io/shops/orb-sports-cards-collectibles-oregon-city,,not found,,
https://cardshows.io/shops/orbinspire-games-fort-worth,,not found,,
https://cardshows.io/shops/orchard-store-fort-wayne,,not found,,
https://cardshows.io/shops/origins-game-shop-gt-grand-terrace,,not found,,
https://cardshows.io/shops/origins-gaming-berkley,,not found,,
https://cardshows.io/shops/orlando-sports-cards-pokemon-onepiece-labubu-orlando,,not found,,
https://cardshows.io/shops/otaku-haven-canton,,not found,,
https://cardshows.io/shops/otaku-nation-tucson,,not found,,
https://cardshows.io/shops/otaku-sekai-worcester,,not found,,
https://cardshows.io/shops/otaku-takeout-little-rock,,not found,,
https://cardshows.io/shops/other-realms-ltd-honolulu,https://other-realms.com,guessed other-realms.com,medium,Retail Store- Other Realms LTD.
https://cardshows.io/shops/ottertradingcards-shreveport,,not found,,
https://cardshows.io/shops/outer-realm-cards-games-southaven,,not found,,
https://cardshows.io/shops/outlaw-cards-fort-collins,,not found,,
https://cardshows.io/shops/over-the-brick-kirkland,https://overthebrick.com,guessed overthebrick.com,medium,"Over the Brick – All your gaming needs. Board Games, Role Playing Game"
https://cardshows.io/shops/over-the-top-games-moline,https://overthetopgames.com,guessed overthetopgames.com,medium,"Over the Top Games - Indie Game Developers in Madrid, Spain"
https://cardshows.io/shops/overtime-cards-sandy,,not found,,
https://cardshows.io/shops/overtime-cards-spanish-fork,,not found,,
https://cardshows.io/shops/overtime-sports-tucson,,not found,,
https://cardshows.io/shops/owl-central-games-and-hobbies-millersville,,not found,,
https://cardshows.io/shops/ozcards-sports-cards-oxnard,,not found,,
https://cardshows.io/shops/p-a-a-s-autograph-authentication-hollywood,,not found,,
https://cardshows.io/shops/p-lay-cards-and-games-long-beach,,not found,,
https://cardshows.io/shops/p-m-gaming-fort-smith,,not found,,
https://cardshows.io/shops/p-t-sports-cards-whitman,http://www.ptsportscards.net,guessed ptsportscards.net,high,P&T Sports Cards: Your #1 Hobby Store for Sports Cards and Memorabilia
https://cardshows.io/shops/p-t-trading-cards-collectibles-gulfport,,not found,,
https://cardshows.io/shops/pack-smashers-cards-collectibles-llc-edmond,,not found,,
https://cardshows.io/shops/pack-the-ripper-llc-hialeah,,not found,,
https://cardshows.io/shops/pack-titans-trading-card-shop-trenton,,not found,,
https://cardshows.io/shops/packers-pro-shop-green-bay,https://www.packersproshop.com,guessed packersproshop.com,high,Packers Pro Shop - The Official Retail Store of the Green Bay Packers
https://cardshows.io/shops/packs-tcg-auburn,,not found,,
https://cardshows.io/shops/packsmith-lake-oswego,,not found,,
https://cardshows.io/shops/pair-a-dice-games-vista,https://pairadicegames.com,guessed pairadicegames.com,high,Pair A Dice Games | Premier Fine Games Retailer North County San Diego
https://cardshows.io/shops/pair-o-dice-games-bellingham,,not found,,
https://cardshows.io/shops/paisancards-collectables-llc-trenton,,not found,,
https://cardshows.io/shops/paladins-game-castle-bakersfield,,not found,,
https://cardshows.io/shops/pallet-town-trading-florence,,not found,,
https://cardshows.io/shops/palm-beach-autographs-jacksonville,https://www.palmbeachautographs.com,guessed palmbeachautographs.com,high,Authentic Sports Memorabilia & Live Signings | Florida & TN – Palm Beach Autographs LLC
https://cardshows.io/shops/palmetto-cards-lexington,https://palmettocards.com,guessed palmettocards.com,high,Palmetto Cards
https://cardshows.io/shops/palmetto-collectables-charlotte,https://palmettocollectables.com,guessed palmettocollectables.com,high,Palmetto Collectables
https://cardshows.io/shops/palmetto-sportscards-and-collectibles-summerville,,not found,,
https://cardshows.io/shops/panda-sports-ix-st,,not found,,
https://cardshows.io/shops/pandamonium-gaming-kenner,,not found,,
https://cardshows.io/shops/papa-joeys-collectibles-lexington,,not found,,
https://cardshows.io/shops/papa-joeys-collectibles-national-city,,not found,,
https://cardshows.io/shops/paper-gold-vintage-bellevue,,not found,,
https://cardshows.io/shops/paper-heros-games-huntington-beach,https://paperherosgames.com,guessed paperherosgames.com,high,Paper Hero's Games - PHG | Game Shop
https://cardshows.io/shops/paper-or-plastic-sports-and-games-shorewood,,not found,,
https://cardshows.io/shops/paper-tiger-richmond,,not found,,
https://cardshows.io/shops/papiis-cards-collectibles-wyoming,,not found,,
https://cardshows.io/shops/paradigm-games-indianapolis,,not found,,
https://cardshows.io/shops/paradigm-pop-culture-collectibles-herkimer,,not found,,
https://cardshows.io/shops/paradise-card-breaks-baltimore,https://paradisecardbreaks.com,guessed paradisecardbreaks.com,medium,Paradise Card Breaks
https://cardshows.io/shops/paradise-card-breaks-las-vegas,https://paradisecardbreaks.com,guessed paradisecardbreaks.com,medium,Paradise Card Breaks
https://cardshows.io/shops/paradise-pulls-tcg-mililani,,not found,,
https://cardshows.io/shops/paragon-city-games-sandy,,not found,,
https://cardshows.io/shops/parallax-games-bismarck,https://parallax-games.com,guessed parallax-games.com,medium,Parallax Games
https://cardshows.io/shops/parkside-cards-collectibles-ewing-township,,not found,,
https://cardshows.io/shops/past-present-future-comics-davie,,not found,,
https://cardshows.io/shops/pastime-legends-video-games-arcade-showroom-ventura,,not found,,
https://cardshows.io/shops/patch-craft-hobby-shop-sioux-city,,not found,,
https://cardshows.io/shops/pathfinder-gaming-north-canton,,not found,,
https://cardshows.io/shops/pats-domino-scoreboard-palace-jackson,,not found,,
https://cardshows.io/shops/pats-games-austin,https://patsgames.com,guessed patsgames.com,high,Pats Games Specializing In Magic The Gathering and Lorcana Products
https://cardshows.io/shops/paul-carl-cards-herkimer,https://www.paulcarlcards.com,guessed paulcarlcards.com,high,Paul Carl Cards — Sports Card Consignment
https://cardshows.io/shops/paulas-sports-cards-etc-honolulu,https://paulassportscards.com,guessed paulassportscards.com,medium,Paula's Sports Cards Etc.
https://cardshows.io/shops/pauls-gamerzone-massillon,https://www.pauls-gamerzone.com,guessed pauls-gamerzone.com,high,Paul's Gamerzone
https://cardshows.io/shops/paxtins-cards-llc-west,,not found,,
https://cardshows.io/shops/pay-it-forward-card-shows-leominster,,not found,,
https://cardshows.io/shops/paying4rhystic-modesto,,not found,,
https://cardshows.io/shops/pb-collectibles-newport,https://www.pbcollectibles.com,guessed pbcollectibles.com,medium,Home | Pb Collectibles
https://cardshows.io/shops/pd-sports-cards-olathe,,not found,,
https://cardshows.io/shops/peach-state-games-woodstock,https://peachstategames.com,guessed peachstategames.com,high,Peach State Games - Woodstock Hobby Store
https://cardshows.io/shops/pegasus-collectibles-bellingham,,not found,,
https://cardshows.io/shops/pegasus-games-madison,https://pegasusgames.com,guessed pegasusgames.com,high,Pegasus Games
https://cardshows.io/shops/pelham-comics-collectibles-village-of-pelham,,not found,,
https://cardshows.io/shops/pengus-cards-and-collectables-colorado-springs,,not found,,
https://cardshows.io/shops/peninsula-sports-cards-belmont,https://www.peninsulasportscards.com,guessed peninsulasportscards.com,high,Peninsula Sports Cards‎
https://cardshows.io/shops/penta-smite-gaming-pearl,,not found,,
https://cardshows.io/shops/perfect-circle-games-niles,,not found,,
https://cardshows.io/shops/perfect-rares-card-center-artesia,,not found,,
https://cardshows.io/shops/petez-popz-dayton,https://petezpopz.com,guessed petezpopz.com,medium,PeteZ PopZ I Funko Pops I Loungefly Bags I Collectibles · PeteZ PopZ
https://cardshows.io/shops/petries-family-games-colorado-springs,,not found,,
https://cardshows.io/shops/petruccos-collectibles-wholesale-plantation,https://petruccoscollectibles.com,guessed petruccoscollectibles.com,medium,Petrucco's Collectibles
https://cardshows.io/shops/phantasm-gaming-branford,,not found,,
https://cardshows.io/shops/phantasma-las-vegas,,not found,,
https://cardshows.io/shops/phantom-card-shop-collingswood,https://phantomcardshop.com,guessed phantomcardshop.com,high,Top NJ based shop for Japanese & English Pokémon Cards and Lorcana – Phantom Card Shop
https://cardshows.io/shops/phantom-card-vault-clearwater,https://phantomcardvault.com,guessed phantomcardvault.com,high,Phantom Card Vault
https://cardshows.io/shops/phantom-cards-collectibles-los-angeles,,not found,,
https://cardshows.io/shops/pharaohs-card-emporium-wasilla,,not found,,
https://cardshows.io/shops/phenomenal-games-lindenwold,,not found,,
https://cardshows.io/shops/phillips-cards-concord,,not found,,
https://cardshows.io/shops/philly-tcg-philadelphia,https://phillytcg.com,guessed phillytcg.com,high,"PhillyTCG | Pokemon, Magic & One Piece | Buy Sell & Trade – Philly TCG"
https://cardshows.io/shops/phils-comic-shoppe-margate,,not found,,
https://cardshows.io/shops/phinari-trading-collectible-springfield,,not found,,
https://cardshows.io/shops/phoenix-cards-phoenix,https://phoenixcards.com,guessed phoenixcards.com,high,"CCG, TCG, Collectables, Figures and More - Phoenix Cards"
https://cardshows.io/shops/phoenix-comics-games-seattle,,not found,,
https://cardshows.io/shops/phoenix-emporium-games-and-collectibles-clearwater,,not found,,
https://cardshows.io/shops/phoenix-fire-games-meridian,https://www.phoenixfiregames.com,guessed phoenixfiregames.com,medium,Phoenix Fire Games - Phoenix Fire Games
https://cardshows.io/shops/phoenix-games-fridley,https://www.phoenixgames.com,guessed phoenixgames.com,medium,Home - Phoenix Games - F2P Founders Unleashed
https://cardshows.io/shops/phoenix-gaming-lounge-phoenix,https://www.phoenixgaming.net,guessed phoenixgaming.net,medium,Phoenix Gaming DK - Denmark
https://cardshows.io/shops/phoenix-rise-trading-cards-and-tabletop-games-fort-worth,,not found,,
https://cardshows.io/shops/phoenix-rising-games-and-comics-salisbury,,not found,,
https://cardshows.io/shops/phoenix-sports-cards-glendale,,not found,,
https://cardshows.io/shops/phu-top-cards-balcones-heights,,not found,,
https://cardshows.io/shops/picante-trading-card-games-greensboro,,not found,,
https://cardshows.io/shops/pick-6-sportscards-coeur-d-alene,https://pick6sportscards.com,guessed pick6sportscards.com,medium,Pick6 Sportscards offers a large variety of singles to brand new boxes – Pick 6 Sportscards
https://cardshows.io/shops/piece-of-the-game-white-plains,,not found,,
https://cardshows.io/shops/pika-stop-dallas,,not found,,
https://cardshows.io/shops/pile-of-games-albuquerque,https://www.pileofgames.com,guessed pileofgames.com,medium,Pile of Games
https://cardshows.io/shops/pinellas-sports-cards-memorabilia-largo,,not found,,
https://cardshows.io/shops/pink-elephant-games-and-cafe-wichita,https://www.pinkelephantgames.com,guessed pinkelephantgames.com,medium,Pink Elephant Games and Cafe
https://cardshows.io/shops/pinnacle-cards-casper,,not found,,
https://cardshows.io/shops/pintler-collection-bozeman,,not found,,
https://cardshows.io/shops/pioneer-sports-cards-cooperstown,,not found,,
https://cardshows.io/shops/pittsburgh-pulls-canonsburg,https://www.pittsburgh.com,guessed pittsburgh.com,medium,Pittsburgh.com
https://cardshows.io/shops/pixel-pack-games-spokane-valley,,not found,,
https://cardshows.io/shops/pixelhaven-games-collectibles-austin,,not found,,
https://cardshows.io/shops/pizza-ranch-fun-zone-game-center-helena,,not found,,
https://cardshows.io/shops/plant-city-card-shop-plant-city,,not found,,
https://cardshows.io/shops/play-and-display-scarsdale,,not found,,
https://cardshows.io/shops/play-another-game-cards-collectibles-philadelphia,,not found,,
https://cardshows.io/shops/play-cave-gaming-and-lounge-kathleen,,not found,,
https://cardshows.io/shops/play-more-games-gaithersburg,https://playmoregames.com,guessed playmoregames.com,medium,Developers of DIZED™ | Playmore Games
https://cardshows.io/shops/play-or-draw-avondale,https://playordraw.com,guessed playordraw.com,medium,Play or Draw - Premier Trading Card Marketplace
https://cardshows.io/shops/play-or-draw-surprise,https://playordraw.com,guessed playordraw.com,medium,Play or Draw - Premier Trading Card Marketplace
https://cardshows.io/shops/playball-sports-cards-memorabilia-arlington,,not found,,
https://cardshows.io/shops/playball-sportscards-lincoln,,not found,,
https://cardshows.io/shops/players-union-games-portland,,not found,,
https://cardshows.io/shops/playmakers-gcc-hudsonville,https://playmakersgcc.com,guessed playmakersgcc.com,high,Playmakers GCC
https://cardshows.io/shops/playmakers-sports-cards-memorabilia-gaming-rapid-city,,not found,,
https://cardshows.io/shops/plunder-gaming-amsterdam,,not found,,
https://cardshows.io/shops/plunger-ball-bozeman,,not found,,
https://cardshows.io/shops/pockethaven-annandale,,not found,,
https://cardshows.io/shops/poke-collect-madison,https://poke-collect.com,guessed poke-collect.com,high,Poke-Collect Pokemon Trading Cards & Collectibles Super Store
https://cardshows.io/shops/poke-dealz-llc-salisbury,,not found,,
https://cardshows.io/shops/poke-guru-trading-cards-milwaukee,https://pokegurutradingcards.com,guessed pokegurutradingcards.com,medium,Poke Guru Trading Cards
https://cardshows.io/shops/poke-mart-collectibles-denham-springs,,not found,,
https://cardshows.io/shops/poke-parents-club-ltd-lakewood,,not found,,
https://cardshows.io/shops/poke-pine-cabin-crestline,https://pokepinecabin.com,guessed pokepinecabin.com,high,"Poke Pine Cabin | Family-Owned Pokemon Shop in Crestline, CA"
https://cardshows.io/shops/poke-pirate-co-stuart,,not found,,
https://cardshows.io/shops/poke-plug-forked-river,https://pokemonplug.com,guessed poke-plug.com,medium,Pokemon Plug Official Web Store
https://cardshows.io/shops/poke-unnie-hammond,https://www.pokeunnie.com,guessed pokeunnie.com,medium,Home | Poke Unnie
https://cardshows.io/shops/pokebros-nola-llc-slidell,,not found,,
https://cardshows.io/shops/pokecard-scotch-plains,,not found,,
https://cardshows.io/shops/pokecave-collects-dover,,not found,,
https://cardshows.io/shops/pokecharles-cards-and-collectibles-fort-walton-beach,,not found,,
https://cardshows.io/shops/pokedex-local-peoria,,not found,,
https://cardshows.io/shops/pokedrop-rochester,,not found,,
https://cardshows.io/shops/pokefit-trading-orlando,,not found,,
https://cardshows.io/shops/pokejoshcollects-miramar,,not found,,
https://cardshows.io/shops/pokekang-cards-collectibles-melbourne,,not found,,
https://cardshows.io/shops/pokekang-sports-cards-collectibles-iii-west-melbourne,,not found,,
https://cardshows.io/shops/pokemaine-brewer,,not found,,
https://cardshows.io/shops/pokemartin-collectibles-pomona,,not found,,
https://cardshows.io/shops/pokemon-anime-center-at-state-theatre-vintage-emporium-columbia-pa-columbia,,not found,,
https://cardshows.io/shops/pokemon-stop-westerville,https://www.pokemon.com/us,guessed pokemon.com,medium,The Official Pokémon Website | Pokemon.com
https://cardshows.io/shops/pokemon-trainers-universe-franklin,,not found,,
https://cardshows.io/shops/pokemonster-llc-newton,,not found,,
https://cardshows.io/shops/pokenola-collectibles-metairie,,not found,,
https://cardshows.io/shops/pokeoasis-fort-worth,https://pokeoasis.com,guessed pokeoasis.com,high,PokeOasis
https://cardshows.io/shops/pokeorchard-manhattan,,not found,,
https://cardshows.io/shops/pokepack-bros-los-angeles,https://pokepack.net,guessed pokepack.net,medium,POKE PACK
https://cardshows.io/shops/pokeportfolio-warwick,,not found,,
https://cardshows.io/shops/pokeseekann-gulfport,,not found,,
https://cardshows.io/shops/pokeshop-collectables-mt-zion,,not found,,
https://cardshows.io/shops/pokesports-trading-cards-llc-salt-lake-city,,not found,,
https://cardshows.io/shops/pokestation-plano,https://pokestation.net,guessed pokestation.net,medium,"Pokémon Cards Guide: Rarity, Value & Collecting Tips | Pokestation"
https://cardshows.io/shops/pokestop-retro-games-pokemon-cards-spring,,not found,,
https://cardshows.io/shops/poketactical-killeen,,not found,,
https://cardshows.io/shops/poketn-murfreesboro,https://poketn.com,guessed poketn.com,medium,PokeTN
https://cardshows.io/shops/pokevikie-tcg-card-member-store-milpitas,,not found,,
https://cardshows.io/shops/pokeworld-graded-cards-comics-slabs-collectibles-fayetteville,,not found,,
https://cardshows.io/shops/pokezone-kennebunk,,not found,,
https://cardshows.io/shops/pokisports-iowa-city,,not found,,
https://cardshows.io/shops/pokizard-collectables-fort-worth,,not found,,
https://cardshows.io/shops/ponte-vedra-beach-cards-and-comics-ponte-vedra-beach,,not found,,
https://cardshows.io/shops/pony-express-sports-more-independence,,not found,,
https://cardshows.io/shops/pop-1-sports-cards-springfield,,not found,,
https://cardshows.io/shops/pop-cult-alpharetta,https://pop-cult.com,guessed pop-cult.com,medium,Pop Culture Awesomeness Times a Thousand - Todd Frye's Pop-Cult.Com
https://cardshows.io/shops/pop-cult-chattanooga,https://pop-cult.com,guessed pop-cult.com,medium,Pop Culture Awesomeness Times a Thousand - Todd Frye's Pop-Cult.Com
https://cardshows.io/shops/pop-cult-clearwater,https://pop-cult.com,guessed pop-cult.com,medium,Pop Culture Awesomeness Times a Thousand - Todd Frye's Pop-Cult.Com
https://cardshows.io/shops/pop-culture-archives-new-brighton,https://www.popculturearchives.com,guessed popculturearchives.com,high,HOME | Pop Culture Archives
https://cardshows.io/shops/pop-culture-rama-gainesville,https://popculturerama.com,guessed popculturerama.com,high,POPCULTURERAMA.com | POPCULTURERAMA.com
https://cardshows.io/shops/pop-cultured-lowell,,not found,,
https://cardshows.io/shops/pop-gun-collectibles-2-la-porte,https://www.popguncollectibles.com,guessed popguncollectibles.com,medium,"POPGUN COLLECTIBLES | POKEMON CARDS . FUNKO. TOYS. | 3818 South Shepherd Drive, Houston, TX, USA"
https://cardshows.io/shops/pop-stop-and-pokemon-shop-ocean-grove,https://www.popstopandpokemonshop.com,guessed popstopandpokemonshop.com,medium,"Funko Pops & Pokemon Cards | Pop Stop & Pokemon Shop | Neptune Township, NJ"
https://cardshows.io/shops/popculture-3d-central-point,https://www.popculture3d.com,guessed popculture3d.com,high,"Pop Culture 3D | Pokémon & Trading Cards in Central Point, OR"
https://cardshows.io/shops/poppin-packs-coeur-d-alene,,not found,,
https://cardshows.io/shops/poppin-pax-northglenn,https://www.pillsbury.com,guessed poppin.net,medium,Easy Recipes & Easy Cooking Ideas | Pillsbury
https://cardshows.io/shops/pops-n-son-collectibles-pinellas-park,https://www.popsnsoncollectibles.com,guessed popsnsoncollectibles.com,medium,Pops N Son Collectibles | One Piece
https://cardshows.io/shops/pops-sports-cards-gaming-llc-essex,,not found,,
https://cardshows.io/shops/port-city-sports-collectibles-wilmington,https://portcitysportscollectibles.com,guessed portcitysportscollectibles.com,high,Port City Sports Collectibles
https://cardshows.io/shops/portals-games-comics-salisbury,,not found,,
https://cardshows.io/shops/portland-pokemon-vending-machine-wood-village,,not found,,
https://cardshows.io/shops/portland-sports-card-co-portland,,not found,,
https://cardshows.io/shops/post-express-collectibles-las-vegas,,not found,,
https://cardshows.io/shops/postseason-sportscards-cedar-rapids,,not found,,
https://cardshows.io/shops/potomac-collector-rockville,,not found,,
https://cardshows.io/shops/powers-sports-memorabilia-lee-s,https://powerssportsmemorabilia.com,guessed powerssportsmemorabilia.com,high,Authentic Sports Memorabilia | Powers Sports Memorabilia
https://cardshows.io/shops/premier-card-collectors-online-only-kansas-city,,not found,,
https://cardshows.io/shops/premier-sports-cards-llc-saddle-brook,,not found,,
https://cardshows.io/shops/premier-sports-cards-orange-city,,not found,,
https://cardshows.io/shops/press-pass-collectibles-scottsdale,https://presspasscollectibles.com,guessed presspasscollectibles.com,medium,Press Pass Collectibles - Your #1 Source For Autographed Memorabilia
https://cardshows.io/shops/prestigious-card-grading-llc-pcg-card-shop-sebastian,,not found,,
https://cardshows.io/shops/pretty-cool-cards-nolensville-nolensville,,not found,,
https://cardshows.io/shops/prices-collectibles-greendale,,not found,,
https://cardshows.io/shops/primal-cards-collectables-fort-worth,,not found,,
https://cardshows.io/shops/primal-nerds-yukon,https://www.primalnerds.com,guessed primalnerds.com,medium,Primal Nerds
https://cardshows.io/shops/prime-time-collectibles-bentonville,,not found,,
https://cardshows.io/shops/prime-time-gaming-macon,https://www.primetimegaming.net,guessed primetimegaming.net,medium,Prime Time Gaming | Coming Soon
https://cardshows.io/shops/primetime-card-depot-dayton,https://primetimecarddepot.com,guessed primetimecarddepot.com,medium,Buy Sports Cards Online | 45+ Years | Primetime Card Depot
https://cardshows.io/shops/primetime-card-show-new,,not found,,
https://cardshows.io/shops/primetime-cards-and-games-gilbert-gilbert,https://primetimemagic.com,guessed primetimecardsandgames.com,medium,Buy Magic Cards | Primetime Cards and Games
https://cardshows.io/shops/primetime-cards-and-games-tempe,https://primetimemagic.com,guessed primetimecardsandgames.com,medium,Buy Magic Cards | Primetime Cards and Games
https://cardshows.io/shops/primetime-sports-collectibles-frederick,,not found,,
https://cardshows.io/shops/primetime-sportscards-collectibles-zion,,not found,,
https://cardshows.io/shops/primeval-games-kentwood,,not found,,
https://cardshows.io/shops/prism-games-chicago-chicago,https://www.prismgameschicago.com,guessed prismgameschicago.com,high,"Prism Games Chicago | Games In Chicago | 2874 North Milwaukee Avenue, Chicago, IL, USA"
https://cardshows.io/shops/private-stock-hobby-shop-midland,https://privatestockhobbyshop.com,guessed privatestockhobbyshop.com,medium,Card Shop; Hobby Shop; Sports Cards; Trading Cards; collectibles – Private Stock Hobby Shop
https://cardshows.io/shops/private-vault-collectibles-las-vegas,,not found,,
https://cardshows.io/shops/pro-play-games-miami,https://pro-playgames.com,guessed proplaygames.com,high,"Pro-Play Games | TCG Singles, Sealed Products & Accessories"
https://cardshows.io/shops/professional-sports-authenticator-psa-santa-ana,,not found,,
https://cardshows.io/shops/professor-sports-cards-oklahoma-city,,not found,,
https://cardshows.io/shops/professors-vending-college-park,,not found,,
https://cardshows.io/shops/project-dreamerz-clifton,,not found,,
https://cardshows.io/shops/project-midnite-carlsbad,https://projectmidnite.com,guessed projectmidnite.com,high,"Project Midnite - Your Card & Game Shop in Carlsbad, CA"
https://cardshows.io/shops/project-xenon-lafayette,,not found,,
https://cardshows.io/shops/projectccg-santa-ana,https://projectccg.com,guessed projectccg.com,medium,Project CCG – ProjectCCG
https://cardshows.io/shops/psystrike-cards-and-collectibles-tallahassee,,not found,,
https://cardshows.io/shops/pull-n-play-tabletop-games-sacramento,,not found,,
https://cardshows.io/shops/pullpoint-vending-and-collectibles-vending-machine-gainesville,,not found,,
https://cardshows.io/shops/pullwax-miami,https://pullwax.com,guessed pullwax.com,high,Top-Quality Sports Cards Online | Exclusive Rare Collection at PullWax
https://cardshows.io/shops/punkouter-games-gainesville,https://punkouter.com,guessed punkoutergames.com,medium,PunkOuter Games
https://cardshows.io/shops/pure-collectibles-washington-washington,,not found,,
https://cardshows.io/shops/pursuit-sportscards-eau-claire,,not found,,
https://cardshows.io/shops/q-a-cards-collectibles-inc-dallas,,not found,,
https://cardshows.io/shops/q-a-sports-trading-cards-antiques-webster,,not found,,
https://cardshows.io/shops/qc-hobby-house-depew,,not found,,
https://cardshows.io/shops/qkunlimited-boulder,,not found,,
https://cardshows.io/shops/qlawi-cards-and-collectibles-needham,,not found,,
https://cardshows.io/shops/qs-quarters-fort-collins,,not found,,
https://cardshows.io/shops/quality-time-sports-cards-bossier-city,,not found,,
https://cardshows.io/shops/quantum-sports-llc-modesto,,not found,,
https://cardshows.io/shops/quarterstaff-games-burlington,https://quarterstaffgames.com,guessed quarterstaffgames.com,high,Quarterstaff Games
https://cardshows.io/shops/queen-city-comic-card-company-cincinnati,,not found,,
https://cardshows.io/shops/quinns-trading-cards-manchester,https://www.quinnstradingcards.com,guessed quinnstradingcards.com,high,Quinns Trading Cards | Home | United States
https://cardshows.io/shops/r-card-place-auburn,https://www.rcardplace.com,guessed rcardplace.com,high,R CARD PLACE - Home
https://cardshows.io/shops/r-d-sports-cards-llc-guilford,,not found,,
https://cardshows.io/shops/r-e-v-collectibles-houston,https://www.revcollectibles.com,guessed revcollectibles.com,high,R.E.V. Collectibles
https://cardshows.io/shops/r-m-sports-zone-coral-springs,,not found,,
https://cardshows.io/shops/rabbit-hole-sports-cards-madison,https://www.rabbitholesportscards.com,guessed rabbitholesportscards.com,medium,Home | Rabbit Hole Sports Cards & Memorabilia SITE UNDER CONSTRUCTION VISIT US IN STORE FOR PRODUCTS
https://cardshows.io/shops/rabbits-sports-cards-and-collectibles-morton,,not found,,
https://cardshows.io/shops/rainers-tcg-shop-lafayette,,not found,,
https://cardshows.io/shops/rally-house-arena-village-fayetteville,https://www.rallyhouse.com,guessed rallyhouse.com,medium,"Sports Apparel & Fan Gear | College, NFL, MLB, NBA, & NHL Jerseys, Hats, and Merch | Rally House"
https://cardshows.io/shops/rally-house-boardman-boardman,https://www.rallyhouse.com,guessed rallyhouse.com,medium,"Sports Apparel & Fan Gear | College, NFL, MLB, NBA, & NHL Jerseys, Hats, and Merch | Rally House"
https://cardshows.io/shops/rally-house-outlets-of-little-rock-little-rock,,not found,,
https://cardshows.io/shops/rally-house-tamarack-village-woodbury,https://www.rallyhouse.com,guessed rallyhouse.com,medium,"Sports Apparel & Fan Gear | College, NFL, MLB, NBA, & NHL Jerseys, Hats, and Merch | Rally House"
https://cardshows.io/shops/rally-point-cards-jacksonville,https://www.rallypointcards.com,guessed rallypointcards.com,medium,RallyPoint Cards
https://cardshows.io/shops/random-encounter-games-mesquite,,not found,,
https://cardshows.io/shops/random-fandom-collectibles-lexington,,not found,,
https://cardshows.io/shops/randys-sports-cards-quakertown,,not found,,
https://cardshows.io/shops/rankuptcg-reno,,not found,,
https://cardshows.io/shops/rapid-spin-gaming-collectibles-commerce,,not found,,
https://cardshows.io/shops/rare-and-sleeveless-inc-san-diego,https://rareandsleeveless.com,guessed rareandsleeveless.com,high,Rare and Sleeveless
https://cardshows.io/shops/rare-quality-tcg-llc-st-bernard,,not found,,
https://cardshows.io/shops/rated-e-cards-collectibles-wichita,,not found,,
https://cardshows.io/shops/raudachow-sports-cards-vancouver,,not found,,
https://cardshows.io/shops/rauls-sports-collectibles-san-antonio,,not found,,
https://cardshows.io/shops/ravenswood-comics-new-hartford,https://ravenswoodcomics.com,guessed ravenswoodcomics.com,high,CNY’s Premier Comics Shop! - Ravenswood Comics
https://cardshows.io/shops/rays-card-catalog-scott,https://rayscard.com/en,guessed rayscard.com,medium,RAYS CARD | Next Generation Digital Wallet
https://cardshows.io/shops/rays-comics-collectibles-garden-grove,,not found,,
https://cardshows.io/shops/rbicru7-sports-cards-and-collectibles-o-fallon,,not found,,
https://cardshows.io/shops/rcb-sports-cards-and-pokestuff-always-buying-st-peters,,not found,,
https://cardshows.io/shops/re-vive-games-sport-cards-and-collectibles-ashaway,,not found,,
https://cardshows.io/shops/ready-mark-cards-nashville,,not found,,
https://cardshows.io/shops/ready-set-ripz-sun-valley,,not found,,
https://cardshows.io/shops/real-ink-collectibles-llc-columbia,,not found,,
https://cardshows.io/shops/real-sportscards-blaine,https://realsportscards.com,guessed realsportscards.com,high,"Real Sportscards | Champlin & Blaine, MN | Shop Packs, Boxes, Graded Cards and More! %"
https://cardshows.io/shops/real-sportscards-champlin,https://realsportscards.com,guessed realsportscards.com,high,"Real Sportscards | Champlin & Blaine, MN | Shop Packs, Boxes, Graded Cards and More! %"
https://cardshows.io/shops/real-sportscards-wisconsin-waupun,https://realsportscards.com,guessed realsportscards.com,medium,"Real Sportscards | Champlin & Blaine, MN | Shop Packs, Boxes, Graded Cards and More! %"
https://cardshows.io/shops/realgoodeal-north-miami-beach,https://realgoodeal.com,guessed realgoodeal.com,medium,Realgoodeal
https://cardshows.io/shops/reality-a-games-west-warwick,https://realityagames.com,guessed realityagames.com,medium,Reality A Games
https://cardshows.io/shops/realm-of-legends-freeport,,not found,,
https://cardshows.io/shops/red-castle-games-portland,https://redcastlegames.com,guessed redcastlegames.com,high,Red Castle Games – it's your turn.
https://cardshows.io/shops/red-eye-collectibles-liberal,,not found,,
https://cardshows.io/shops/red-line-7000-racing-collectibles-lincoln,,not found,,
https://cardshows.io/shops/red-panda-hobbies-and-games-huntsville,https://redpandahobbiesandgames.com,guessed redpandahobbiesandgames.com,medium,Red Panda Hobbies & Games – Red Panda Hobbies & Games
https://cardshows.io/shops/red-raccoon-games-bloomington,https://redraccoongames.com,guessed redraccoongames.com,high,Red Raccoon Games | We Sell Fun!
https://cardshows.io/shops/red-rose-sports-cards-lancaster,,not found,,
https://cardshows.io/shops/red-seal-gaming-matawan,,not found,,
https://cardshows.io/shops/red-zone-sports-cards-llc-ottawa-lake,,not found,,
https://cardshows.io/shops/reddhill-games-electronics-niles,,not found,,
https://cardshows.io/shops/redds-retro-toledo,,not found,,
https://cardshows.io/shops/redemption-cards-las-vegas,https://www.redemptioncards.com,guessed redemptioncards.com,medium,Redemption Cards
https://cardshows.io/shops/redemption-vault-dekalb,https://www.redemption.com,guessed redemption.com,medium,Redemption Online Shop - High End Women's Clothing​
https://cardshows.io/shops/redhearttcg-south-san-francisco,,not found,,
https://cardshows.io/shops/redzone-sportz-tucson,https://redzone.com,guessed redzone.com,medium,RedZone Robotics | Sewer Inspection & Asset Management
https://cardshows.io/shops/refined-gaming-llc-toledo,,not found,,
https://cardshows.io/shops/regent-cards-and-more-goshen,https://regentcards.net,guessed regentcards.net,medium,Regent Cards - Goshen’s Premier Trading Card Store for Magic: The Gathering & Pokémon
https://cardshows.io/shops/remember-when-baseball-cards-brookfield,,not found,,
https://cardshows.io/shops/repacked-wax-akron,https://repackedwax.com,guessed repackedwax.com,medium,REPACKED WAX - Repacked Wax
https://cardshows.io/shops/replay-gaming-cedar-rapids,,not found,,
https://cardshows.io/shops/replay-sports-cards-aurora,https://www.replaysportscards.com,guessed replaysportscards.com,medium,Replay Sports Cards
https://cardshows.io/shops/replay-sports-cards-previously-one-stop-sports-boca-raton,,not found,,
https://cardshows.io/shops/replay-sports-cards-previously-one-stop-sports-charlotte,,not found,,
https://cardshows.io/shops/replay-sports-cards-previously-one-stop-sports-mt-pleasant,,not found,,
https://cardshows.io/shops/replay-sports-cards-seymour,https://www.replaysportscards.com,guessed replaysportscards.com,high,Replay Sports Cards
https://cardshows.io/shops/replay-sports-llc-rockville,,not found,,
https://cardshows.io/shops/rescue-gaming-collectibles-north-providence,,not found,,
https://cardshows.io/shops/reservoir-card-lab-brandon,,not found,,
https://cardshows.io/shops/retro-games-plus-huntington-beach,https://www.retrogames.com,guessed retrogames.com,medium,[ Retrogames ] - Your ONE STOP emulation site!
https://cardshows.io/shops/retro-held-games-tcg-san-diego,,not found,,
https://cardshows.io/shops/retro-rad-new-cumberland,,not found,,
https://cardshows.io/shops/retro-revival-tcg-tallahassee,https://www.retrorevivaltcg.com,guessed retrorevivaltcg.com,medium,Retro Revival tcg
https://cardshows.io/shops/retro-rewind-milpitas,,not found,,
https://cardshows.io/shops/retro-stop-brownsville,,not found,,
https://cardshows.io/shops/retro-teyohs-video-games-and-collectibles-upland,,not found,,
https://cardshows.io/shops/retro-x-change-yonkers,,not found,,
https://cardshows.io/shops/retroaholics-canton,https://retroaholics.com,guessed retroaholics.com,medium,"Retroaholics | Retro Games, Consoles & Collectibles"
https://cardshows.io/shops/retrofix-games-missoula,https://www.retrofixgames.com,guessed retrofixgames.com,high,"Retrofix Games - Board Games, TCG, Magic the Gathering Events & More"
https://cardshows.io/shops/retroitis-dania-beach,https://retroitis.com,guessed retroitis.com,medium,Retroitis
https://cardshows.io/shops/rets-card-utopia-rome,https://retscardutopia.com,guessed retscardutopia.com,high,Ret's Card Utopia
https://cardshows.io/shops/revival-collectibles-grand-ledge,https://revivalcollectibles.com,guessed revivalcollectibles.com,medium,Revival Collectibles
https://cardshows.io/shops/rgm-retro-games-perris,https://www.rgmretrogames.com,guessed rgmretrogames.com,high,Retro Video Game Store in Perris CA | RGM
https://cardshows.io/shops/rhinos-comics-collectibles-rochester,,not found,,
https://cardshows.io/shops/rhystic-buddies-worcester,,not found,,
https://cardshows.io/shops/ribbit-tcg-collectibles-las-vegas,https://ribbittcgcollectibles.com,guessed ribbittcgcollectibles.com,high,"Ribbit TCG & Collectibles | Pokémon, Lorcana, Magic & More in Las Vegas"
https://cardshows.io/shops/richs-sports-cards-racine,,not found,,
https://cardshows.io/shops/rickley-sports-cards-bellevue,,not found,,
https://cardshows.io/shops/rickybobbys-sports-card-shop-aurora,,not found,,
https://cardshows.io/shops/riddle-valley-games-juneau,https://riddlevalleygames.com,guessed riddlevalleygames.com,high,Riddle Valley Games
https://cardshows.io/shops/ridin-high-cards-marysville,https://www.ridinhighcards.com,guessed ridinhighcards.com,medium,Ridin High Cards | Trading Cards
https://cardshows.io/shops/riftgate-provo,https://riftgate.com,guessed riftgate.com,high,Riftgate | Products For Every Gaming Adventure
https://cardshows.io/shops/right-field-sports-cards-barberton,https://rightfieldsportscards.com,guessed rightfieldsportscards.com,high,Right Field Sports Cards
https://cardshows.io/shops/riners-tcg-facility-wichita,,not found,,
https://cardshows.io/shops/ring-sportscards-tecumseh,https://ringsportscards.com,guessed ringsportscards.com,high,Ring Sportscards | Buy & Sell Sports & Pokémon Cards
https://cardshows.io/shops/rio-grande-realms-rio-rancho,https://www.riogranderealms.com,guessed riogranderealms.com,high,Rio Grande Realms
https://cardshows.io/shops/rip-it-thursday-brandon,,not found,,
https://cardshows.io/shops/rip-valley-phoenix,https://www.ripvalley.com,guessed ripvalley.com,high,RIP Valley – Rip Valley
https://cardshows.io/shops/ripnpacks-sports-cards-milwaukie,,not found,,
https://cardshows.io/shops/rips-trading-post-duluth,,not found,,
https://cardshows.io/shops/rising-stars-sports-cards-coral-springs,,not found,,
https://cardshows.io/shops/rising-sun-imports-san-francisco,,not found,,
https://cardshows.io/shops/rival-cards-and-games-charleston,,not found,,
https://cardshows.io/shops/rivals-gaming-comics-cards-and-hobbies-mishawaka,,not found,,
https://cardshows.io/shops/river-city-cards-and-more-henderson,https://rivercitycardsandmore.com,guessed rivercitycardsandmore.com,high,"River City Cards & More | Henderson, KY Sports Cards & Pokémon"
https://cardshows.io/shops/river-city-trading-co-minneapolis,,not found,,
https://cardshows.io/shops/riverside-games-rogue-river,,not found,,
https://cardshows.io/shops/rizo-sports-riverside,,not found,,
https://cardshows.io/shops/rizo-sports-tcg-murrieta,,not found,,
https://cardshows.io/shops/rizo-sports-tcg-riverside,,not found,,
https://cardshows.io/shops/rizo-sports-tcg-santa-monica,,not found,,
https://cardshows.io/shops/rj-duke-sports-mckinney,https://rjdukesports.com,guessed rjdukesports.com,high,RJ Duke Sports
https://cardshows.io/shops/rjbreaks-skokie,https://cardcolosseum.com,guessed rjbreaks.com,medium,Card Colosseum | Enter the Colosseum
https://cardshows.io/shops/rk-collectibles-coralville,https://rkcollectibles.com,guessed rkcollectibles.com,high,"RK Collectibles – Sports Card | Sealed Cases & Boxes | PSA & Graded Boxes | Coralville, IA"
https://cardshows.io/shops/rl-sports-cards-fullerton,https://rlsportscards.com,guessed rlsportscards.com,high,RL Sports Cards - Local Card Shop in Southern California
https://cardshows.io/shops/rmft-tuscaloosa,,not found,,
https://cardshows.io/shops/rng-cards-collectibles-moore,,not found,,
https://cardshows.io/shops/roar-e-sports-winston-salem,,not found,,
https://cardshows.io/shops/robbies-first-base-lutherville,https://www.robbiesfirstbase.com,guessed robbiesfirstbase.com,high,"Robbie's First Base 9 W. Ridgely Rd. Lutherville, MD 21093 - King of Collectibles: ""The Goldin Touch"""
https://cardshows.io/shops/robins-nest-rockford,,not found,,
https://cardshows.io/shops/robs-loaded-bases-sports-cards-manalapan-township,,not found,,
https://cardshows.io/shops/rochester-sports-cards-memorabilia-gaming-rochester,,not found,,
https://cardshows.io/shops/rock-n-cards-collectibles-llc-kingston,,not found,,
https://cardshows.io/shops/rock-solid-sports-cards-derby,,not found,,
https://cardshows.io/shops/rock-solid-tcg-trading-harrisburg,https://rocksolidtcgtrading.com/password,guessed rocksolidtcgtrading.com,medium,Rock Solid TCG Trading
https://cardshows.io/shops/rock-the-hills-sports-cards-collectibles-central,,not found,,
https://cardshows.io/shops/rocket-city-sports-cards-huntsville,https://rocketcitysportscards.com,guessed rocketcitysportscards.com,medium,Rocket City Sports Cards
https://cardshows.io/shops/rocket-sports-cards-collectibles-howell,,not found,,
https://cardshows.io/shops/rockin-rooster-comics-games-cincinnati,,not found,,
https://cardshows.io/shops/rockin-rudys-attic-missoula,https://rockinrudysattic.com,guessed rockinrudysattic.com,high,Discover Vintage Treasures at Rockin Rudy's Attic – Rockin Rudy's Attic
https://cardshows.io/shops/rocklin-sports-cards-and-collectibles-rocklin,,not found,,
https://cardshows.io/shops/rocks-dugout-wichita,https://rocksdugout.com,guessed rocksdugout.com,high,"Rocks Dugout Sports Cards - Sports Cards, Cards, Memorabilia, Wax"
https://cardshows.io/shops/rocky-mountain-fan-cave-highlands-ranch,,not found,,
https://cardshows.io/shops/rocky-top-cards-and-collectibles-llc-talbott,,not found,,
https://cardshows.io/shops/rockymtnrips-south-jordan,,not found,,
https://cardshows.io/shops/rogue-trading-company-medford,,not found,,
https://cardshows.io/shops/roman-collectibles-brockton,,not found,,
https://cardshows.io/shops/romance-dawn-llc-hampton,https://harlequin.com,guessed romance.net,medium,Harlequin
https://cardshows.io/shops/rookie-2-retirement-lakeland,https://rookie.com,guessed rookie.com,medium,Rookie | Collect & invest in rookie cards.
https://cardshows.io/shops/rookies-sportscards-plus-lowell,https://rookiessportscards.com,guessed rookiessportscards.com,medium,"Sports Cards, Pokemon, Funko Pop - Rookies Sports Cards"
https://cardshows.io/shops/rookies2legends-sports-cards-glendale,,not found,,
https://cardshows.io/shops/rooks-games-and-more-bozeman,https://rooksgamesandmore.com,guessed rooksgamesandmore.com,high,Rooks Games and More | Montana – Rook's Games and More
https://cardshows.io/shops/ross-cards-collectibles-carlsbad,https://rosscardscollectibles.com,guessed rosscardscollectibles.com,high,"Ross Cards and Collectibles | Carlsbad, CA & Meridian, ID – Ross Cards & Collectibles"
https://cardshows.io/shops/ross-cards-collectibles-meridian,https://rosscardscollectibles.com,guessed rosscardscollectibles.com,high,"Ross Cards and Collectibles | Carlsbad, CA & Meridian, ID – Ross Cards & Collectibles"
https://cardshows.io/shops/roswell-pokestop-tcg-inside-city-antiques-roswell,,not found,,
https://cardshows.io/shops/roths-sports-cards-and-memorabilia-louisville,,not found,,
https://cardshows.io/shops/round-2-gaming-lawrenceville,https://round2gaming.com,guessed round2gaming.com,medium,Round 2 Gaming - New Jersey's Best Tabletop Game Store!
https://cardshows.io/shops/round-table-games-and-curts-cafe-llc-fort-wayne,,not found,,
https://cardshows.io/shops/round-table-games-idaho-falls,,not found,,
https://cardshows.io/shops/round-table-games-lawton,,not found,,
https://cardshows.io/shops/royal-chess-mall-claymont,https://royalchessmall.com,guessed royalchessmall.com,medium,Buy Handcrafted Chess Pieces Sets & Boards at Royal Chess Mall
https://cardshows.io/shops/royal-gaming-collectibles-de-pere,,not found,,
https://cardshows.io/shops/royal-sports-entertainment-forest-hills,https://royal-sports.com,guessed royal-sports.com,medium,Sports Consulting Services for Athlete Enhancement | Royal Sports
https://cardshows.io/shops/rsf-memorabilia-baton-rouge,,not found,,
https://cardshows.io/shops/rubber-city-comics-akron,,not found,,
https://cardshows.io/shops/run-good-trading-cards-and-collectibles-san-antonio,,not found,,
https://cardshows.io/shops/running-to-the-rip-chicago,https://runningtotherip.com,guessed runningtotherip.com,high,"Running to the Rip | Premium TCG, Pokémon Cards & Collectibles"
https://cardshows.io/shops/rutland-collectibles-rutland,,not found,,
https://cardshows.io/shops/ry-guy-sports-cards-raymond,,not found,,
https://cardshows.io/shops/ryeno-cards-st-petersburg,https://www.ryenocards.com,guessed ryenocards.com,high,Home
https://cardshows.io/shops/s-b-sports-collectibles-north-wales,,not found,,
https://cardshows.io/shops/s-b-sports-wyomissing,,not found,,
https://cardshows.io/shops/s-rank-games-ontario,,not found,,
https://cardshows.io/shops/s-s-sports-cards-broken-arrow,,not found,,
https://cardshows.io/shops/s-t-enterprise-llc-swooptitans-tempe,,not found,,
https://cardshows.io/shops/sabs-collectibles-manville,,not found,,
https://cardshows.io/shops/sactown-sports-cards-and-memorabilia-elk-grove,,not found,,
https://cardshows.io/shops/safari-zone-collectibles-smyrna,https://safari-zone.com,guessed safarizonecollectibles.com,high,Safari Zone Collectibles
https://cardshows.io/shops/sals-sports-cards-and-memorabilia-runnemede,,not found,,
https://cardshows.io/shops/salt-city-games-taylorsville,,not found,,
https://cardshows.io/shops/salt-city-sports-cards-manlius,https://www.saltcitysportscards.com,guessed saltcitysportscards.com,high,Home | My Site 1
https://cardshows.io/shops/sams-pokemon-shop-rio-rancho,,not found,,
https://cardshows.io/shops/san-diego-cards-carlsbad,https://www.sandiegocards.com,guessed sandiegocards.com,high,San Diego Cards | The Shoppes at Carlsbad | Pokemon & Sports Cards
https://cardshows.io/shops/sanctuary-books-and-games-irving,http://sanctuarybooksandgames.com,guessed sanctuarybooksandgames.com,high,Sanctuary Books and Games
https://cardshows.io/shops/sandgap-sports-cards-annville,,not found,,
https://cardshows.io/shops/sandlot-sports-cards-collectibles-louisville,,not found,,
https://cardshows.io/shops/sandlots-sports-cards-more-channelview,,not found,,
https://cardshows.io/shops/santiago-sports-matawan,,not found,,
https://cardshows.io/shops/santos-sports-collectibles-toms-river,,not found,,
https://cardshows.io/shops/sapphire-city-board-game-parlor-north-canton,,not found,,
https://cardshows.io/shops/sappys-sports-cards-carrollton,https://www.sappyssportscards.com,guessed sappyssportscards.com,high,Sports Card Shop & Card Grading Services in Dallas | Sappy's Sports Cards
https://cardshows.io/shops/sarah-collectibles-everett,,not found,,
https://cardshows.io/shops/sarek-cards-rancho-cucamonga,,not found,,
https://cardshows.io/shops/sarloya-llc-merrillville,,not found,,
https://cardshows.io/shops/savages-collectibles-llc-aurora,,not found,,
https://cardshows.io/shops/savannah-lion-games-pooler,https://www.savannahliongames.com,guessed savannahliongames.com,high,Savannah Lion Games
https://cardshows.io/shops/savannah-sports-cards-savannah,,not found,,
https://cardshows.io/shops/sawyers-sports-cards-west-boylston,https://www.sawyerssportscards.com,guessed sawyerssportscards.com,high,Sawyer's Sports Cards | West Boylston
https://cardshows.io/shops/sb-card-vault-arlington,https://sbcardvault.com,guessed sbcardvault.com,medium,SB Card Vault
https://cardshows.io/shops/schleder-sports-exchange-winfield,https://www.schledersportsexchange.com,guessed schledersportsexchange.com,medium,Schleder Sports Exchange | Buy/Sell/ Auction Sports Cards
https://cardshows.io/shops/sci-fi-city-knoxville,https://sci-fi-city.com,guessed sci-fi-city.com,high,Sci-Fi City Games and Comics – Sci Fi City
https://cardshows.io/shops/sci-fi-factory-lake-worth-fort-worth,,not found,,
https://cardshows.io/shops/scientific-games-little-rock,https://www.scientificgames.com,guessed scientificgames.com,medium,Scientific Games
https://cardshows.io/shops/score-more-sports-collectibles-winston-salem,,not found,,
https://cardshows.io/shops/score-more-sports-greensboro-greensboro,https://www.scoremorenow.com,guessed scoremoresports.com,medium,Sports Cards & Pokémon | Score More Sports
https://cardshows.io/shops/score-more-sports-salisbury-salisbury,https://www.scoremorenow.com,guessed scoremoresports.com,medium,Sports Cards & Pokémon | Score More Sports
https://cardshows.io/shops/scottsdale-baseball-cards-scottsdale,https://scottsdalecards.com,guessed scottsdalebaseballcards.com,high,"Scottsdale Baseball Cards - Your Source for Vintage Sports and Non-Sports Cards, Autographs, Collectibles, and Memorabil"
https://cardshows.io/shops/scr-collectibles-noblesville,,not found,,
https://cardshows.io/shops/scroll-and-circuit-games-voorhees-township,,not found,,
https://cardshows.io/shops/scrub-tier-gaming-houston,https://scrubtiergaming.com,guessed scrubtiergaming.com,medium,Scrub Tier Gaming
https://cardshows.io/shops/scruffy-city-tcg-maryville,https://scruffycitycards.com,guessed scruffycitytcg.com,high,"Scruffy City TCG, your local family owned store for Pokemon and MTG – Scruffy City Cards"
https://cardshows.io/shops/sd-sports-cards-poway,https://sdsportscards.com,guessed sdsportscards.com,high,SD SPORTS CARDS
https://cardshows.io/shops/se-card-guys-edison,https://secard.net,guessed secard.net,medium,Secard
https://cardshows.io/shops/seacoast-sports-cards-dover,https://seacoastsportscards.com,guessed seacoastsportscards.com,high,Seacoastsportscards
https://cardshows.io/shops/sealed-relics-great-falls,,not found,,
https://cardshows.io/shops/search-and-rescue-cards-lexington,https://searchandrescuecards.com,guessed searchandrescuecards.com,high,Search and Rescue Cards
https://cardshows.io/shops/searing-shot-tcg-derry,https://searingshot.com,guessed searingshottcg.com,medium,"Searing Shot TCG - Live Breaks of Pokemon, One Piece and Lorcana on Twitch"
https://cardshows.io/shops/secondhand-soldiers-shreveport,https://secondhandsoldiers.com,guessed secondhandsoldiers.com,medium,Home | Secondhand Soldiers
https://cardshows.io/shops/secret-card-escondido,,not found,,
https://cardshows.io/shops/secret-compass-fort-collins,https://secretcompass.com,guessed secretcompass.com,medium,World-Class Risk Management for TV and Film.
https://cardshows.io/shops/secret-level-videogames-toys-toledo,,not found,,
https://cardshows.io/shops/secret-rare-society-tcg-norman,,not found,,
https://cardshows.io/shops/sell-pokemon-cards-gainesville-sellpokemonnow-gainesville,,not found,,
https://cardshows.io/shops/sellbulktcgcards-llc-new-britain,,not found,,
https://cardshows.io/shops/sen-pai-sen-anime-tcg-bakersfield,,not found,,
https://cardshows.io/shops/seven-out-cards-collectibles-sycamore,,not found,,
https://cardshows.io/shops/sexton-collects-llc-st-clair-shores,,not found,,
https://cardshows.io/shops/shadow-games-maplewood,https://shadow-games.com,guessed shadow-games.com,medium,"Shadow-Games, LLC. - Gaming, 3d Printing, Commission Painting"
https://cardshows.io/shops/shadow-hobbies-woodland-park,https://shadowhobbies.com,guessed shadowhobbies.com,medium,Built for Speed. Powered by Passion. – Shadow Hobbies
https://cardshows.io/shops/shamrock-sports-cards-event-tickets-elyria,,not found,,
https://cardshows.io/shops/shane-e-boys-sports-shop-springfield,,not found,,
https://cardshows.io/shops/shanes-cards-renton,https://www.shanescards.net,guessed shanescards.net,high,Board Games | Shane's Cards | United States
https://cardshows.io/shops/shays-creations-mt-vernon,,not found,,
https://cardshows.io/shops/sheps-cards-collectibles-hendersonville,,not found,,
https://cardshows.io/shops/sheridan-wyo-sports-cards-sheridan,https://www.sheridanwyosportscards.com,guessed sheridanwyosportscards.com,high,"Sports Card Shop | Sheridan Wyo Sports Cards | Sheridan, WY"
https://cardshows.io/shops/shiny-card-collectibles-lincoln,,not found,,
https://cardshows.io/shops/shiny-cardboard-and-collectibles-tcg-baldwinsville,,not found,,
https://cardshows.io/shops/shiny-vault-schenectady,,not found,,
https://cardshows.io/shops/shoebox-memorabilia-south-elgin,,not found,,
https://cardshows.io/shops/shoeless-joes-cincinnati,,not found,,
https://cardshows.io/shops/shoprsa-sports-memorabilia-online-store-nashville,,not found,,
https://cardshows.io/shops/shoreline-sports-cards-port-washington,,not found,,
https://cardshows.io/shops/shortstops-sports-cards-games-palm-harbor,,not found,,
https://cardshows.io/shops/show-me-collectibles-o-fallon,https://www.showmecollectibles.com,guessed showmecollectibles.com,high,"Show Me Collectibles | trading cards | 126 W Terra Ln, O'Fallon, MO, USA"
https://cardshows.io/shops/showgoat-cards-collectibles-metairie,,not found,,
https://cardshows.io/shops/showtime-cards-tucson,https://www.showtimecards.com,guessed showtimecards.com,high,"Showtime Cards | Sports Cards | 5801 East Speedway Boulevard, Tucson, AZ, USA"
https://cardshows.io/shops/showtime-sports-cards-and-gaming-tempe,,not found,,
https://cardshows.io/shops/showtime-sports-cards-collectibles-jacksonville,,not found,,
https://cardshows.io/shops/shroomys-game-store-glenmont,https://shroomysgamestore.com,guessed shroomysgamestore.com,high,Shroomy's Game Store
https://cardshows.io/shops/shuckers-shop-biloxi,,not found,,
https://cardshows.io/shops/shushu-card-shop-pinellas-park,,not found,,
https://cardshows.io/shops/sidekick-supplies-woodbridge,https://www.sidekicksupplies.com,guessed sidekicksupplies.com,medium,SideKick Supplies
https://cardshows.io/shops/sideline-cards-collectibles-westminster,,not found,,
https://cardshows.io/shops/sideline-sports-cards-more-conway,,not found,,
https://cardshows.io/shops/sideline-sports-collectibles-st-cloud,,not found,,
https://cardshows.io/shops/sierra-nevada-sports-cards-chico,,not found,,
https://cardshows.io/shops/sierra-nevada-sports-collectibles-carson-city,,not found,,
https://cardshows.io/shops/signature-collectibles-allen,https://signaturecollectibles.com,guessed signaturecollectibles.com,high,"Autographed Sports Memorabilia – Signed Jerseys, Helmets & More – Signature Collectibles"
https://cardshows.io/shops/signature-sports-breaks-bangor,,not found,,
https://cardshows.io/shops/signature-sports-marketing-allen,https://signaturesports.com,guessed signaturesports.com,medium,Signature Sports
https://cardshows.io/shops/signed-sports-stuff-rockford,,not found,,
https://cardshows.io/shops/silk-road-gaming-new-york,,not found,,
https://cardshows.io/shops/silver-canon-baltimore,https://www.silvercanon.com,guessed silvercanon.com,high,Silver Canon Game Store in Baltimore - Home
https://cardshows.io/shops/silver-dragon-games-peoria,,not found,,
https://cardshows.io/shops/simi-sportscards-simi-valley,https://simisportscards.com,guessed simisportscards.com,high,Simi Sportscards
https://cardshows.io/shops/simplicity-esports-garland,https://simplicity.com,guessed simplicity.com,medium,Your Sewing Pattern Destination
https://cardshows.io/shops/simply-collectables-south-salt-lake,https://simplycollectables.com,guessed simplycollectables.com,medium,"Simply collectables - Sports Memorabilia Stores, Vintage Collectables"
https://cardshows.io/shops/simply-collectibles-miami,,not found,,
https://cardshows.io/shops/simsbury-cards-comics-granby,,not found,,
https://cardshows.io/shops/sinbad-sports-fort-lauderdale,https://www.sinbadsports.com,guessed sinbadsports.com,medium,Sinbad Sports
https://cardshows.io/shops/sinners-refuge-llc-falls-church,,not found,,
https://cardshows.io/shops/six-feet-under-games-gap,https://www.sixfeetundergames.com,guessed sixfeetundergames.com,high,"Six Feet Under Games | Home | 5360 Lincoln Highway, Gap, PA"
https://cardshows.io/shops/sks-cards-butte,,not found,,
https://cardshows.io/shops/sky-high-comics-games-fort-pierce,,not found,,
https://cardshows.io/shops/sky-high-comics-games-sf-pembroke-pines,,not found,,
https://cardshows.io/shops/skybox-sports-collectibles-livingston,,not found,,
https://cardshows.io/shops/skybox-trading-cards-collectibles-norwalk,,not found,,
https://cardshows.io/shops/skybox-trading-cards-collectibles-stamford,,not found,,
https://cardshows.io/shops/slab-city-collectibles-columbia,,not found,,
https://cardshows.io/shops/slab-factory-sports-and-trading-cards-eau-claire,,not found,,
https://cardshows.io/shops/slab-factory-sports-trading-cards-madison,,not found,,
https://cardshows.io/shops/slab-shack-sports-cards-chickamauga,,not found,,
https://cardshows.io/shops/slabbed-sports-cards-west-chester-township,,not found,,
https://cardshows.io/shops/slabspace-sports-cards-tcgs-irvine,,not found,,
https://cardshows.io/shops/slapshot-sports-cards-saugus,,not found,,
https://cardshows.io/shops/slate-knight-cards-pen-argyl,,not found,,
https://cardshows.io/shops/sleeved-up-games-llc-toledo,,not found,,
https://cardshows.io/shops/slice-dice-game-cafe-south-bend,,not found,,
https://cardshows.io/shops/slick-mimics-appleton,https://www.slickmimics.com,guessed slickmimics.com,high,Slick Mimic's - Board & Card Games Shoppe – Boardlandia Appleton
https://cardshows.io/shops/slim-koda-kards-albuquerque,,not found,,
https://cardshows.io/shops/smax-sports-cards-lake,,not found,,
https://cardshows.io/shops/smoke-and-mirrors-rarity-cards-llc-st-bernard,,not found,,
https://cardshows.io/shops/smp-sports-cards-plus-grapevine,,not found,,
https://cardshows.io/shops/smyrna-everything-sports-cards-collectibles-smyrna,,not found,,
https://cardshows.io/shops/snake-eyes-gaming-altoona,,not found,,
https://cardshows.io/shops/snapshot-des-moines,,not found,,
https://cardshows.io/shops/sneakouts-howell-township,,not found,,
https://cardshows.io/shops/sneed-cards-commerce,,not found,,
https://cardshows.io/shops/snl-sports-llc-chesapeake,,not found,,
https://cardshows.io/shops/socal-magic-orange,https://socalmagic.com,guessed socalmagic.com,medium,SoCal Magic
https://cardshows.io/shops/socal-pokemart-fontana,,not found,,
https://cardshows.io/shops/society-of-sages-rossville,,not found,,
https://cardshows.io/shops/sodapops-collectibles-llc-davenport,https://www.sodapopscollectibles.com,guessed sodapopscollectibles.com,medium,Sodapops Collectibles
https://cardshows.io/shops/solz-gaming-and-collectibles-st-paul,,not found,,
https://cardshows.io/shops/sommers-sports-cards-west-dundee,,not found,,
https://cardshows.io/shops/sonfall-games-lakewood,https://www.sonfallgames.com,guessed sonfallgames.com,medium,SONFALL GAMES | Join the Gaming Community Today
https://cardshows.io/shops/sords-card-emporium-san-francisco,https://sordscards.com/password,guessed sordscardemporium.com,medium,– Sords Cards
https://cardshows.io/shops/sosa-collects-woodbury,,not found,,
https://cardshows.io/shops/south-bay-baseball-cards-lomita,,not found,,
https://cardshows.io/shops/south-bay-sports-cards-sunnyvale,https://www.peninsulasportscards.com/south-bay,guessed southbaysportscards.com,high,South Bay Sports Cards — Peninsula Sports Cards‎
https://cardshows.io/shops/south-florida-pokemon-jensen-beach,,not found,,
https://cardshows.io/shops/south-jersey-cards-mt-holly,,not found,,
https://cardshows.io/shops/south-miami-toys-collectibles-miami,,not found,,
https://cardshows.io/shops/southern-legacy-sports-cards-conway,,not found,,
https://cardshows.io/shops/southpaw-sports-cards-cicero,,not found,,
https://cardshows.io/shops/southside-sports-cards-indianapolis,,not found,,
https://cardshows.io/shops/space-goblin-collectibles-austin,https://spacegoblincollectibles.com,guessed spacegoblincollectibles.com,high,Space Goblin Collectibles
https://cardshows.io/shops/spacecat-san-jose,,not found,,
https://cardshows.io/shops/spankys-card-shop-kansas-city,https://spankyscardshop.com,guessed spankyscardshop.com,high,Spankys Card Shop
https://cardshows.io/shops/sparkling-city-local-game-store-corpus-christi,,not found,,
https://cardshows.io/shops/sparks-trading-cards-stockton,https://sparkstradingcards.com,guessed sparkstradingcards.com,high,Sparks Trading Cards
https://cardshows.io/shops/spartan-sports-cards-tcg-chippewa-falls,,not found,,
https://cardshows.io/shops/spellbound-games-chicago,,not found,,
https://cardshows.io/shops/spellcasters-stash-carson-city,https://spellcastersstash.com,guessed spellcastersstash.com,medium,Spellcasters Stash
https://cardshows.io/shops/spieda-games-on-the-second-floor-springfield,,not found,,
https://cardshows.io/shops/splash-cards-layton,,not found,,
https://cardshows.io/shops/spokane-valley-sports-and-trading-cards-spokane-valley,,not found,,
https://cardshows.io/shops/sport-card-center-ontario,http://sportcardcenter.com,guessed sportcardcenter.com,high,"Buy Sell Trade-Video Games & Systems, Rare Coins, Gold & silver Bullion, Sport Cards, DVD & Blu Ray Movies. Sport Card C"
https://cardshows.io/shops/sport-cards-my-hommies-brooklyn,https://sportcards.com,guessed sportcards.com,medium,"Sports Cards MLB, NFL, NBA, NHL, Soccer, F1, WNBA, WWE, NASCAR, PGA"
https://cardshows.io/shops/sport-fan-cards-hialeah,,not found,,
https://cardshows.io/shops/sport-spot-inc-fort-wayne,,not found,,
https://cardshows.io/shops/sports-addict-fountain-valley,https://sports-addict.com,guessed sports-addict.com,high,"Sports Addict | Sports Store, Jerseys, Hats & Cards"
https://cardshows.io/shops/sports-archives-canton,https://www.sports.net,guessed sports.net,medium,Sports.Net | Get Your Game On
https://cardshows.io/shops/sports-card-buddha-amarillo,https://sportscardbuddha.com/password,guessed sportscardbuddha.com,medium,– Sports Card Buddha Collectibles
https://cardshows.io/shops/sports-card-collectibles-mechanicsville,,not found,,
https://cardshows.io/shops/sports-card-dugout-webster-groves,,not found,,
https://cardshows.io/shops/sports-card-exchange-cape,,not found,,
https://cardshows.io/shops/sports-card-gallery-of-arkansas-little,,not found,,
https://cardshows.io/shops/sports-card-heroes-laurel,,not found,,
https://cardshows.io/shops/sports-card-ink-sisters,https://sites.google.com/sportscardink.com/sportscardink/home,guessed sportscardink.com,high,Sports Card Ink
https://cardshows.io/shops/sports-card-junction-pittsburgh,https://sportscardjunction.com,guessed sportscardjunction.com,high,Sports Card Junction – SCJ
https://cardshows.io/shops/sports-card-outlet-orange-county-anaheim,,not found,,
https://cardshows.io/shops/sports-card-partners-llc-saint,https://sportscardpartners.com,guessed sportscardpartners.com,medium,Sell Sports Card Collection - Sports Card Partners in Minnesota buys sportscards!
https://cardshows.io/shops/sports-cards-and-coin-fanatics-grants-pass,,not found,,
https://cardshows.io/shops/sports-cards-and-more-charleston,,not found,,
https://cardshows.io/shops/sports-cards-and-more-phoenix,,not found,,
https://cardshows.io/shops/sports-cards-for-lenends-middletown,,not found,,
https://cardshows.io/shops/sports-cards-liquidators-baltimore,,not found,,
https://cardshows.io/shops/sports-cards-of-new-england-charlestown,,not found,,
https://cardshows.io/shops/sports-cards-outlet-melbourne,,not found,,
https://cardshows.io/shops/sports-cards-plus-san-antonio,https://www.sportscardsplussanantonio.com,guessed sportscardsplussanantonio.com,medium,Sports Cards | Sports Cards Plus San Antonio | Texas
https://cardshows.io/shops/sports-cards-zone-lakewood,https://www.sportscardszone.com,guessed sportscardszone.com,high,Sports Cards Zone
https://cardshows.io/shops/sports-collectables-plus-carnesville,,not found,,
https://cardshows.io/shops/sports-collectibles-more-webster,https://www.sportscollectibles.com,guessed sportscollectibles.com,medium,Sports Memorabilia & Autographed Sports Collectibles
https://cardshows.io/shops/sports-collectors-hub-by-dallas-card-show-allen,,not found,,
https://cardshows.io/shops/sports-country-2-greenwood-mall-bowling-green,,not found,,
https://cardshows.io/shops/sports-country-owensboro,https://sportscountry.net,guessed sportscountry.net,medium,"Sports Talk All Day, Country Music All Night"
https://cardshows.io/shops/sports-den-design-thornton,https://www.sports.net,guessed sports.net,medium,Sports.Net | Get Your Game On
https://cardshows.io/shops/sports-expressions-glendale,https://sportsexpressions.com,guessed sportsexpressions.com,medium,"Sports Expressions - Sports, Collectibles, Home Decor"
https://cardshows.io/shops/sports-fans-merchandise-rialto,https://sportsfansmerchandise.com,guessed sportsfansmerchandise.com,high,"Sports Fans Merchandise | Official NFL, MLB, NBA & NCAA Fan Gear"
https://cardshows.io/shops/sports-fantastic-lincoln,https://www.sports.net,guessed sports.net,medium,Sports.Net | Get Your Game On
https://cardshows.io/shops/sports-fanz-hurricane,https://www.sports.net,guessed sports.net,medium,Sports.Net | Get Your Game On
https://cardshows.io/shops/sports-haven-inc-roanoke,https://www.sports.net,guessed sports.net,medium,Sports.Net | Get Your Game On
https://cardshows.io/shops/sports-haven-inc-salem-salem,https://www.sports.net,guessed sports.net,medium,Sports.Net | Get Your Game On
https://cardshows.io/shops/sports-heroes-cranston,https://sportsheroes.com,guessed sportsheroes.com,medium,Sports Heroes and Celebrities
https://cardshows.io/shops/sports-legends-and-more-reno,,not found,,
https://cardshows.io/shops/sports-man-ship-lee-s,,not found,,
https://cardshows.io/shops/sports-memorabilia-center-independence,,not found,,
https://cardshows.io/shops/sports-memorabilia-incorporated-ellettsville,,not found,,
https://cardshows.io/shops/sports-minded-unlimited-warren,https://www.sports.net,guessed sports.net,medium,Sports.Net | Get Your Game On
https://cardshows.io/shops/sports-n-cards-youngtown,,not found,,
https://cardshows.io/shops/sports-n-more-henderson,https://www.sports.net,guessed sports.net,medium,Sports.Net | Get Your Game On
https://cardshows.io/shops/sports-nuts-collectibles-alabaster,,not found,,
https://cardshows.io/shops/sports-nutz-online-only-orrville,,not found,,
https://cardshows.io/shops/sports-source-2-studio-city,,not found,,
https://cardshows.io/shops/sports-sphere-cards-worcester,,not found,,
https://cardshows.io/shops/sports-stuff-hub-puyallup,https://www.sportsstuffhub.com,guessed sportsstuffhub.com,medium,Sports Stuff Hub
https://cardshows.io/shops/sports-team-bedding-meridian,https://sportsteam.com,guessed sportsteam.com,medium,"Custom Printed Sports Jerseys ,Uniforms, Blank Jerseys | SportsTeamsU"
https://cardshows.io/shops/sports-treasures-knoxville,https://www.sportstreasures.com,guessed sportstreasures.com,high,"Sports Treasures – Licensed Sports Merchandise, Collectibles & Apparel"
https://cardshows.io/shops/sports-treasures-rancho-cucamonga,https://www.sportstreasures.com,guessed sportstreasures.com,medium,"Sports Treasures – Licensed Sports Merchandise, Collectibles & Apparel"
https://cardshows.io/shops/sports-world-card-shop-lebanon,https://sportsworldcardshop.com,guessed sportsworldcardshop.com,medium,Sports World Card Shop
https://cardshows.io/shops/sports-world-collectibles-race-world-collectibles-virginia-beach,,not found,,
https://cardshows.io/shops/sports-world-specialties-pittsburgh,https://www.sportsworld.com,guessed sportsworld.com,medium,SportsWorld
https://cardshows.io/shops/sports-zone-albany,https://www.sports.net,guessed sports.net,medium,Sports.Net | Get Your Game On
https://cardshows.io/shops/sports-zone-holyoke,https://www.sports.net,guessed sports.net,medium,Sports.Net | Get Your Game On
https://cardshows.io/shops/sportsamerica-sports-cards-mechanicsburg,https://sportsamericasportscards.com,guessed sportsamericasportscards.com,high,Sports Collectibles | Fan Shop | Diecast Collectibles
https://cardshows.io/shops/sportscard-center-creve-coeur,http://www.sportscardcenter.net,guessed sportscardcenter.net,medium,Home
https://cardshows.io/shops/sportscard-fanatic-garden-city,,not found,,
https://cardshows.io/shops/sportscard-playground-hatboro,http://sportscardplayground.com,guessed sportscardplayground.com,high,Sportscard Playground
https://cardshows.io/shops/sportscards-etc-mckees-rocks,,not found,,
https://cardshows.io/shops/sportscards-louisiana-shreveport,,not found,,
https://cardshows.io/shops/sportscards-miniatures-n-more-post-falls,,not found,,
https://cardshows.io/shops/sportsmania-raleigh,,not found,,
https://cardshows.io/shops/sportsmemorabilia-miramar,,not found,,
https://cardshows.io/shops/sportsnut-cards-collectibles-belmar,,not found,,
https://cardshows.io/shops/sportstuff-cards-collectibles-corpus-christi,https://sportstuffcardscollectibles.com,guessed sportstuffcardscollectibles.com,high,SportStuff Cards & Collectibles
https://cardshows.io/shops/sportsworld-saugus,https://www.sportsworld.com,guessed sportsworld.com,medium,SportsWorld
https://cardshows.io/shops/springer-collectibles-pikesville,https://springercollectibles.com,guessed springercollectibles.com,medium,Springer Collectibles – Trading cards in Maryland
https://cardshows.io/shops/springer-mountain-sports-cards-llc-sandy,,not found,,
https://cardshows.io/shops/squiggys-dugout-new-rochelle,https://www.squiggysdugout.com,guessed squiggysdugout.com,high,Squiggys-Dugout New Rochelle | Comics & Games Destination
https://cardshows.io/shops/squinky-toys-and-collectables-quincy,,not found,,
https://cardshows.io/shops/ssipppi-teams-jackson,,not found,,
https://cardshows.io/shops/ssmithhgames-conway,,not found,,
https://cardshows.io/shops/st-louis-sports-apparel-memorabilia-chesterfield,,not found,,
https://cardshows.io/shops/st-louis-sports-st-louis,,not found,,
https://cardshows.io/shops/stackem-sports-gainesville,,not found,,
https://cardshows.io/shops/stadium-view-sports-cards-omaha,,not found,,
https://cardshows.io/shops/stagg-sports-cards-madison,,not found,,
https://cardshows.io/shops/stand-alone-collectibles-syracuse,,not found,,
https://cardshows.io/shops/star-city-comics-games-roanoke,,not found,,
https://cardshows.io/shops/star-city-sports-collectibles-roanoke,,not found,,
https://cardshows.io/shops/star-hobby-annapolis,,not found,,
https://cardshows.io/shops/state-line-sports-cards-third-lake,,not found,,
https://cardshows.io/shops/steamship-games-minneapolis,,not found,,
https://cardshows.io/shops/steel-city-collectibles-white-oak,https://www.steelcitycollectibles.com,guessed steelcitycollectibles.com,medium,"Steel City Collectibles | Shop Sports Cards, Pokémon & Gaming Cards, Memorabilia and More"
https://cardshows.io/shops/steinland-gifts-collectibles-elgin,,not found,,
https://cardshows.io/shops/stevens-creek-sports-cards-san-jose,https://www.peninsulasportscards.com/stevens-creek,guessed stevenscreeksportscards.com,high,Stevens Creek Sports Cards — Peninsula Sports Cards‎
https://cardshows.io/shops/stevenson-games-pikesville-stevenson,https://stevensongames.com,guessed stevensongames.com,medium,"Miniatures, Hobby Paints & Board Games | Stevenson Games"
https://cardshows.io/shops/steves-sports-cards-st-clairsville,,not found,,
https://cardshows.io/shops/steves-toys-plus-hixson,,not found,,
https://cardshows.io/shops/stevieds-sports-card-used-video-games-other-collectibles-tampa,,not found,,
https://cardshows.io/shops/stevies-sportscards-milwaukee,,not found,,
https://cardshows.io/shops/stg-cards-and-collectables-cape-girardeau,,not found,,
https://cardshows.io/shops/stockpile-sportscards-urbandale,https://www.stockpilesportscards.com,guessed stockpilesportscards.com,medium,Home - Stockpile Sports Cards and Memorabilia
https://cardshows.io/shops/stomping-grounds-game-center-gainesville,,not found,,
https://cardshows.io/shops/stomping-grounds-game-store-las-vegas,,not found,,
https://cardshows.io/shops/stone-blue-hobbies-hobby-shop-lynchburg,,not found,,
https://cardshows.io/shops/stormxtcg-ventura,,not found,,
https://cardshows.io/shops/stout-cards-georgetown,,not found,,
https://cardshows.io/shops/street-of-dreams-collectibles-clinton,,not found,,
https://cardshows.io/shops/strictly-broken-tcg-houston,https://www.strictlybrokentcg.ca,guessed strictlybrokentcg.com,medium,Strictly Broken TCG
https://cardshows.io/shops/strictly-sports-great,https://strictlysports.com,guessed strictlysports.com,high,The Sporting World – What You Need To Know
https://cardshows.io/shops/strike-zone-port-st-lucie,,not found,,
https://cardshows.io/shops/strikezone-houston,,not found,,
https://cardshows.io/shops/sugar-bears-sports-cards-cleveland,,not found,,
https://cardshows.io/shops/sugoi-stuff-hobbies-and-collectibles-garden-grove,,not found,,
https://cardshows.io/shops/sullys-abode-bolingbrook,https://sullyssports.com,guessed sullys.net,medium,Sully's Sports – Sully's Sports
https://cardshows.io/shops/summoning-grounds-clarksville,https://summoninggrounds.com,guessed summoninggrounds.com,medium,Home - The Summoning Grounds
https://cardshows.io/shops/sun-city-collectibles-el-paso,,not found,,
https://cardshows.io/shops/sun-city-games-el-paso,,not found,,
https://cardshows.io/shops/sun-valley-gaming-llc-mesa,,not found,,
https://cardshows.io/shops/sunset-erie,https://sunset.com,guessed sunset.com,high,Sunset.com - Sunset Magazine
https://cardshows.io/shops/sunshine-games-magic-the-gathering-pokemon-yu-gi-oh-tampa,,not found,,
https://cardshows.io/shops/super-duper-trading-cards-oroville,https://superdupertradingcards.com,guessed superdupertradingcards.com,medium,Super Duper Trading Cards – Super Duper Trading Cards
https://cardshows.io/shops/super-games-inc-milton,https://www.supergames.net,guessed supergames.net,medium,Super Games
https://cardshows.io/shops/super-rare-brandon,https://superrare.com,guessed superrare.com,medium,SuperRare | Digital and Physical Art Marketplace
https://cardshows.io/shops/superfan-cards-and-collectibles-jonesboro,,not found,,
https://cardshows.io/shops/superfractorhits-canton,,not found,,
https://cardshows.io/shops/superior-sports-investments-llc-arlington,https://superiorsportsinvestments.com,guessed superiorsportsinvestments.com,high,SUPERIORSPORTSINVESTMENTS.COM
https://cardshows.io/shops/superko-cards-west-valley-city,https://superkocards.com,guessed superkocards.com,medium,SuperKo Cards
https://cardshows.io/shops/superscript-comics-and-games-lakewood,,not found,,
https://cardshows.io/shops/superstar-card-gaming-baltimore,,not found,,
https://cardshows.io/shops/superstar-sports-tallahassee,,not found,,
https://cardshows.io/shops/supreme-card-shop-la-mesa,https://www.supremecardshop.com,guessed supremecardshop.com,medium,Home – Supremecardshop
https://cardshows.io/shops/supreme-cards-and-comics-hialeah,https://supremecardsandcomics.com,guessed supremecardsandcomics.com,medium,SUPREME CARDS AND COMICS | SupremeCardsandComics
https://cardshows.io/shops/sussysnags-meridian,,not found,,
https://cardshows.io/shops/sustenance-comics-and-collectibles-murfreesboro,,not found,,
https://cardshows.io/shops/sweet-lous-baseball-cards-millington,,not found,,
https://cardshows.io/shops/sword-and-tower-games-fayetteville,,not found,,
https://cardshows.io/shops/sword-in-the-stone-tabletop-games-wilkes-barre-township,,not found,,
https://cardshows.io/shops/sylvan-factory-ann-arbor,https://sylvanfactory.com,guessed sylvanfactory.com,high,"The friendliest place for card, tabletop and board games!"
https://cardshows.io/shops/symbiote-collectibles-west-reading,https://www.symbiotecollectibles.com,guessed symbiotecollectibles.com,high,Symbiote Collectibles - Home
https://cardshows.io/shops/symphony-games-north-royalton,https://www.symphonygames.net,guessed symphonygames.net,medium,Symphony Games – Welcome
https://cardshows.io/shops/t-and-r-sportscards-gaming-and-more-cheyenne,,not found,,
https://cardshows.io/shops/t-j-cards-collectibles-tulsa,,not found,,
https://cardshows.io/shops/ta-collectables-rancho-cucamonga,,not found,,
https://cardshows.io/shops/table-salt-games-irvine,,not found,,
https://cardshows.io/shops/table-top-tournaments-crystal,,not found,,
https://cardshows.io/shops/tabletop-game-shop-batavia,,not found,,
https://cardshows.io/shops/tabletop-gaming-center-newington,https://www.tabletopgamingcenter.com,guessed tabletopgamingcenter.com,high,Tabletop Gaming Center
https://cardshows.io/shops/tabletop-heaven-ewing-township,https://tabletopheaven.com,guessed tabletopheaven.com,medium,Tabletop Heaven | Tabletop Heaven
https://cardshows.io/shops/tabletop-masters-mt-carmel,,not found,,
https://cardshows.io/shops/tabletop-village-seattle,https://tabletopvillage.com,guessed tabletopvillage.com,high,Tabletop Village is a Pokémon Training Gym and Collectibles Store – Tabletop Village LLC
https://cardshows.io/shops/taco-cards-nesbit,,not found,,
https://cardshows.io/shops/tacoma-games-tacoma,https://tacoma-games.com,guessed tacoma-games.com,high,Tacoma Games
https://cardshows.io/shops/tacoma-sportscards-tacoma,https://www.tacomasportscards.com,guessed tacomasportscards.com,high,Home | Tacomasportscards
https://cardshows.io/shops/tacticians-chicago,https://tacticians.com,guessed tacticians.com,medium,Discover the Best Trading Cards for Every Hobbyist
https://cardshows.io/shops/taitan-game-shop-coraopolis-coraopolis,https://www.taitangameshop.com,guessed taitangameshop.com,medium,Taitan Game Shop (Coraopolis)
https://cardshows.io/shops/take-a-chance-tabletop-waterbury,,not found,,
https://cardshows.io/shops/tales-terrors-georgetown-georgetown,,not found,,
https://cardshows.io/shops/tallahassee-sports-cards-tallahassee,https://tallahasseesportscards.com,guessed tallahasseesportscards.com,high,Tallahassee Sports Cards
https://cardshows.io/shops/tamarin-gate-collectibles-mckinney,,not found,,
https://cardshows.io/shops/tampa-card-shop-lake-magdalene,,not found,,
https://cardshows.io/shops/tampa-sports-cards-hobby-shop-odessa,,not found,,
https://cardshows.io/shops/tandtresources-tucson,,not found,,
https://cardshows.io/shops/tanuki-games-austin,,not found,,
https://cardshows.io/shops/tanukis-trading-post-lansing,,not found,,
https://cardshows.io/shops/tapstart-games-westminster,https://www.tapstartgames.com,guessed tapstartgames.com,high,TapStart Games
https://cardshows.io/shops/tara-angels-magic-tallahassee,,not found,,
https://cardshows.io/shops/tarver-cards-benton,https://tarvercards.com,guessed tarvercards.com,medium,tarvercards | Join Sports Card Enthusiasts Today
https://cardshows.io/shops/tates-gaming-satellite-lauderhill,https://tatesgaming.com,guessed tatesgaming.com,medium,Tate's Gaming Satellite
https://cardshows.io/shops/tavern-of-souls-gaming-albuquerque,https://tavern-of-souls-gaming-llc.square.site,guessed tavernofsoulsgaming.com,high,Albuquerque TCG | Tavern of Souls Gaming LLC
https://cardshows.io/shops/tb-trading-cards-bridgeport,,not found,,
https://cardshows.io/shops/tc-sports-n-treasure-finds-located-online-or-inside-paramount-marketplace-tc-spo,,not found,,
https://cardshows.io/shops/tc-trading-cards-minneapolis,https://tctradingcards.com,guessed tctradingcards.com,medium,Home - tctradingcards.com
https://cardshows.io/shops/tcg-bunker-largo,,not found,,
https://cardshows.io/shops/tcg-cards-los-angeles,,not found,,
https://cardshows.io/shops/tcg-collectibles-oldsmar,,not found,,
https://cardshows.io/shops/tcg-empire-game-center-corbin,,not found,,
https://cardshows.io/shops/tcg-exchange-btc-san-antonio,,not found,,
https://cardshows.io/shops/tcg-exchange-san-antonio,,not found,,
https://cardshows.io/shops/tcg-family-belton,https://tcg-family.com,guessed tcg-family.com,medium,TCG-FAMILY – TcgFamily
https://cardshows.io/shops/tcg-gaming-machine-cooper-market-kalamazoo,,not found,,
https://cardshows.io/shops/tcg-hawaii-llc-hilo,,not found,,
https://cardshows.io/shops/tcg-house-of-cards-worcester,,not found,,
https://cardshows.io/shops/tcg-planet-llc-perry,https://www.tcgplanet.com,guessed tcgplanet.com,medium,Toys Collectibles and Games | TCG Planet LLC
https://cardshows.io/shops/tcg-tavern-mission-viejo,https://tcg-tavern.com,guessed tcg-tavern.com,high,"TCG Tavern | Trading Card Store in Mission Viejo, CA"
https://cardshows.io/shops/tcg-tower-lowell,https://tcgtower.com,guessed tcgtower.com,medium,TCG Tower - Online Trading Card Store
https://cardshows.io/shops/tcg-village-chantilly,https://tcgvillage.com,guessed tcgvillage.com,high,TCG Village
https://cardshows.io/shops/tcg-worldwide-rancho-cucamonga,,not found,,
https://cardshows.io/shops/tcgduckhunter-lyndhurst,https://www.tcgduckhunter.com,guessed tcgduckhunter.com,high,TCGDUCKHUNTER | Card Shop In Lyndhurst
https://cardshows.io/shops/tcglegit-east-amherst,https://www.tcglegit.com,guessed tcglegit.com,medium,TCGLegit | Affordable Trading Card Game Store Online & in Buffalo NY
https://cardshows.io/shops/tcgport-hillsboro,,not found,,
https://cardshows.io/shops/tcgview-com-corpus-christi,,not found,,
https://cardshows.io/shops/tci-sports-fan-dayton,,not found,,
https://cardshows.io/shops/tcs-rockets-comics-toys-san-diego,,not found,,
https://cardshows.io/shops/team-rs-hideout-cape-coral,,not found,,
https://cardshows.io/shops/teammates-carmichael,,not found,,
https://cardshows.io/shops/teammates-sports-cards-and-collectibles-modesto,,not found,,
https://cardshows.io/shops/techtcg-surprise,,not found,,
https://cardshows.io/shops/tectonic-comics-games-aberdeen,,not found,,
https://cardshows.io/shops/tedspokepawn-cincinnati,https://www.tedspokepawn.com,guessed tedspokepawn.com,medium,Tedspokepawn | Pokemon
https://cardshows.io/shops/tempest-games-llc-cedar-rapids,http://tempestgames.net/wordpress,guessed tempestgames.net,high,Tempest Games | Eastern Iowa's premier game store
https://cardshows.io/shops/ten-damage-short-collectibles-yuma,,not found,,
https://cardshows.io/shops/ten10collectables-pueblo,,not found,,
https://cardshows.io/shops/terracrux-games-tacoma,https://terracruxgames.com,guessed terracruxgames.com,high,TERRACRUX GAMES - THE ANALOG SOLUTION TO YOUR DIGITAL WORLD
https://cardshows.io/shops/territorytcg-hopkinsville,,not found,,
https://cardshows.io/shops/tetawix-llc-newark,,not found,,
https://cardshows.io/shops/texas-republic-sports-emporium-san-antonio,,not found,,
https://cardshows.io/shops/texas-roadshow-mansfield,,not found,,
https://cardshows.io/shops/texas-sports-cards-memorabilia-argyle,,not found,,
https://cardshows.io/shops/thanks-for-playing-martinsburg,https://thanksforplaying.com,guessed thanksforplaying.com,medium,Thanks For Playing - Home
https://cardshows.io/shops/that-daily-pack-janesville,,not found,,
https://cardshows.io/shops/that-legendary-play-franklin,https://thatlegendaryplay.com,guessed thatlegendaryplay.com,medium,That Legendary Play - Remember your Favorite Sports Plays
https://cardshows.io/shops/that-little-card-shop-great,,not found,,
https://cardshows.io/shops/the-8th-side-lincoln-park,https://the8thside.com,guessed the8thside.com,high,Home - The 8th Side
https://cardshows.io/shops/the-adventure-stadium-conroe,https://adventure.com,guessed adventure.com,medium,Adventure.com | Travel Media Website of the Year 2024
https://cardshows.io/shops/the-adventurers-academy-york,https://theadventurersacademy.com,guessed theadventurersacademy.com,high,The Adventurers' Academy - York's Friendly Tabletop Game Store
https://cardshows.io/shops/the-armoury-wargames-and-hobbies-fairhaven,,not found,,
https://cardshows.io/shops/the-art-of-sports-leawood,https://artofsports.com,guessed artofsports.com,medium,Home - Art of Sports
https://cardshows.io/shops/the-awesome-card-shop-las-vegas,https://theawesomecardshop.com,guessed theawesomecardshop.com,high,"Sports Cards, Pokémon, Hobby Boxes & More | The Awesome Card Shop"
https://cardshows.io/shops/the-awesome-couple-llc-lynn,,not found,,
https://cardshows.io/shops/the-backstop-toms-river,https://thebackstop.net,guessed thebackstop.net,high,"Sports Cards, Collectibles and Memorabilia Toms River NJ"
https://cardshows.io/shops/the-ballpark-apple-valley,,not found,,
https://cardshows.io/shops/the-banish-zone-wernersville,https://thebanishzone.com,guessed thebanishzone.com,high,The Banish Zone
https://cardshows.io/shops/the-baseball-card-king-3-downers-grove,https://shopbck.com,guessed thebaseballcardking.com,medium,The Baseball Card King Online Shop
https://cardshows.io/shops/the-baseball-card-king-plainfield,https://shopbck.com,guessed thebaseballcardking.com,medium,The Baseball Card King Online Shop
https://cardshows.io/shops/the-baseball-card-shop-hermitage,https://www.baseballcardshop.net,guessed baseball-card-shop.com,high,The Baseball Cards Shop Online Store - Baseball Cards and Sports Cards
https://cardshows.io/shops/the-baseball-card-store-inc-midland-park,,not found,,
https://cardshows.io/shops/the-baseball-card-store-overland-park,,not found,,
https://cardshows.io/shops/the-basement-bossier-city,,not found,,
https://cardshows.io/shops/the-bellowing-bard-leesville,,not found,,
https://cardshows.io/shops/the-big-game-llc-amherst,,not found,,
https://cardshows.io/shops/the-board-room-south-charleston,,not found,,
https://cardshows.io/shops/the-bone-yard-sports-cards-memorabilia-boardman,,not found,,
https://cardshows.io/shops/the-booster-box-trading-card-games-virginia-beach,,not found,,
https://cardshows.io/shops/the-bullpen-sports-cards-collectibles-nicholasville,,not found,,
https://cardshows.io/shops/the-bullpen-sports-collectibles-new-york,,not found,,
https://cardshows.io/shops/the-bullpen-toledo,https://www.the-bullpen.com,guessed the-bullpen.com,medium,The Bullpen Sports Collectibles
https://cardshows.io/shops/the-bye-week-cards-and-collectibles-newport-news,,not found,,
https://cardshows.io/shops/the-campus-stop-llc-holt,https://www.campusstop.com,guessed campusstop.com,medium,Campus Stop - College Branding Experts
https://cardshows.io/shops/the-card-blind-janesville,,not found,,
https://cardshows.io/shops/the-card-capital-collingswood,https://www.thecardcapital.com,guessed thecardcapital.com,high,Baseball Cards for Sale | The Card Capital Collingswood
https://cardshows.io/shops/the-card-chop-lamar,https://www.thecardchop.com,guessed thecardchop.com,medium,The Card Chop
https://cardshows.io/shops/the-card-collective-hobby-shop-fort-dodge,,not found,,
https://cardshows.io/shops/the-card-coop-holladay,https://thecardcoop.com,guessed thecardcoop.com,medium,The Card Coop
https://cardshows.io/shops/the-card-craze-duncansville,,not found,,
https://cardshows.io/shops/the-card-district-collectibles-games-owensboro,,not found,,
https://cardshows.io/shops/the-card-exchange-llc-arvada,https://www.cardexchange.com/nl,guessed cardexchange.com,medium,"CardExchange.com: Koop, Verkoop & Ruil Magic the Gathering kaarten"
https://cardshows.io/shops/the-card-farmers-90ten-hobby-pocahontas,,not found,,
https://cardshows.io/shops/the-card-goblin-tcg-bakersfield,,not found,,
https://cardshows.io/shops/the-card-gurus-comics-and-collectibles-pflugerville,,not found,,
https://cardshows.io/shops/the-card-haven-lewisville,https://www.the-card-haven.com,guessed the-card-haven.com,medium,Home | The Card Haven
https://cardshows.io/shops/the-card-house-trading-cards-and-collectibles-arlington,,not found,,
https://cardshows.io/shops/the-card-house-ventura,http://cardhouse.com,guessed cardhouse.com,medium,Cardhouse Unsure Disconnected Disassociated Flailing Systems.
https://cardshows.io/shops/the-card-lounge-sa-san-antonio,https://thecardloungesa.com,guessed thecardloungesa.com,medium,The Card Lounge SA
https://cardshows.io/shops/the-card-nest-kenilworth,,not found,,
https://cardshows.io/shops/the-card-pack-altoona,,not found,,
https://cardshows.io/shops/the-card-shop-armonk-armonk,https://www.thecardshoparmonk.com,guessed thecardshoparmonk.com,high,Sports Cards Pokemon and Sports Autographs & Memorabilia | The Card Shop Armonk
https://cardshows.io/shops/the-card-shop-by-avzen-sports-fort-myers,,not found,,
https://cardshows.io/shops/the-card-shop-machine-evansville,https://www.thecardshopmachine.com,guessed thecardshopmachine.com,high,HOME | The Card Shop
https://cardshows.io/shops/the-card-shop-omaha,https://www.thecardshopomaha.com,guessed thecardshopomaha.com,medium,The Card Shop – Omaha's Largest Selection of Sports Cards
https://cardshows.io/shops/the-card-shop-plattsburgh,https://thecardshopplattsburgh.com,guessed thecardshopplattsburgh.com,medium,"The Card Shop — Sports Cards & TCGs in Plattsburgh, NY"
https://cardshows.io/shops/the-card-shop-waterville,,not found,,
https://cardshows.io/shops/the-card-shoppe-el-cajon,,not found,,
https://cardshows.io/shops/the-card-summit-taylorsville,,not found,,
https://cardshows.io/shops/the-card-vault-owasso,https://cardvaultbytombrady.com,guessed thecardvault.com,medium,"CardVault by Tom Brady: Sports Cards, Pokémon, and More"
https://cardshows.io/shops/the-cardboard-collective-racine,,not found,,
https://cardshows.io/shops/the-cardfather-sports-cards-memorabilia-collectibles-marketplace-lakewood,,not found,,
https://cardshows.io/shops/the-castle-games-bloomington,,not found,,
https://cardshows.io/shops/the-castle-of-cards-oceanside,,not found,,
https://cardshows.io/shops/the-cellar-cape-coral,https://cellar.com,guessed cellar.com,medium,Cellar.com
https://cardshows.io/shops/the-cellar-tabletop-games-comics-bartlett,,not found,,
https://cardshows.io/shops/the-clubhouse-athens-ga-athens,https://theclubhouseathens.com,guessed theclubhouseathens.com,medium,"The Clubhouse Athens - UGA Dog Collar, UGA Boonie Hat, UGA Car Tags – The Clubhouse - Athens"
https://cardshows.io/shops/the-clubhouse-beaverton,,not found,,
https://cardshows.io/shops/the-clubhouse-winterville,,not found,,
https://cardshows.io/shops/the-coffer-cards-collectibles-carson-city,,not found,,
https://cardshows.io/shops/the-coffer-cards-collectibles-sparks,,not found,,
https://cardshows.io/shops/the-coliseum-cards-and-collectibles-mechanic-falls,,not found,,
https://cardshows.io/shops/the-collectives-corner-omaha,https://www.collectivescorner.com,guessed collectivescorner.com,high,"Collective's Corner | Buy, Sell, Trade, Play — Visit Today!"
https://cardshows.io/shops/the-collector-cubby-brooklyn,https://www.thecollector.com,guessed thecollector.com,medium,TheCollector
https://cardshows.io/shops/the-collector-store-llc-st-peters,https://collectorstore.com,guessed collectorstore.com,medium,
https://cardshows.io/shops/the-collectors-cave-staten-island,https://thecollectorscave.com,guessed thecollectorscave.com,high,The Collector's Cave
https://cardshows.io/shops/the-collectors-corner-kennewick,https://the-collectors-corner.com,guessed the-collectors-corner.com,medium,Collectors' Corner
https://cardshows.io/shops/the-collectors-friend-rensselaer,https://thecollectorsfriend.com,guessed thecollectorsfriend.com,medium,Dave's Coins
https://cardshows.io/shops/the-collectors-guild-fan-stand-kiosk-fort-worth,,not found,,
https://cardshows.io/shops/the-collectors-kid-geneva,https://thecollectorskid.com,guessed thecollectorskid.com,medium,Websites | | the-collectors-kid3
https://cardshows.io/shops/the-collectors-ward-oakdale,https://www.collectors.com,guessed collectors.com,medium,Collectors
https://cardshows.io/shops/the-comic-cave-brownsville,,not found,,
https://cardshows.io/shops/the-comic-dimension-greensboro,,not found,,
https://cardshows.io/shops/the-common-collector-corinth,https://commoncollector.com,guessed commoncollector.com,medium,The Common Collector
https://cardshows.io/shops/the-common-room-bloomington,,not found,,
https://cardshows.io/shops/the-compleat-strategist-new-york,https://www.thecompleatstrategist.com,guessed thecompleatstrategist.com,medium,The Compleat Strategist Game Shop for Board Games RPGs Card Games
https://cardshows.io/shops/the-conclave-lakeland,,not found,,
https://cardshows.io/shops/the-coop-cards-and-collectibles-hattiesburg,,not found,,
https://cardshows.io/shops/the-dc-wolfpack-rockford,,not found,,
https://cardshows.io/shops/the-deal-den-aurora,,not found,,
https://cardshows.io/shops/the-deck-depot-trading-card-lounge-colorado-springs,https://www.deckdepottcg.com,guessed thedeckdepottradingcardlounge.com,high,The Deck Depot Trading Card Lounge
https://cardshows.io/shops/the-dojo-little-rock,,not found,,
https://cardshows.io/shops/the-dragons-hoard-murfreesboro,https://thedragonshoard.com,guessed thedragonshoard.com,medium,Thedragonshoard.com
https://cardshows.io/shops/the-drawer-bossier,https://editionsthedrawer.cargo.site,guessed thedrawer.net,medium,thedrawer
https://cardshows.io/shops/the-dredge-kent,https://www.crisafullipumps.com,guessed dredge.net,medium,"Crisafulli Dredges, Pumps, and Portable Power Units."
https://cardshows.io/shops/the-dugout-bridgeport,,not found,,
https://cardshows.io/shops/the-dugout-indianapolis,,not found,,
https://cardshows.io/shops/the-exiled-hive-north-fort-myers,https://theexiledhive.com,guessed theexiledhive.com,high,"The Exiled Hive — Magic, Tabletop & Open Play in North Fort Myers, FL"
https://cardshows.io/shops/the-experience-share-video-games-alameda,,not found,,
https://cardshows.io/shops/the-family-sports-cave-virginia-beach,,not found,,
https://cardshows.io/shops/the-fan-cave-pocatello,https://www.fancave.com,guessed fancave.com,medium,"FanCave.com | Sports Cards, Trading Cards & Collectibles – Fan Cave"
https://cardshows.io/shops/the-fan-stand-cherry-hill-mall-cherry-hill-township,,not found,,
https://cardshows.io/shops/the-fan-stand-greenwood-collectibles-fremont-seattle,,not found,,
https://cardshows.io/shops/the-fan-zone-waite-park,https://thefanzone.com,guessed thefanzone.com,medium,THE FAN ZONE
https://cardshows.io/shops/the-finn-twinz-nashua,https://thefinntwinz.com,guessed thefinntwinz.com,medium,The Finn Twinz
https://cardshows.io/shops/the-flo-go-shop-lakeland,,not found,,
https://cardshows.io/shops/the-g-o-a-t-collectibles-antiques-birmingham,,not found,,
https://cardshows.io/shops/the-game-capital-appleton,https://thegamecapital.com,guessed thegamecapital.com,high,The Game Capital
https://cardshows.io/shops/the-game-cave-nashville,https://game-cave.com,guessed game-cave.com,medium,"Online Slot Reviews, RTP Guides & Game Analysis | Game Cave"
https://cardshows.io/shops/the-game-cave-rochester,https://game-cave.com,guessed game-cave.com,medium,"Online Slot Reviews, RTP Guides & Game Analysis | Game Cave"
https://cardshows.io/shops/the-game-chest-irvine,,not found,,
https://cardshows.io/shops/the-game-chest-long-beach-long-beach,https://thegamechestlongbeach.com/en-us,guessed thegamechestlongbeach.com,high,The Game Chest Long Beach
https://cardshows.io/shops/the-game-haven-pikesville,https://yourgamehaven.com,guessed gamehaven.com,medium,Game Haven Home Page
https://cardshows.io/shops/the-game-haven-riverside,https://www.thegamehaven.com,guessed thegamehaven.com,medium,The Game Haven
https://cardshows.io/shops/the-game-preserve-bloomington,https://www.gamepreserve.com,guessed gamepreserve.com,high,The Game Preserve
https://cardshows.io/shops/the-game-preserve-indianapolis,https://www.gamepreserve.com,guessed gamepreserve.com,medium,The Game Preserve
https://cardshows.io/shops/the-game-shoppe-bellevue,https://thegameshoppe.com,guessed thegameshoppe.com,high,"The Game Shoppe – We work, so you can play!"
https://cardshows.io/shops/the-game-shoppe-omaha,https://thegameshoppe.com,guessed thegameshoppe.com,high,"The Game Shoppe – We work, so you can play!"
https://cardshows.io/shops/the-gamers-armory-cary,https://gamersarmory.com,guessed thegamersarmory.com,high,The Gamers Armory – My WordPress Blog
https://cardshows.io/shops/the-gamers-haven-spokane,https://thegamershaven.net,guessed thegamershaven.net,high,The Gamer's Haven – TheGamersHaven
https://cardshows.io/shops/the-gamers-keep-barberton,,not found,,
https://cardshows.io/shops/the-gamers-nest-longmont,https://www.thegamersnest.com,guessed thegamersnest.com,high,The Gamer's Nest – My Store
https://cardshows.io/shops/the-gaming-cantina-east-lansing,https://www.thegamingcantina.com,guessed thegamingcantina.com,high,Epic Tabletop Games & Accessories at The Gaming Cantina
https://cardshows.io/shops/the-gaming-corner-lindenhurst,https://luckily.com/thegaming.html,guessed thegaming.com,medium,TheGaming - Luckily.com the quality generic domain name specialist.
https://cardshows.io/shops/the-gaming-guild-evansville,https://luckily.com/thegaming.html,guessed thegaming.com,medium,TheGaming - Luckily.com the quality generic domain name specialist.
https://cardshows.io/shops/the-gaming-hoard-broken-arrow,https://www.thegaminghoard.com,guessed thegaminghoard.com,high,The Gaming Hoard
https://cardshows.io/shops/the-gaming-mat-company-cheyenne,https://www.thegamingmatcompany.com,guessed thegamingmatcompany.com,medium,"The Gaming Mat Company - Yugioh, Pokemon, Magic the Gathering TCG Mats"
https://cardshows.io/shops/the-gathering-house-llc-edison,https://www.gathering-house.com,guessed gathering-house.com,medium,Gathering House - Streetwear & Fashion Shopping | Vietnam
https://cardshows.io/shops/the-gb-goat-show-green-bay,,not found,,
https://cardshows.io/shops/the-geek-peek-pokemon-mtg-gundam-op-cleveland,,not found,,
https://cardshows.io/shops/the-geek-realms-fayetteville,https://thegeekrealms.com,guessed thegeekrealms.com,high,The Geek Realms – Talking Nerdy to Northwest Arkansas Since 2003!
https://cardshows.io/shops/the-geek-realms-springdale,https://thegeekrealms.com,guessed thegeekrealms.com,high,The Geek Realms – Talking Nerdy to Northwest Arkansas Since 2003!
https://cardshows.io/shops/the-geek-room-omaha,https://www.geek-room.com,guessed geek-room.com,medium,Geek-Room - Salle d'arcade
https://cardshows.io/shops/the-geekery-shawnee,https://thegeekery.com,guessed thegeekery.com,medium,The Geekery | Kids After-School Programs Salt Lake City - The Geekery
https://cardshows.io/shops/the-geeky-oasis-sherwood,,not found,,
https://cardshows.io/shops/the-goblins-den-san-antonio,https://goblins.com,guessed goblins.com,medium,Goblins | Speak and Draw to Learn Math
https://cardshows.io/shops/the-golden-pack-newport-news,,not found,,
https://cardshows.io/shops/the-graded-mint-cape,,not found,,
https://cardshows.io/shops/the-greater-memphis-magic-arena-memphis,,not found,,
https://cardshows.io/shops/the-green-dragon-fayetteville,https://greendragon.com,guessed greendragon.com,medium,Green Dragon Dispensary | Best Colorado Cannabis Dispensary Locations
https://cardshows.io/shops/the-haunted-game-cafe-fort-collins,https://www.hauntedgamecafe.com,guessed hauntedgamecafe.com,high,The Haunted Game Cafe - A Board Game Cafe in Fort Collins Colorado
https://cardshows.io/shops/the-hidden-lair-mt-zion,https://thehiddenlair.com,guessed thehiddenlair.com,medium,"The Hidden Lair | Tabletop Games, Miniatures, RPGs & CCGs in Decatur,"
https://cardshows.io/shops/the-hideout-cards-and-games-jonesboro,,not found,,
https://cardshows.io/shops/the-hideout-columbia,https://thehideout.com,guessed thehideout.com,medium,Guest Ranch Vacations - Dude Ranch Resort - Wyoming Guest Ranch - The Hideout
https://cardshows.io/shops/the-hobby-box-ann-arbor,https://hobbybox.com,guessed hobbybox.com,medium,"Buy Sports Cards, Hobby Boxes and Memorabilia – HobbyBox"
https://cardshows.io/shops/the-hobby-box-pokemon-and-sports-cards-vending-machine-altamonte-springs,,not found,,
https://cardshows.io/shops/the-hobby-den-evansville,http://thehobbyden.com,guessed thehobbyden.com,medium,The Hobby Den
https://cardshows.io/shops/the-hobby-exchange-round-rock,,not found,,
https://cardshows.io/shops/the-hobby-hideout-san-diego,,not found,,
https://cardshows.io/shops/the-hobby-hub-dothan,,not found,,
https://cardshows.io/shops/the-hobby-source-englewood,https://thehobbysource.com,guessed thehobbysource.com,medium,The Hobby Source - Resource For Remote Control Vehicles & Other Hobbies
https://cardshows.io/shops/the-hobbyist-colony-card-shop-edmond,,not found,,
https://cardshows.io/shops/the-holograil-shop-noble,,not found,,
https://cardshows.io/shops/the-hub-collectibles-retroboom-llc-houston,,not found,,
https://cardshows.io/shops/the-hub-saugus,,not found,,
https://cardshows.io/shops/the-jewels-gift-gallery-davenport,,not found,,
https://cardshows.io/shops/the-kard-shop-new-bedford,https://kardshop.com,guessed kardshop.com,medium,Kard Shop — Shop cards by game & set
https://cardshows.io/shops/the-last-hand-fort-wayne,,not found,,
https://cardshows.io/shops/the-laughing-ogre-columbus,https://laughing.net,guessed laughing.net,medium,"Laughing | Entertainment, Movies, Music, Shows & Events"
https://cardshows.io/shops/the-light-ontario,,not found,,
https://cardshows.io/shops/the-locker-room-78-cohoes,https://thelockerroom78.com,guessed thelockerroom78.com,high,The Locker Room 78
https://cardshows.io/shops/the-loot-box-newburgh,https://lootbox.com,guessed lootbox.com,medium,Lootbox: Open IRL & CS2 Mystery Boxes
https://cardshows.io/shops/the-loot-cave-llc-sioux,https://www.thelootcave.com,guessed thelootcave.com,medium,"The Loot Cave - Trading Cards, Exclusive Collectibles, & More! – The Loot Cave LLC"
https://cardshows.io/shops/the-lost-zone-cards-collectibles-llc-bloomington,,not found,,
https://cardshows.io/shops/the-lyons-den-sports-cards-madison,,not found,,
https://cardshows.io/shops/the-mahjong-corner-bellevue,https://mahjongcorner.com,guessed mahjongcorner.com,high,Mahjong Corner
https://cardshows.io/shops/the-main-event-sports-cards-and-collectibles-ames,,not found,,
https://cardshows.io/shops/the-mana-vault-mke-st-francis,https://manavault.pl,guessed manavault.net,medium,Mana Vault 2.0
https://cardshows.io/shops/the-mecca-of-sports-cards-corona,https://themeccaofsportscards.com,guessed themeccaofsportscards.com,medium,Sports cards | The Mecca Of Sports Cards | Funko sale
https://cardshows.io/shops/the-mecca-of-sports-cards-garden-city,https://themeccaofsportscards.com,guessed themeccaofsportscards.com,medium,Sports cards | The Mecca Of Sports Cards | Funko sale
https://cardshows.io/shops/the-meelypops-shop-gainesville,,not found,,
https://cardshows.io/shops/the-monster-card-shop-queen-creek,https://www.themonstercardshop.com,guessed themonstercardshop.com,medium,"The Monster Card Shop | Arizona's Top Provider of Hobby Boxes, Packs, and Pokemon Cards"
https://cardshows.io/shops/the-mothership-cards-collectibles-roswell,,not found,,
https://cardshows.io/shops/the-mystery-shop-oxnard,,not found,,
https://cardshows.io/shops/the-nerd-merchant-kirkwood,https://thenerdmerchant.com,guessed thenerdmerchant.com,medium,The Nerd Merchant
https://cardshows.io/shops/the-nerd-nook-moreno-valley,,not found,,
https://cardshows.io/shops/the-nerd-place-palmyra,,not found,,
https://cardshows.io/shops/the-nerdy-wolf-provo,,not found,,
https://cardshows.io/shops/the-nexus-collector-market-gainesville,,not found,,
https://cardshows.io/shops/the-oc-dugout-anaheim,https://theocdugout.com,guessed theocdugout.com,high,"The OC Dugout – Celebrity Signings, Appearances and Memorabilia"
https://cardshows.io/shops/the-oracle-aberdeen,,not found,,
https://cardshows.io/shops/the-orcs-lair-youngtown,https://theorcslair.com,guessed theorcslair.com,high,Home | The Orc's Lair
https://cardshows.io/shops/the-pack-rack-farmington,https://thepackrack.com,guessed thepackrack.com,medium,thepackrack
https://cardshows.io/shops/the-peoples-card-shop-las-vegas,https://thepeoplescardshop.com,guessed thepeoplescardshop.com,high,The People's Card Shop | Las Vegas Card Shop & Tournaments
https://cardshows.io/shops/the-plug-sports-cards-port-st-lucie,,not found,,
https://cardshows.io/shops/the-plug-trading-cards-collectibles-blue-springs,,not found,,
https://cardshows.io/shops/the-poke-plug-akron,https://pokemonplug.com,guessed poke-plug.com,medium,Pokemon Plug Official Web Store
https://cardshows.io/shops/the-pokeshop-buy-sell-trade-wauwatosa,,not found,,
https://cardshows.io/shops/the-poketable-stockton,https://thepoketable.com,guessed thepoketable.com,medium,Home - The Poketable
https://cardshows.io/shops/the-polka-dot-press-tallahassee,https://www.thepolkadotpress.com,guessed thepolkadotpress.com,high,The Polka Dot Press
https://cardshows.io/shops/the-pug-pigeon-forge,,not found,,
https://cardshows.io/shops/the-queens-realm-roy,https://thequeensrealm.com,guessed thequeensrealm.com,high,"The Queen's Realm | Games, Hobbies, Explore"
https://cardshows.io/shops/the-redzone-chandler,https://estellinehs.wixsite.com/website,guessed theredzone.net,medium,Home | The Red Zone | Estelline HS
https://cardshows.io/shops/the-retro-attic-akron-akron,,not found,,
https://cardshows.io/shops/the-retro-handheld-bakersfield,,not found,,
https://cardshows.io/shops/the-rip-station-denver,https://theripstation.com,guessed theripstation.com,medium,Rip Station
https://cardshows.io/shops/the-rogue-games-baton-rouge,https://rogueco.com,guessed roguegames.com,medium,Rogue Games Inc | Independent Video Game Publisher
https://cardshows.io/shops/the-rookie-clive,https://therookie.com,guessed therookie.com,medium,The Rookie – Hose Management Solutions
https://cardshows.io/shops/the-rummagers-harrisburg,,not found,,
https://cardshows.io/shops/the-sages-shoppe-west-lafayette,https://www.thesagesshoppe.com,guessed thesagesshoppe.com,high,The Sage's Shoppe
https://cardshows.io/shops/the-sandlot-sports-cards-and-memorabilia-glen-ellyn,,not found,,
https://cardshows.io/shops/the-saucy-sloth-st,,not found,,
https://cardshows.io/shops/the-shop-by-mobros-manchester,,not found,,
https://cardshows.io/shops/the-shop-game-shop-elyria,,not found,,
https://cardshows.io/shops/the-shoppe-sports-cards-collectibles-colorado-springs,,not found,,
https://cardshows.io/shops/the-side-deck-gaming-cafe-lexington,,not found,,
https://cardshows.io/shops/the-sipp-cards-southaven,,not found,,
https://cardshows.io/shops/the-social-board-fuquay-varina,https://www.salesforce.com/marketing/engagement,guessed social.com,medium,Engagement Marketing Platform. | Salesforce
https://cardshows.io/shops/the-sooner-shop-norman,,not found,,
https://cardshows.io/shops/the-sorcerers-inn-randolph,https://sorcerers.net,guessed sorcerers.net,medium,"Sorcerer's Place - Baldur's Gate 3 FAQ, RPG News, Walkthrough, Guide, Mods, Hacks, Cheats, Icewind Dale, Neverwinter Nig"
https://cardshows.io/shops/the-sport-stash-buchanan,,not found,,
https://cardshows.io/shops/the-sports-card-bros-st-petersburg,,not found,,
https://cardshows.io/shops/the-sports-card-shop-new-buffalo,https://www.instagram.com/_sportscardshop,guessed thesportscardshop.net,medium,The Sports Card Shop (@_sportscardshop) • Instagram photos and videos
https://cardshows.io/shops/the-sports-card-vault-coral-springs,https://thesportscardvault.com,guessed thesportscardvault.com,high,Home - Sports Card Vault
https://cardshows.io/shops/the-sports-card-zone-shorewood,https://thesportscardzone.com,guessed thesportscardzone.com,medium,Top Selling Collectible Cards - Find Yours Today
https://cardshows.io/shops/the-sports-cards-club-bossier,,not found,,
https://cardshows.io/shops/the-sports-connection-butte,https://www.thesports.com,guessed thesports.com,medium,"TheSports - Football API, Best Sports API for Developers"
https://cardshows.io/shops/the-sports-den-north-providence,https://www.thesportsden.net,guessed thesportsden.net,medium,"The Sports Den | Marshfield, WI"
https://cardshows.io/shops/the-sports-kiosk-cottonwood-mall-albuquerque,,not found,,
https://cardshows.io/shops/the-sports-shack-buford,https://www.thesports.com,guessed thesports.com,medium,"TheSports - Football API, Best Sports API for Developers"
https://cardshows.io/shops/the-sports-shaq-minot,https://thesportsshaq.com,guessed thesportsshaq.com,medium,The Sports Shaq
https://cardshows.io/shops/the-sportsroom-beaverton,https://thesportsroom.com,guessed thesportsroom.com,medium,The Sports Room — TheSportsRoom.com | TheSportsRoom.com
https://cardshows.io/shops/the-squabblin-goblin-belmont,https://www.squabblingoblin.com,guessed squabblingoblin.com,high,The Squabblin' Goblin | Home
https://cardshows.io/shops/the-tactical-turtle-portsmouth,https://www.thetacticalturtle.com,guessed thetacticalturtle.com,medium,Home | The Tactical Turtle
https://cardshows.io/shops/the-tenth-inning-hampton,https://thetenthinning.com,guessed thetenthinning.com,medium,
https://cardshows.io/shops/the-terribly-weird-brandon,,not found,,
https://cardshows.io/shops/the-throwback-king-fort-myers,https://thethrowbackking.com,guessed thethrowbackking.com,medium,The Throwback King
https://cardshows.io/shops/the-toy-factory-hillsborough,,not found,,
https://cardshows.io/shops/the-toy-vault-at-warwick-mall-warwick,,not found,,
https://cardshows.io/shops/the-trading-card-club-gilbert,https://www.thetradingcardclub.com,guessed thetradingcardclub.com,high,"Buy, Sell & Trade Sports Cards W/ Live Box & Case Breaks – TheTradingCardClub"
https://cardshows.io/shops/the-trading-card-post-rogue-river,,not found,,
https://cardshows.io/shops/the-trading-post-cards-collectibles-albemarle,,not found,,
https://cardshows.io/shops/the-trainer-pack-granger,https://www.thetrainerpack.com,guessed thetrainerpack.com,high,HOME | The Trainer Pack
https://cardshows.io/shops/the-ultimate-game-master-cheyenne,https://theultimategamemaster.com,guessed theultimategamemaster.com,medium,Ultimate Game Master Screen - Magnetic DM Screens for D&D & TTRPGs – The Ultimate Game Master
https://cardshows.io/shops/the-upkeep-games-ann-arbor-ann-arbor,,not found,,
https://cardshows.io/shops/the-upkeep-games-canton-canton-township,https://www.theupkeepgames.com,guessed theupkeepgames.com,medium,Home | The Upkeep Games - Michigan's Best Friendly Local Game Stores
https://cardshows.io/shops/the-valley-sports-cards-collectibles-herkimer,,not found,,
https://cardshows.io/shops/the-village-geek-manhattan,,not found,,
https://cardshows.io/shops/the-village-geek-mcpherson,,not found,,
https://cardshows.io/shops/the-wall-card-birmingham,,not found,,
https://cardshows.io/shops/the-wandering-dragon-game-puzzle-shoppe-plainfield,,not found,,
https://cardshows.io/shops/the-warehouse-sports-cards-liberty,,not found,,
https://cardshows.io/shops/the-wargamers-guild-bordentown,https://www.thewargamersguild.com,guessed thewargamersguild.com,high,The Wargamers Guild - The Wargamers Guild
https://cardshows.io/shops/the-warp-gate-columbus,https://thewarpgate.net,guessed thewarpgate.net,high,The Warp Gate
https://cardshows.io/shops/the-wasteland-gaming-duluth,https://www.thewastelandgaming.com,guessed thewastelandgaming.com,high,The Wasteland Gaming
https://cardshows.io/shops/the-waterfront-card-shop-new-bedford,,not found,,
https://cardshows.io/shops/the-wizards-duel-brockton,https://thewizardsduel.com,guessed thewizardsduel.com,high,THE WIZARDS DUEL
https://cardshows.io/shops/the-yugioh-outlet-gresham,https://yugioh.com,guessed yugioh.com,medium,Official Yu-Gi-Oh! Site : Watch full length Yu-Gi-Oh! episodes online.
https://cardshows.io/shops/thebearessentialstcg-west-jordan,,not found,,
https://cardshows.io/shops/thecollectorcid-twin-falls,,not found,,
https://cardshows.io/shops/thedungeon-great-falls,,not found,,
https://cardshows.io/shops/thelawnmanfps-high-point,,not found,,
https://cardshows.io/shops/theplatypusparty-pokemon-tcg-card-shop-hagerstown,,not found,,
https://cardshows.io/shops/thepokedexbros-fairbanks,,not found,,
https://cardshows.io/shops/thepokehive-balcones-heights,https://www.thepokehive.com,guessed thepokehive.com,high,ThePokeHive
https://cardshows.io/shops/thepokehive-san-antonio,https://www.thepokehive.com,guessed thepokehive.com,high,ThePokeHive
https://cardshows.io/shops/theres-fun-in-store-janesville,https://www.theresfuninstore.com,guessed theresfuninstore.com,medium,There's Fun In Store
https://cardshows.io/shops/thestockroom-wallington,,not found,,
https://cardshows.io/shops/thieves-guild-gaming-newport,,not found,,
https://cardshows.io/shops/third-coast-games-friendswood,,not found,,
https://cardshows.io/shops/thirdspace-san-antonio,,not found,,
https://cardshows.io/shops/this-n-that-collectibles-show-fresno,,not found,,
https://cardshows.io/shops/this-old-trader-shop-bakersfield,,not found,,
https://cardshows.io/shops/thomas-topp-cards-charleston,,not found,,
https://cardshows.io/shops/thoroughbred-gems-sioux-city,,not found,,
https://cardshows.io/shops/thoroughbred-sports-cards-bardstown,,not found,,
https://cardshows.io/shops/three-guys-sup-st-paul,,not found,,
https://cardshows.io/shops/three-js-sportscards-anaheim,,not found,,
https://cardshows.io/shops/three-kings-entertainment-st-charles,,not found,,
https://cardshows.io/shops/three-point-rva-henrico,https://threepointrva.com,guessed threepointrva.com,high,Sports Cards & Pokémon | Three Point RVA
https://cardshows.io/shops/three-stars-sportcards-llc-little-canada,,not found,,
https://cardshows.io/shops/three-stars-sportscards-bloomington,https://threestarssportscards.com,guessed threestarssportscards.com,high,Welcome to Three Stars Sportscards
https://cardshows.io/shops/three-strikes-sports-cards-hobby-muncie,,not found,,
https://cardshows.io/shops/throne-sports-cards-wilmington,https://thronesportscards.com,guessed thronesportscards.com,medium,"Throne Sports Cards | Live Sports Card Breaks on Whatnot, Fanatics Live & eBay Live"
https://cardshows.io/shops/through-the-decades-hurstbourne-acres,,not found,,
https://cardshows.io/shops/throwback-gamez-oceanside,,not found,,
https://cardshows.io/shops/throwback-goats-savannah,,not found,,
https://cardshows.io/shops/tier-1-cards-games-anchorage,,not found,,
https://cardshows.io/shops/tier-1-games-lafayette,https://tier1games.com,guessed tier1games.com,medium,"Tier 1 Games, Inc."
https://cardshows.io/shops/tier-1-trading-cards-las-vegas,,not found,,
https://cardshows.io/shops/tier-one-games-river-edge,,not found,,
https://cardshows.io/shops/tieronegaming-franklin,,not found,,
https://cardshows.io/shops/tiger-lily-collectables-upland,,not found,,
https://cardshows.io/shops/tiger-team-store-columbia,,not found,,
https://cardshows.io/shops/tiger-traditions-lexington,https://tigertraditions.com,guessed tigertraditions.com,medium,Tiger Traditions
https://cardshows.io/shops/tikis-trading-cards-corpus-christi,,not found,,
https://cardshows.io/shops/tilted-gaming-cerritos,,not found,,
https://cardshows.io/shops/time-and-money-cards-caraway,,not found,,
https://cardshows.io/shops/time-warp-cards-and-comics-cincinnati,,not found,,
https://cardshows.io/shops/time2play-san-antonio,,not found,,
https://cardshows.io/shops/timeless-collectibles-cleveland,,not found,,
https://cardshows.io/shops/tims-baseball-card-shop-chicago,,not found,,
https://cardshows.io/shops/tims-cards-and-collectibles-llc-post-falls,https://timscardsandcollectibles.com,guessed timscardsandcollectibles.com,medium,Tim's Cards & Collectibles
https://cardshows.io/shops/tims-sports-cards-die-cast-new-franken,,not found,,
https://cardshows.io/shops/tiny-goblin-games-martins-ferry,https://shop.tinygoblingames.com,guessed tinygoblingames.com,medium,Tiny Goblin Games: Miniature Wargaming Store
https://cardshows.io/shops/tiny-kingdom-cards-birmingham,,not found,,
https://cardshows.io/shops/titan-cards-and-games-pinellas-park,,not found,,
https://cardshows.io/shops/titan-games-champaign-champaign,https://www.titangames.com,guessed titangames.com,medium,Titan Games - Titan Games
https://cardshows.io/shops/titan-games-decatur-decatur,https://www.titangames.com,guessed titangames.com,medium,Titan Games - Titan Games
https://cardshows.io/shops/titan-games-springfield-springfield,https://www.titangames.com,guessed titangames.com,medium,Titan Games - Titan Games
https://cardshows.io/shops/titanium-cards-llc-st-joseph,,not found,,
https://cardshows.io/shops/title-town-sports-shop-auburn,,not found,,
https://cardshows.io/shops/titletown-sports-cards-marietta-oh-marietta,,not found,,
https://cardshows.io/shops/tito-ricks-garage-cafe-san-diego,,not found,,
https://cardshows.io/shops/tjmcards-cape,,not found,,
https://cardshows.io/shops/tk-collectibles-tktcg-newport-beach,https://tkcollectibles.com,guessed tkcollectibles.com,medium,TK Collectibles
https://cardshows.io/shops/tm-memorabilia-columbia,,not found,,
https://cardshows.io/shops/tnlg-the-next-level-games-madison,,not found,,
https://cardshows.io/shops/tnt-sports-cards-and-hobby-purvis,,not found,,
https://cardshows.io/shops/tnt-sports-cards-and-memorabilia-hamilton-square,,not found,,
https://cardshows.io/shops/tnt-sports-cards-collectables-newark,,not found,,
https://cardshows.io/shops/tnt-sports-cards-portage,,not found,,
https://cardshows.io/shops/to-the-max-tcg-trading-cards-collectables-brooklyn,,not found,,
https://cardshows.io/shops/tofus-trading-san-jose,https://tofustrading.com,guessed tofustrading.com,high,Tofu's Trading
https://cardshows.io/shops/token-edgewater,,not found,,
https://cardshows.io/shops/toledo-game-room-toledo,https://www.toledogameroom.com,guessed toledogameroom.com,high,Toledo Game Room
https://cardshows.io/shops/tombstone-collectibles-miami,https://tombstonecollectibles.com,guessed tombstonecollectibles.com,high,Tombstone Collectibles
https://cardshows.io/shops/toms-sports-collectibles-wolfforth,,not found,,
https://cardshows.io/shops/tonystradesandcollect-gurnee,,not found,,
https://cardshows.io/shops/toouncommon-shop-athens,,not found,,
https://cardshows.io/shops/top-choice-gaming-redlands-redlands,,not found,,
https://cardshows.io/shops/top-cut-cards-cheektowaga,,not found,,
https://cardshows.io/shops/top-deck-cards-games-llc-pleasant-hills,,not found,,
https://cardshows.io/shops/top-deck-games-cherry-hill-township,,not found,,
https://cardshows.io/shops/top-deck-keep-riverside,https://top-deck-keep.shoplightspeed.com,guessed topdeckkeep.com,medium,Top Deck Keep - Top Deck Keep
https://cardshows.io/shops/top-dog-comics-martinez,https://www.topdogcomics.com,guessed topdogcomics.com,high,Comic Books | Top Dog Comics | United States
https://cardshows.io/shops/top-dropz-albany,,not found,,
https://cardshows.io/shops/top-hitas-card-shop-horizon-city,,not found,,
https://cardshows.io/shops/top-issue-sports-cards-and-americana-deerfield,,not found,,
https://cardshows.io/shops/top-level-trades-lafayette,,not found,,
https://cardshows.io/shops/top-pick-cards-garland,,not found,,
https://cardshows.io/shops/top-right-collectibles-carlsbad,,not found,,
https://cardshows.io/shops/top-shelf-sports-cards-elgin-elgin,https://topshelfsportscards.com,guessed topshelfsportscards.com,medium,Top Shelf Sports Cards
https://cardshows.io/shops/top-side-gaming-gardiner,,not found,,
https://cardshows.io/shops/top-table-gaming-avon-lake,,not found,,
https://cardshows.io/shops/top-table-traders-winterville,,not found,,
https://cardshows.io/shops/top-talent-trading-cards-des,,not found,,
https://cardshows.io/shops/top-tier-board-games-hattiesburg,https://toptiergaming.com,guessed toptierboardgames.com,high,Top Tier Board Games
https://cardshows.io/shops/top-tier-tcg-llc-joliet,https://www.toptiertcg.com,guessed toptiertcg.com,medium,"Top Tier TCG | English, Japanese, Korean TCG"
https://cardshows.io/shops/top-tier-tcg-st-petersburg,https://www.toptiertcg.com,guessed toptiertcg.com,medium,"Top Tier TCG | English, Japanese, Korean TCG"
https://cardshows.io/shops/topcard-duluth,https://topcard.net,guessed topcard.net,medium,Top Card – Your Last Business Card
https://cardshows.io/shops/topspot-cards-anaheim,,not found,,
https://cardshows.io/shops/tough-breaks-memorabilia-merrillville,,not found,,
https://cardshows.io/shops/tournament-city-games-frederick,,not found,,
https://cardshows.io/shops/tower-games-bloomington-minneapolis,https://towergames.net,guessed towergames.net,medium,Tower Defense — Strategic Tower Placement Game | Tower Games
https://cardshows.io/shops/tower-of-games-chesapeake,https://www.towerofgames.com,guessed towerofgames.com,high,"Trading Card & Tabletop Gamers: Play, Buy, & Trade Your Favorite Games"
https://cardshows.io/shops/tower-of-games-newport-news,https://www.towerofgames.com,guessed towerofgames.com,high,"Trading Card & Tabletop Gamers: Play, Buy, & Trade Your Favorite Games"
https://cardshows.io/shops/tower-of-games-virginia-beach,https://www.towerofgames.com,guessed towerofgames.com,high,"Trading Card & Tabletop Gamers: Play, Buy, & Trade Your Favorite Games"
https://cardshows.io/shops/toy-hunt-and-collectibles-long-beach,https://toyhuntandcollectibles.com,guessed toyhuntandcollectibles.com,medium,Toy Hunt And Collectibles – Toy Hunt & Collectibles
https://cardshows.io/shops/toy-temple-tucson-tucson,,not found,,
https://cardshows.io/shops/toy-tyme-collectibles-tcg-new-lenox,,not found,,
https://cardshows.io/shops/toy-vault-dartmouth,https://toyvault.com,guessed toyvault.com,medium,Toy Vault
https://cardshows.io/shops/toylynx-honolulu,,not found,,
https://cardshows.io/shops/toys-from-the-attic-somersworth,,not found,,
https://cardshows.io/shops/tpc-collectibles-miami-lakes,,not found,,
https://cardshows.io/shops/tpc-jax-jacksonville,,not found,,
https://cardshows.io/shops/tps-sports-cards-taylor,,not found,,
https://cardshows.io/shops/trade-forum-wonka-emporium-robbinsville-twp,,not found,,
https://cardshows.io/shops/trade-mart-moline,,not found,,
https://cardshows.io/shops/trade-oak-park-oak-park,https://tradeoakpark.com,guessed tradeoakpark.com,high,Trade Oak Park
https://cardshows.io/shops/trade-routes-tulsa,,not found,,
https://cardshows.io/shops/trade-shop-cross-roads,https://www.tradeshop.com,guessed tradeshop.com,high,Trade Shop | Pokémon Cards & TCG Collectibles Nationwide
https://cardshows.io/shops/tradebinder-coral-springs,,not found,,
https://cardshows.io/shops/trademark-cards-collectibles-killeen,,not found,,
https://cardshows.io/shops/trader-dans-tcg-mount-joy,,not found,,
https://cardshows.io/shops/traderz-of-the-lost-ark-broken-arrow,,not found,,
https://cardshows.io/shops/trading-card-attic-sanford,,not found,,
https://cardshows.io/shops/trading-card-buyers-richardson,https://tradingcardbuyers.com,guessed tradingcardbuyers.com,medium,Trading Card Buyers
https://cardshows.io/shops/trading-card-emporium-belle-chasse,,not found,,
https://cardshows.io/shops/trading-card-games-at-tks-las-vegas,,not found,,
https://cardshows.io/shops/trading-card-garage-las-vegas,,not found,,
https://cardshows.io/shops/trading-card-hub-metairie,,not found,,
https://cardshows.io/shops/trading-card-market-manchester,https://tradingcardmarket.com,guessed tradingcardmarket.com,medium,Trading Card Market
https://cardshows.io/shops/trading-card-resources-waipahu,https://www.tradingcardresources.com,guessed tradingcardresources.com,medium,Trading Card Resources
https://cardshows.io/shops/trading-card-world-dallas,https://tradingcardworld.store,guessed tradingcardworld.net,high,Pokemon Cards | Sports Cards | PSA Grading – Trading Card World
https://cardshows.io/shops/trading-cards-lafayette,,not found,,
https://cardshows.io/shops/trading-vaults-paterson,https://www.trading.net,guessed trading.net,medium,
https://cardshows.io/shops/tradingcard-island-tacoma,,not found,,
https://cardshows.io/shops/tradingcardsets-cape,https://tradingcardsets.com,guessed tradingcardsets.com,medium,TradingCardSets.Com | TradingCardSets.Com
https://cardshows.io/shops/trainer-center-hb-huntington-beach,,not found,,
https://cardshows.io/shops/trainer-grind-tcg-modesto,,not found,,
https://cardshows.io/shops/trainer-js-conway,,not found,,
https://cardshows.io/shops/trainer-trove-idaho-falls,,not found,,
https://cardshows.io/shops/trainers-treasure-packs-westminster,https://trainers.net,guessed trainers.net,medium,Trainers.net
https://cardshows.io/shops/trainers-vault-bellevue,https://trainers.net,guessed trainers.net,medium,Trainers.net
https://cardshows.io/shops/trashtalkerz-sports-memorabilia-spartanburg,,not found,,
https://cardshows.io/shops/treasure-chest-collectibles-cedar-rapids,https://treasurechestcollectibles.com,guessed treasurechestcollectibles.com,medium,Treasure Chest Collectibles
https://cardshows.io/shops/treasure-coast-magic-port-st-lucie,,not found,,
https://cardshows.io/shops/treasure-cruise-cards-billings,https://treasurecruisecards.com,guessed treasurecruisecards.com,high,"Treasure Cruise Cards – A treasure trove for all things Magic: The Gathering, Pokémon TCG, One Piece Card Game and more!"
https://cardshows.io/shops/treasure-hunt-games-amarillo,https://treasurehuntgames.com,guessed treasurehuntgames.com,medium,Exciting Treasure Hunt Games and treasure hunts | Treasure Hunt Games
https://cardshows.io/shops/treasure-island-comics-fremont,https://treasureislandcomics.com,guessed treasureislandcomics.com,high,Treasure Island Comics | Comic Books and Related Stuff!
https://cardshows.io/shops/treasure-trading-miami,https://treasuretrading.net,guessed treasuretrading.net,medium,Treasure Trading • Home
https://cardshows.io/shops/treasure-trove-cards-and-collectables-suffolk,,not found,,
https://cardshows.io/shops/treasure-trove-cards-and-collectibles-ketchikan,,not found,,
https://cardshows.io/shops/treasure-trove-collectibles-marketplace-dayton,https://treasuretrovecollectibles.com,guessed treasuretrovecollectibles.com,medium,Treasure Trove Collectibles & Marketplace
https://cardshows.io/shops/treasure-vault-games-mountain-home,,not found,,
https://cardshows.io/shops/treasures-naperville,https://treasuresnaperville.com,guessed treasuresnaperville.com,medium,Treasures - Naperville Toy & Game Store
https://cardshows.io/shops/trejo-trading-post-grand-prairie,,not found,,
https://cardshows.io/shops/tri-cities-gaming-llc-kennewick,,not found,,
https://cardshows.io/shops/tri-state-baseball-cards-dubuque,,not found,,
https://cardshows.io/shops/triangle-area-trading-cards-raleigh,,not found,,
https://cardshows.io/shops/triangle-gaming-los-angeles,,not found,,
https://cardshows.io/shops/trifecta-gaming-allentown,https://trifecta-gaming.com,guessed trifecta-gaming.com,medium,Trifecta Gaming - Trifecta Gaming
https://cardshows.io/shops/trilltcghub-fremont,,not found,,
https://cardshows.io/shops/trinket-station-fort-collins,,not found,,
https://cardshows.io/shops/triple-cards-collectibles-dallas,,not found,,
https://cardshows.io/shops/triple-cards-collectibles-keller,,not found,,
https://cardshows.io/shops/triple-cards-collectibles-plano,,not found,,
https://cardshows.io/shops/triple-cards-collectibles-rowlett,,not found,,
https://cardshows.io/shops/triple-crown-sports-cards-germantown,,not found,,
https://cardshows.io/shops/triple-diamond-sports-cards-collectibles-bensalem,,not found,,
https://cardshows.io/shops/triple-diamond-sports-cards-collectibles-eagan,,not found,,
https://cardshows.io/shops/triple-diamond-sports-cards-collectibles-fargo,,not found,,
https://cardshows.io/shops/triple-i-sportscards-inc-moline,,not found,,
https://cardshows.io/shops/triple-play-sports-cards-sioux-falls,,not found,,
https://cardshows.io/shops/triple-play-sports-cards-westerville,,not found,,
https://cardshows.io/shops/triple-play-vintage-cuyahoga-falls,,not found,,
https://cardshows.io/shops/triple-sss-sports-cards-sterling-heights,https://www.triple-sss-sports-cards.com,guessed triple-sss-sports-cards.com,medium,Triple SSS Sports Cards
https://cardshows.io/shops/trippybudz-ccg-chelsea,,not found,,
https://cardshows.io/shops/tristategotit-wilmington,,not found,,
https://cardshows.io/shops/triumph-tcg-fresno,,not found,,
https://cardshows.io/shops/tronix-repair-games-corpus-christi,,not found,,
https://cardshows.io/shops/trophie-gaming-el-paso,,not found,,
https://cardshows.io/shops/trophiegaming-el-paso,,not found,,
https://cardshows.io/shops/trophy-room-sports-and-collectibles-tacoma,,not found,,
https://cardshows.io/shops/trove-of-collectibles-sunset,https://troveofcollectibles.com,guessed troveofcollectibles.com,high,Trove of Collectibles – Trove of Collectibles
https://cardshows.io/shops/troy-city-trading-fall,,not found,,
https://cardshows.io/shops/true-believers-gaming-collectibles-edison,,not found,,
https://cardshows.io/shops/true-believers-gaming-collectibles-palisades-west-nyack,,not found,,
https://cardshows.io/shops/true-collectible-riverside,,not found,,
https://cardshows.io/shops/true-sports-cards-collectibles-rocklin,,not found,,
https://cardshows.io/shops/trusted-tcg-st-paul,,not found,,
https://cardshows.io/shops/tsj-collectables-birmingham,,not found,,
https://cardshows.io/shops/tsr-sports-cards-collectibles-portsmouth,,not found,,
https://cardshows.io/shops/tsunami-sports-harlingen,,not found,,
https://cardshows.io/shops/tubbys-tcg-la-mesa,,not found,,
https://cardshows.io/shops/tucson-games-and-gadgets-park-place-tucson,,not found,,
https://cardshows.io/shops/tucson-games-and-gadgets-premium-outlets-tucson,,not found,,
https://cardshows.io/shops/tucson-games-and-gadgets-tucson-mall-tucson,,not found,,
https://cardshows.io/shops/tuggyco-sports-bangor,https://tuggycosports.com,guessed tuggycosports.com,medium,"TuggyCo Sports — Sports Cards, Live Breaks & eBay Auctions"
https://cardshows.io/shops/tupelo-sportscards-games-tupelo,,not found,,
https://cardshows.io/shops/turbulent-games-sioux-falls,,not found,,
https://cardshows.io/shops/turn-2-sports-cards-collectibles-erie,,not found,,
https://cardshows.io/shops/tvn-sports-cards-collectibles-fresno,,not found,,
https://cardshows.io/shops/twilight-cards-games-south-windsor,,not found,,
https://cardshows.io/shops/twin-cities-sports-cards-golden-valley,https://twincitiessportscards.com,guessed twincitiessportscards.com,high,Twin Cities Sports Cards® - Vintage & Modern Sports Cards
https://cardshows.io/shops/twin-city-collectibles-bloomington,,not found,,
https://cardshows.io/shops/twin-dragon-games-racine,,not found,,
https://cardshows.io/shops/twisted-cardboard-cabot,,not found,,
https://cardshows.io/shops/two-dudes-cards-greensboro,https://twodudescards.com,guessed twodudescards.com,medium,TwoDudesCardShop – Two Dudes Card Shop
https://cardshows.io/shops/two-lucky-collectibles-fall-river,,not found,,
https://cardshows.io/shops/two-pair-collectibles-easton,https://twopaircollectibles.com,guessed twopaircollectibles.com,high,"TwoPairCollectibles - Pokémon Card Shop & More - Easton, MD"
https://cardshows.io/shops/two-ravens-games-rutland,,not found,,
https://cardshows.io/shops/two-rivers-cards-collectables-and-games-dover,,not found,,
https://cardshows.io/shops/tyches-games-athens,https://tychesgames.com,guessed tychesgames.com,high,Tyche's Games Index
https://cardshows.io/shops/tylers-tcg-page-hilo,,not found,,
https://cardshows.io/shops/ufo-cards-warren,,not found,,
https://cardshows.io/shops/uga-games-columbus,,not found,,
https://cardshows.io/shops/ugs-franklin,,not found,,
https://cardshows.io/shops/uknowwhere2play-upstairs-gaming-center-hialeah,,not found,,
https://cardshows.io/shops/ultimate-authentics-sports-cards-and-memorabilia-eau-claire,,not found,,
https://cardshows.io/shops/ultimate-sports-cards-and-memorabilia-las-vegas,,not found,,
https://cardshows.io/shops/ultimateripz-collectibles-ocean-township,,not found,,
https://cardshows.io/shops/ultimatespicegaming-llc-sacramento,,not found,,
https://cardshows.io/shops/ultra-legend-collections-kennewick,https://ultralegendcollections.com,guessed ultralegendcollections.com,medium,Ultra Legend Collections
https://cardshows.io/shops/unboxed-tcg-sacramento,,not found,,
https://cardshows.io/shops/uncanny-comics-brookings,,not found,,
https://cardshows.io/shops/uncle-bobbys-tcg-llc-port-st-lucie,,not found,,
https://cardshows.io/shops/uncles-games-puzzles-more-spokane,,not found,,
https://cardshows.io/shops/uncles-games-redmond,,not found,,
https://cardshows.io/shops/uncorked-collectibles-rio,,not found,,
https://cardshows.io/shops/undercity-games-eau-claire,https://www.undercity.games,guessed undercitygames.com,high,Undercity Games – Retailer of collectible tabletop games and accessories.
https://cardshows.io/shops/underdark-cards-and-collectibles-harahan,,not found,,
https://cardshows.io/shops/underdog-collectibles-knoxville,,not found,,
https://cardshows.io/shops/underground-case-breaks-hobart,https://undergroundcasebreaks.com,guessed undergroundcasebreaks.com,high,"Sports Cards, Pokémon, TCG & Breaks for Sale | Underground Case Breaks"
https://cardshows.io/shops/underground-collectors-glendale,https://www.instagram.com/undergroundcollectors,guessed undergroundcollectors.com,medium,Underground Collectors (@undergroundcollectors) • Instagram photos and videos
https://cardshows.io/shops/underground-games-copperas-cove,https://www.undergroundgames.com,guessed undergroundgames.com,medium,Buy Trading Card Games in Texas | Underground Games
https://cardshows.io/shops/underground-sports-collective-trenton,,not found,,
https://cardshows.io/shops/underhill-gaming-emmett,,not found,,
https://cardshows.io/shops/underworld-cards-games-raleigh,,not found,,
https://cardshows.io/shops/underworld-tcg-collectibles-roy,,not found,,
https://cardshows.io/shops/unfazzed-sport-cards-west-valley-city,,not found,,
https://cardshows.io/shops/unique-cards-international-el-paso,https://unique-cards.de,guessed unique-cards.com,medium,Unique Cards
https://cardshows.io/shops/unison-games-cafe-hamden,,not found,,
https://cardshows.io/shops/united-collectibles-st-petersburg,,not found,,
https://cardshows.io/shops/universal-comics-north-canton,https://www.universal-comics.com,guessed universal-comics.com,medium,Universal Cómics - Compra online - Todos los cómics del mundo
https://cardshows.io/shops/universal-sports-auctions-bloomington,,not found,,
https://cardshows.io/shops/unleashed-sports-cards-shamokin-dam,https://www.unleashedsportscards.com,guessed unleashedsportscards.com,high,"Unleashed Sports Cards | Buy Pokemon Cards | 3009 North Susquehanna Trail, Shamokin Dam, PA, USA"
https://cardshows.io/shops/unopenedpackman-sports-cards-olathe,,not found,,
https://cardshows.io/shops/unplugged-edmond,https://unplugged.com,guessed unplugged.com,medium,Unplugged | Protecting Organizations from Exposure
https://cardshows.io/shops/unrivaled-sports-co-larchmont,https://unrivaledsports.com,guessed unrivaledsports.com,medium,Unrivaled Sports | Youth Sports Platform & Experiences
https://cardshows.io/shops/unseenchickentcg-hialeah,,not found,,
https://cardshows.io/shops/unsettled-geeks-manchester,https://unsettledgeeks.com,guessed unsettledgeeks.com,high,Unsettled Geeks
https://cardshows.io/shops/unsettled-geeks-westfarms-west-hartford,https://unsettledgeeks.com,guessed unsettledgeeks.com,medium,Unsettled Geeks
https://cardshows.io/shops/untapped-market-springfield,,not found,,
https://cardshows.io/shops/upland-sports-cards-upland,https://uplandsportscards.com,guessed uplandsportscards.com,high,Upland Sports Cards
https://cardshows.io/shops/upper-level-sports-cards-sioux-falls,,not found,,
https://cardshows.io/shops/upscale-trading-cards-evansville,,not found,,
https://cardshows.io/shops/upstate-tcg-spartanburg,https://upstatetcg.com,guessed upstatetcg.com,medium,Upstate TCG
https://cardshows.io/shops/uptown-cards-wrentham,,not found,,
https://cardshows.io/shops/utah-mammoth-team-store-salt-lake-city,,not found,,
https://cardshows.io/shops/utah-premier-sports-cards-memorabilia-midway,,not found,,
https://cardshows.io/shops/utopia-games-and-collectibles-modesto,,not found,,
https://cardshows.io/shops/utopia-toys-and-models-knoxville,https://utopiatoysandmodels.com,guessed utopiatoysandmodels.com,high,Utopia Toys and Models - Knoxville's Collectible Toy Store
https://cardshows.io/shops/valentino-card-shop-charlotte,https://valentinocardshop.com,guessed valentinocardshop.com,high,"Valentino Card Shop | Pokémon, Yu-Gi-Oh!, Magic: The Gathering Cards &"
https://cardshows.io/shops/valley-sports-cards-grain-valley,https://www.valleysportscards.com,guessed valleysportscards.com,medium,"Valley Sports Cards | Cards | 19640 Ventura Boulevard, Tarzana, CA, USA"
https://cardshows.io/shops/valleywide-sports-cards-scottsdale,https://www.vwsportscards.com,guessed valleywidesportscards.com,high,Valleywide Sports Cards
https://cardshows.io/shops/value-sports-card-collector-llc-johnson,,not found,,
https://cardshows.io/shops/vault-35-colorado-springs,https://vault35.com,guessed vault35.com,high,Vault 35 Inc.
https://cardshows.io/shops/vault-509-trading-card-shop-richland,,not found,,
https://cardshows.io/shops/vaulted-buy-sell-trade-apex,,not found,,
https://cardshows.io/shops/vaulted-visionz-carpentersville,,not found,,
https://cardshows.io/shops/vaulted-waterloo,,not found,,
https://cardshows.io/shops/vaultofbryan-bethlehem,,not found,,
https://cardshows.io/shops/vegas-singles-trading-cards-las-vegas,,not found,,
https://cardshows.io/shops/vermont-gaming-academy-south-burlington,https://www.vermontgamingacademy.com,guessed vermontgamingacademy.com,high,Vermont Gaming Academy | Cards | Video Games | Board Games | Role Playing Games
https://cardshows.io/shops/versus-games-san-francisco,https://versusgames.com,guessed versusgames.com,medium,"Landing - ""Versus Games"" Studio"
https://cardshows.io/shops/veteran-owned-gaming-hobby-and-card-shop-campbellsville,,not found,,
https://cardshows.io/shops/vgmx-the-nerd-emporium-columbus,,not found,,
https://cardshows.io/shops/vics-cards-del-city,,not found,,
https://cardshows.io/shops/victory-point-jersey-city,https://victory-point.com,guessed victory-point.com,medium,Customizable Game Tracking App for Friends
https://cardshows.io/shops/victory-road-collectibles-brick-township,,not found,,
https://cardshows.io/shops/victory-road-overland-park,http://www.victoryroad.net,guessed victoryroad.net,medium,Victory Road - Powered by vBulletin
https://cardshows.io/shops/viking-tcg-glendale,,not found,,
https://cardshows.io/shops/village-cards-gifts-cleveland,,not found,,
https://cardshows.io/shops/villains-tcg-miami,https://villainstcg.com,guessed villainstcg.com,high,Villainstcg.com – Villains TCG
https://cardshows.io/shops/vintage-bros-brownsville,https://vintage-bros.com,guessed vintage-bros.com,medium,ヴィンテージTシャツ専門 | VINTAGE BROS(ヴィンテージ ブロズ) メンズ、レディース＆ヴィンテージ
https://cardshows.io/shops/vintage-card-company-boulder,,not found,,
https://cardshows.io/shops/vintage-indy-sports-speedway,https://vintageindysports.com,guessed vintageindysports.com,high,Vintage Indy Sports | Vintage Indy Sports
https://cardshows.io/shops/vintage-sports-memorabilia-norwalk,https://vintagesportsmemorabilia.com,guessed vintagesportsmemorabilia.com,medium,Vintage Sports Memorabilia
https://cardshows.io/shops/viral-card-games-fridley,https://viralcardgames.com,guessed viralcardgames.com,medium,Buy Magic Cards Online - Viral Card Games
https://cardshows.io/shops/visions-cards-and-games-montgomery,,not found,,
https://cardshows.io/shops/volunteer-cards-and-collectibles-springfield,,not found,,
https://cardshows.io/shops/volunteer-sports-cards-shop-red-bank,,not found,,
https://cardshows.io/shops/vortex-cards-games-orange-park,,not found,,
https://cardshows.io/shops/vortex-reborn-waterbury,https://vortex.net,guessed vortex.net,medium,Vortex Tecnologia | Consultoria e Engenharia de Sistemas
https://cardshows.io/shops/vp-vault-knoxville,https://vpvault.net,guessed vpvault.net,medium,VP Vault - Board Game Victory Tracking
https://cardshows.io/shops/vps-sports-cards-coloma,,not found,,
https://cardshows.io/shops/vsm-sports-card-outlet-lancaster,https://www.vsmsportscardoutlet.com,guessed vsmsportscardoutlet.com,high,VSM Sports Card Outlet
https://cardshows.io/shops/wake-forest-sports-cards-wake-forest,,not found,,
https://cardshows.io/shops/walk-on-cards-collectibles-fremont,,not found,,
https://cardshows.io/shops/wall-2-wall-sports-cards-little-falls-township,,not found,,
https://cardshows.io/shops/wallcar-games-glendale,,not found,,
https://cardshows.io/shops/wallys-sports-card-and-collectibles-waukesha,,not found,,
https://cardshows.io/shops/walmart-sports-cards-sumiton,,not found,,
https://cardshows.io/shops/war-room-hobbies-cordova,https://warroomhobbies.com/index.html,guessed warroomhobbies.com,high,Upcoming Events
https://cardshows.io/shops/war-torn-front-manteca,https://www.wartornfront.com,guessed wartornfront.com,high,War Torn Front
https://cardshows.io/shops/warpstorm-games-lounge-greenfield,,not found,,
https://cardshows.io/shops/warren-wizards-beloit,,not found,,
https://cardshows.io/shops/warzone-matrix-cleveland,,not found,,
https://cardshows.io/shops/waterfront-sports-cards-birmingham,,not found,,
https://cardshows.io/shops/watsontcg-cuyahoga-falls,https://watsontcg.com,guessed watsontcg.com,medium,WatsonTCG - Pokemon - MTG - One Piece - Riftbound - Lorcana
https://cardshows.io/shops/waukesha-sportscards-appleton,,not found,,
https://cardshows.io/shops/waukesha-sportscards-brookfield,,not found,,
https://cardshows.io/shops/waukesha-sportscards-waukesha,,not found,,
https://cardshows.io/shops/wavys-sports-cards-essex-junction,https://wavyssportscards.com,guessed wavyssportscards.com,medium,Wavy Sport Cards
https://cardshows.io/shops/wax-ecstatic-fort,https://wax-ecstatic.com,guessed wax-ecstatic.com,medium,Shop - Wax Ecstatic
https://cardshows.io/shops/wax-pax-spokane,,not found,,
https://cardshows.io/shops/waxxed-sports-cards-clearwater,,not found,,
https://cardshows.io/shops/waxxed-sports-cards-coral-gables,,not found,,
https://cardshows.io/shops/waxxed-sports-cards-dallas,,not found,,
https://cardshows.io/shops/waxxed-sports-cards-fort-worth,,not found,,
https://cardshows.io/shops/waxxed-sports-cards-prosper,,not found,,
https://cardshows.io/shops/wayward-city-games-vancouver,https://waywardcitygames.net,guessed waywardcitygames.net,medium,"Wayward City Games - MTG, Pokemon, Flesh and Blood, Digimon TCG & More"
https://cardshows.io/shops/we-buy-pokemon-sports-cards-provo,,not found,,
https://cardshows.io/shops/we-geek-together-provo,https://www.wegeektogether.com,guessed wegeektogether.com,high,"We Geek Together | Games, Cards & Lightsabers in Provo & Sandy, Utah"
https://cardshows.io/shops/we-got-skillz-and-drews-sport-shop-altoona,,not found,,
https://cardshows.io/shops/we-have-issuez-stuart,,not found,,
https://cardshows.io/shops/webbs-cards-collectibles-knoxville,,not found,,
https://cardshows.io/shops/websters-sports-cards-fresno,,not found,,
https://cardshows.io/shops/weeb-master-bellevue,,not found,,
https://cardshows.io/shops/weekend-anime-and-games-westbrook,,not found,,
https://cardshows.io/shops/weekend-wizards-lodi,https://www.weekend.com,guessed weekend.com,medium,Play Games on your TV | Weekend
https://cardshows.io/shops/weevil-cards-collectibles-enterprise,,not found,,
https://cardshows.io/shops/weird-o-comics-and-collectibles-scotia,,not found,,
https://cardshows.io/shops/well-played-glenside,,not found,,
https://cardshows.io/shops/wendys-creative-collections-coins-peoria,,not found,,
https://cardshows.io/shops/west-coast-sports-cards-federal-way,https://www.pristinecomics.com,guessed westcoastsportscards.com,high,Pristine Comics West Coast Sports Cards
https://cardshows.io/shops/west-end-sports-cards-richmond,,not found,,
https://cardshows.io/shops/west-georgia-sportscards-collectibles-douglasville,,not found,,
https://cardshows.io/shops/west-side-trading-cards-evansville,,not found,,
https://cardshows.io/shops/westbrook-sports-classics-scottsdale,https://westbrooksportsclassics.com,guessed westbrooksportsclassics.com,medium,Handcrafted MLB Stadium Replicas | Westbrook Sports Classics
https://cardshows.io/shops/western-new-york-collectibles-inc-tonawanda,,not found,,
https://cardshows.io/shops/westgate-cards-collectibles-peoria-peoria,,not found,,
https://cardshows.io/shops/what-tacoma,,not found,,
https://cardshows.io/shops/whatever-wilmington-wilmington,https://whateverwilmingtonnc.wordpress.com,guessed whateverwilmington.com,high,Whatever Wilmington
https://cardshows.io/shops/whats-on-second-sports-cards-san-mateo,,not found,,
https://cardshows.io/shops/whats-the-delio-miami-gardens,,not found,,
https://cardshows.io/shops/wheelhouse-ardmore,,not found,,
https://cardshows.io/shops/wheelhouse-philadelphia,,not found,,
https://cardshows.io/shops/white-knight-games-hobbies-helena,,not found,,
https://cardshows.io/shops/white-whale-cards-and-collectibles-albany,,not found,,
https://cardshows.io/shops/whos-hobby-house-rapid-city,https://www.whoshobby.com,guessed whoshobby.com,medium,"Home | Who's Hobby House | 715 Main St, Rapid City, SD 57701"
https://cardshows.io/shops/whos-on-first-huntington,,not found,,
https://cardshows.io/shops/whos-on-first-sports-cards-marysville,,not found,,
https://cardshows.io/shops/wicked-cards-and-collectibles-llc-hialeah,,not found,,
https://cardshows.io/shops/wild-things-games-salem,https://linktr.ee/wildthingsgames,guessed wildthingsgames.com,medium,"Welcome to Wild Things Games Official: Instagram, X, Facebook, Twitch | Linktree"
https://cardshows.io/shops/wildebeest-tcg-newton,https://wildebeesttcg.com,guessed wildebeesttcg.com,medium,"Wildebeest TCG | Pokemon Cards, TCGs & Supplies in Boston"
https://cardshows.io/shops/wilks-dugout-jackson,,not found,,
https://cardshows.io/shops/wincity-sports-cards-winchester,https://www.wincitysportscards.com,guessed wincitysportscards.com,high,Home | WinCity Sports Cards
https://cardshows.io/shops/windward-collectibles-kaneohe,,not found,,
https://cardshows.io/shops/windy-city-breakers-llc-trading-cards-collectibles-roselle,,not found,,
https://cardshows.io/shops/windy-city-sports-cards-chicago,https://www.312windycitysportscards.com,guessed windycitysportscards.com,high,Chicago Sports Card Shop & Buyer | Windy City Sports Cards
https://cardshows.io/shops/winners-corner-co-pueblo,https://winners.com,guessed winners.com,medium,Winners – Launching 2026
https://cardshows.io/shops/wisco262cards-kenosha,,not found,,
https://cardshows.io/shops/wiscorips-waukesha,,not found,,
https://cardshows.io/shops/wise-wolf-gaming-carlsbad,,not found,,
https://cardshows.io/shops/wishlist-farmington,https://www.wishlist.com,guessed wishlist.com,medium,WishList: Collect & share WishLists of what you like from any Website
https://cardshows.io/shops/wizards-keep-games-kent,https://www.wizardskeepgames.com,guessed wizardskeepgames.com,high,"Wizard's Keep Games | Building community through the power of games | 20514 108th Avenue Southeast, Kent, WA, USA"
https://cardshows.io/shops/wmass-card-vault-hampden,,not found,,
https://cardshows.io/shops/woburn-sports-card-show-woburn,,not found,,
https://cardshows.io/shops/wolcow-gaming-alpharetta,https://wolcowgaming.com,guessed wolcowgaming.com,high,wolcow gaming-Shop Pokemon cards-English，Japanese，Chinese and more TCG
https://cardshows.io/shops/wollys-world-dalton-gardens,,not found,,
https://cardshows.io/shops/wonder-water-sports-cards-comics-games-clearwater,,not found,,
https://cardshows.io/shops/woodburn-games-cincinnati,,not found,,
https://cardshows.io/shops/world-champion-sports-cards-west-palm-beach,,not found,,
https://cardshows.io/shops/world-champion-trading-cards-flushing,https://www.worldchampionsportscards.org,guessed worldchampiontradingcards.com,high,World Champion Sports Cards
https://cardshows.io/shops/world-champs-sports-cards-lisle,,not found,,
https://cardshows.io/shops/world-class-cards-green-bay,,not found,,
https://cardshows.io/shops/world-of-sports-memorabilia-san-jose,https://www.worldofsportsmemorabilia.com,guessed worldofsportsmemorabilia.com,medium,World of Sports Memorabilia – My Store
https://cardshows.io/shops/world-wide-memorabilia-worcester,https://worldwidememorabilia.com,guessed worldwidememorabilia.com,medium,Worldwide Memorabilia
https://cardshows.io/shops/worlds-greatest-card-shop-westport,https://www.worldsgreatestcardshop.com,guessed worldsgreatestcardshop.com,medium,worlds greatest card shop | trading cards
https://cardshows.io/shops/wsc-sports-greendale-greendale,,not found,,
https://cardshows.io/shops/www-mattsbaseball-com-watervliet,,not found,,
https://cardshows.io/shops/wyldwolf-games-coon-rapids,https://wyldwolfgames.com,guessed wyldwolfgames.com,medium,Home - Wyldwolf Games
https://cardshows.io/shops/wynners-books-gifts-san-francisco,,not found,,
https://cardshows.io/shops/wynning-cards-lincoln,,not found,,
https://cardshows.io/shops/wyverns-wargames-morgantown,,not found,,
https://cardshows.io/shops/wzkd-games-santa-fe,https://wzkdgames.com,guessed wzkdgames.com,high,WZKD Games
https://cardshows.io/shops/xoda-card-shop-lyman,,not found,,
https://cardshows.io/shops/xpstore-flowery-branch,,not found,,
https://cardshows.io/shops/xtreme-collectibles-pocatello,,not found,,
https://cardshows.io/shops/yankee-clipper-house-of-cards-rochester,,not found,,
https://cardshows.io/shops/yanko-collectibles-fort-lauderdale,,not found,,
https://cardshows.io/shops/yellowhammer-cards-gaming-birmingham,,not found,,
https://cardshows.io/shops/yeti-gaming-st-louis,https://www.yetigaming.com,guessed yetigaming.com,medium,Yeti Gaming
https://cardshows.io/shops/yottaquest-cincinnati,https://yottaquest.com,guessed yottaquest.com,high,Yottaquest LLC - Home
https://cardshows.io/shops/you-wanna-smash-lilburn,https://youwannasmash.com,guessed youwannasmash.com,high,"You Wanna Smash? - Anime, Trading Card Games, Manga, Comics – You Wanna Smash"
https://cardshows.io/shops/youngstown-sportscards-youngstown,,not found,,
https://cardshows.io/shops/youngstown-trading-cards-youngstown,,not found,,
https://cardshows.io/shops/yuma-hobby-collectibles-yuma,,not found,,
https://cardshows.io/shops/yuudachi-tcg-arena-irving,https://www.yuudachitcgarena.com,guessed yuudachitcgarena.com,high,Yuudachi TCG Arena
https://cardshows.io/shops/z-sports-collectibles-albany,,not found,,
https://cardshows.io/shops/zapdostradingco-blue-springs,,not found,,
https://cardshows.io/shops/zbs-trading-cards-sports-memorabilia-howard,,not found,,
https://cardshows.io/shops/zcgames-middletown,,not found,,
https://cardshows.io/shops/zeans-hobby-shop-fort-lauderdale,https://zeanshobbyshop.com,guessed zeanshobbyshop.com,high,"Zean's Hobby Shop | Sports Cards, Memorabilia & TCG"
https://cardshows.io/shops/zehttys-benton,https://www.zehttys.com,guessed zehttys.com,high,Zehtty's - Central Arkansas' Premiere Card Shop
https://cardshows.io/shops/zenergy-gamers-goose-creek,,not found,,
https://cardshows.io/shops/zenith-tcg-plano,https://zenithtcg.com,guessed zenithtcg.com,high,Zenith TCG – Zenith TCG
https://cardshows.io/shops/zeus-collectibles-more-ruben-m-torres-brownsville,,not found,,
https://cardshows.io/shops/zgame-kenner,,not found,,
https://cardshows.io/shops/zioras-clubhouse-spokane,https://ziorasclubhouse.com,guessed ziorasclubhouse.com,medium,Ziora's Clubhouse
https://cardshows.io/shops/zombie-planet-albany,https://www.zombie-planet.com,guessed zombie-planet.com,high,Home | zombieplanet
https://cardshows.io/shops/zootown-sports-cards-missoula,,not found,,
https://cardshows.io/shops/zoulrealm-nashville,https://zoulrealm.com,guessed zoulrealm.com,medium,ZoulRealm
